{
"type": "FeatureCollection",
"name": "high_speed_lines",
"crs": { "type": "name", "properties": { "name": "urn:ogc:def:crs:OGC:1.3:CRS84" } },
"features": [
{ "type": "Feature", "properties": { "id": "way/15293838", "@id": "way/15293838", "access": null, "addr:city": null, "addr:state": null, "bridge": null, "bridge:movable": null, "covered": null, "crossing:barrier": null, "electrified": "no", "embankment": null, "fixme": null, "gauge": "1435", "highspeed": null, "layer": null, "length": null, "maxspeed": "20 mph", "name": "BNSF Mykawa Subdivision", "name_1": null, "note": null, "note:old_railway_operator": null, "old_railway_operator": "AT&SF", "operator": "BNSF Railway", "operator:wikidata": "Q267122", "owner": null, "railway": "rail", "railway:atc": null, "railway:freight": null, "railway:ptc": "yes", "railway:ref": null, "railway:track_class": "4", "railway:track_ref": null, "ref": "7501", "reporting_marks": "BNSF", "service": "none", "source": null, "spur": null, "start_date": null, "tiger:cfcc": null, "tiger:county": null, "tiger:name_base": null, "tiger:name_base_1": null, "tiger:name_base_2": null, "tiger:reviewed": null, "tiger:zip_left": null, "tiger:zip_right": null, "tracks": null, "tunnel": null, "usage": "main", "maxspeed_mph": 20.0 }, "geometry": { "type": "LineString", "coordinates": [ [ -95.3264423, 29.6944397 ], [ -95.3263215, 29.69404 ], [ -95.3263135, 29.6940135 ], [ -95.325813, 29.692357 ], [ -95.325512, 29.691382 ], [ -95.325353, 29.690805 ], [ -95.32492, 29.689381 ], [ -95.3243641, 29.6875331 ] ] } },
{ "type": "Feature", "properties": { "id": "way/15295481", "@id": "way/15295481", "access": null, "addr:city": null, "addr:state": null, "bridge": null, "bridge:movable": null, "covered": null, "crossing:barrier": null, "electrified": "no", "embankment": null, "fixme": null, "gauge": "1435", "highspeed": null, "layer": null, "length": null, "maxspeed": "79 mph", "name": "UP Houston Subdivision", "name_1": null, "note": null, "note:old_railway_operator": null, "old_railway_operator": "SP", "operator": "Union Pacific Railroad", "operator:wikidata": "Q725793", "owner": "Union Pacific Railroad", "railway": "rail", "railway:atc": "no", "railway:freight": null, "railway:ptc": "no", "railway:ref": null, "railway:track_class": "5", "railway:track_ref": null, "ref": null, "reporting_marks": "BNSF;UP", "service": "none", "source": "Texas Department of Transportation", "spur": null, "start_date": null, "tiger:cfcc": "B11", "tiger:county": "Harris, TX:Liberty, TX", "tiger:name_base": "Southern Pacific Railroad", "tiger:name_base_1": null, "tiger:name_base_2": null, "tiger:reviewed": null, "tiger:zip_left": null, "tiger:zip_right": null, "tracks": null, "tunnel": null, "usage": "main", "maxspeed_mph": 79.0 }, "geometry": { "type": "LineString", "coordinates": [ [ -94.9970859, 29.9643742 ], [ -94.9943109, 29.9665285 ], [ -94.9896223, 29.9700888 ], [ -94.9870191, 29.9720934 ], [ -94.9861947, 29.972717 ] ] } },
{ "type": "Feature", "properties": { "id": "way/15312720", "@id": "way/15312720", "access": null, "addr:city": null, "addr:state": null, "bridge": null, "bridge:movable": null, "covered": null, "crossing:barrier": null, "electrified": "no", "embankment": null, "fixme": null, "gauge": "1435", "highspeed": null, "layer": null, "length": null, "maxspeed": "20 mph", "name": "BNSF Mykawa Subdivision", "name_1": null, "note": null, "note:old_railway_operator": null, "old_railway_operator": "AT&SF", "operator": "BNSF Railway", "operator:wikidata": "Q267122", "owner": null, "railway": "rail", "railway:atc": null, "railway:freight": null, "railway:ptc": "yes", "railway:ref": null, "railway:track_class": "4", "railway:track_ref": null, "ref": "7501", "reporting_marks": "BNSF", "service": "none", "source": null, "spur": null, "start_date": null, "tiger:cfcc": null, "tiger:county": null, "tiger:name_base": null, "tiger:name_base_1": null, "tiger:name_base_2": null, "tiger:reviewed": null, "tiger:zip_left": null, "tiger:zip_right": null, "tracks": null, "tunnel": null, "usage": "main", "maxspeed_mph": 20.0 }, "geometry": { "type": "LineString", "coordinates": [ [ -95.3243641, 29.6875331 ], [ -95.323718, 29.68531 ], [ -95.32345, 29.684414 ], [ -95.3232908, 29.6838778 ], [ -95.3231925, 29.6835467 ], [ -95.3229164, 29.6826967 ], [ -95.322805, 29.6823094 ], [ -95.321771, 29.6788416 ], [ -95.3215014, 29.6779099 ], [ -95.3214863, 29.6778577 ], [ -95.3214576, 29.6777642 ], [ -95.3214421, 29.6777128 ], [ -95.3209648, 29.6761332 ] ] } },
{ "type": "Feature", "properties": { "id": "way/15344009", "@id": "way/15344009", "access": null, "addr:city": null, "addr:state": null, "bridge": null, "bridge:movable": null, "covered": null, "crossing:barrier": null, "electrified": "no", "embankment": null, "fixme": null, "gauge": "1435", "highspeed": null, "layer": null, "length": null, "maxspeed": "40 mph", "name": "UP Harrisburg Subdivision", "name_1": null, "note": null, "note:old_railway_operator": "GH&SA", "old_railway_operator": "SP", "operator": "Union Pacific Railroad", "operator:wikidata": "Q725793", "owner": null, "railway": "rail", "railway:atc": null, "railway:freight": null, "railway:ptc": "yes", "railway:ref": null, "railway:track_class": "3", "railway:track_ref": null, "ref": null, "reporting_marks": null, "service": "none", "source": "Texas Department of Transportation", "spur": null, "start_date": null, "tiger:cfcc": "B11", "tiger:county": "Harris, TX", "tiger:name_base": "Southern Pacific Railroad", "tiger:name_base_1": null, "tiger:name_base_2": null, "tiger:reviewed": null, "tiger:zip_left": null, "tiger:zip_right": null, "tracks": null, "tunnel": null, "usage": "main", "maxspeed_mph": 40.0 }, "geometry": { "type": "LineString", "coordinates": [ [ -95.3768682, 29.6766961 ], [ -95.3752046, 29.6771962 ], [ -95.3727496, 29.677934 ], [ -95.3710047, 29.6784589 ], [ -95.3709595, 29.6784724 ], [ -95.3673423, 29.6795551 ], [ -95.3672722, 29.6795761 ], [ -95.3668988, 29.6796819 ], [ -95.366841, 29.6796996 ], [ -95.3654364, 29.6801299 ], [ -95.3648362, 29.6803064 ], [ -95.3641605, 29.68051 ], [ -95.3628725, 29.6808931 ], [ -95.3615197, 29.6813063 ], [ -95.3600175, 29.6817573 ], [ -95.3593942, 29.6819392 ], [ -95.3580222, 29.68235 ], [ -95.3559907, 29.6829608 ], [ -95.355861, 29.6829985 ], [ -95.354582, 29.6833801 ], [ -95.3537721, 29.6836274 ], [ -95.3525083, 29.6839984 ], [ -95.3516682, 29.6842548 ], [ -95.3504074, 29.6846319 ], [ -95.3492446, 29.6849833 ], [ -95.3483623, 29.6852502 ], [ -95.3467048, 29.6857419 ], [ -95.3448045, 29.6863135 ], [ -95.3434848, 29.6867026 ], [ -95.3420581, 29.6871415 ], [ -95.3410305, 29.6874483 ], [ -95.3408193, 29.6875063 ], [ -95.3407347, 29.6875337 ], [ -95.340066, 29.68775 ], [ -95.3392423, 29.6880057 ], [ -95.3386948, 29.6882153 ], [ -95.338185, 29.6884265 ], [ -95.3376104, 29.6886904 ], [ -95.3370705, 29.6889543 ], [ -95.3364536, 29.6892876 ], [ -95.3358745, 29.689633 ], [ -95.3352365, 29.6900508 ], [ -95.3346604, 29.6904128 ], [ -95.3334252, 29.691188 ], [ -95.3319502, 29.6921245 ], [ -95.3311871, 29.6926011 ], [ -95.3297814, 29.6934864 ], [ -95.3295082, 29.6936383 ] ] } },
{ "type": "Feature", "properties": { "id": "way/15347205", "@id": "way/15347205", "access": null, "addr:city": null, "addr:state": null, "bridge": null, "bridge:movable": null, "covered": null, "crossing:barrier": null, "electrified": "no", "embankment": null, "fixme": null, "gauge": "1435", "highspeed": null, "layer": null, "length": null, "maxspeed": "79 mph", "name": "UP Houston Subdivision", "name_1": null, "note": null, "note:old_railway_operator": "T&NO", "old_railway_operator": "SP", "operator": "Union Pacific Railroad", "operator:wikidata": "Q725793", "owner": "Union Pacific Railroad", "railway": "rail", "railway:atc": "no", "railway:freight": null, "railway:ptc": "no", "railway:ref": null, "railway:track_class": "5", "railway:track_ref": null, "ref": null, "reporting_marks": "BNSF;UP", "service": "none", "source": "Texas Department of Transportation", "spur": null, "start_date": null, "tiger:cfcc": "A41:B11", "tiger:county": "Harris, TX", "tiger:name_base": "Southern Pacific Railroad", "tiger:name_base_1": "Amtrak Railroad", "tiger:name_base_2": null, "tiger:reviewed": null, "tiger:zip_left": null, "tiger:zip_right": null, "tracks": null, "tunnel": null, "usage": "main", "maxspeed_mph": 79.0 }, "geometry": { "type": "LineString", "coordinates": [ [ -95.0991098, 29.879494 ], [ -95.100978, 29.8790978 ], [ -95.1031434, 29.8786461 ], [ -95.1042128, 29.878378 ], [ -95.104774, 29.8782077 ], [ -95.1053966, 29.8779955 ], [ -95.1065041, 29.8775467 ], [ -95.1113864, 29.8754454 ], [ -95.1115169, 29.8753874 ], [ -95.112362, 29.875022 ], [ -95.1147132, 29.8740133 ], [ -95.1168296, 29.8730992 ], [ -95.1186479, 29.8723154 ], [ -95.1204504, 29.8715395 ], [ -95.1224286, 29.8706807 ], [ -95.1236981, 29.8701457 ], [ -95.1276383, 29.8684479 ], [ -95.1282251, 29.8681951 ], [ -95.1291625, 29.8677789 ], [ -95.1307972, 29.8670865 ], [ -95.1333823, 29.8659651 ] ] } },
{ "type": "Feature", "properties": { "id": "way/15347977", "@id": "way/15347977", "access": null, "addr:city": null, "addr:state": null, "bridge": null, "bridge:movable": null, "covered": null, "crossing:barrier": null, "electrified": "no", "embankment": null, "fixme": null, "gauge": "1435", "highspeed": null, "layer": null, "length": null, "maxspeed": "40 mph", "name": "UP Harrisburg Subdivision", "name_1": null, "note": null, "note:old_railway_operator": "GH&SA", "old_railway_operator": "SP", "operator": "Union Pacific Railroad", "operator:wikidata": "Q725793", "owner": "Union Pacific Railroad", "railway": "rail", "railway:atc": null, "railway:freight": null, "railway:ptc": "yes", "railway:ref": null, "railway:track_class": "3", "railway:track_ref": "2", "ref": null, "reporting_marks": null, "service": "none", "source": "Texas Department of Transportation", "spur": null, "start_date": null, "tiger:cfcc": "B11", "tiger:county": "Harris, TX", "tiger:name_base": "Southern Pacific Railroad", "tiger:name_base_1": null, "tiger:name_base_2": null, "tiger:reviewed": null, "tiger:zip_left": null, "tiger:zip_right": null, "tracks": null, "tunnel": null, "usage": "main", "maxspeed_mph": 40.0 }, "geometry": { "type": "LineString", "coordinates": [ [ -95.450186, 29.6530919 ], [ -95.4497903, 29.6532584 ], [ -95.4494716, 29.6533855 ], [ -95.4486963, 29.6536818 ], [ -95.4485275, 29.6537465 ], [ -95.447991, 29.6539522 ], [ -95.4330788, 29.6597063 ], [ -95.4325338, 29.6599054 ], [ -95.4320852, 29.6600647 ], [ -95.4316131, 29.6602259 ], [ -95.4314997, 29.6602627 ], [ -95.4311542, 29.6603749 ], [ -95.4302727, 29.6606385 ], [ -95.430144, 29.6606776 ], [ -95.4293531, 29.6609177 ], [ -95.4258004, 29.6619876 ], [ -95.418856, 29.6640746 ], [ -95.4187572, 29.6641043 ] ] } },
{ "type": "Feature", "properties": { "id": "way/15426553", "@id": "way/15426553", "access": null, "addr:city": null, "addr:state": null, "bridge": null, "bridge:movable": null, "covered": null, "crossing:barrier": null, "electrified": "no", "embankment": null, "fixme": null, "gauge": "1435", "highspeed": null, "layer": null, "length": null, "maxspeed": "79 mph", "name": "UP Houston Subdivision", "name_1": null, "note": null, "note:old_railway_operator": null, "old_railway_operator": "SP", "operator": "Union Pacific Railroad", "operator:wikidata": "Q725793", "owner": "Union Pacific Railroad", "railway": "rail", "railway:atc": "no", "railway:freight": null, "railway:ptc": "no", "railway:ref": null, "railway:track_class": "5", "railway:track_ref": null, "ref": null, "reporting_marks": "BNSF;UP", "service": "none", "source": "Texas Department of Transportation", "spur": null, "start_date": null, "tiger:cfcc": "B11", "tiger:county": "Harris, TX", "tiger:name_base": "Southern Pacific Railroad", "tiger:name_base_1": "Amtrak Railroad", "tiger:name_base_2": null, "tiger:reviewed": null, "tiger:zip_left": null, "tiger:zip_right": null, "tracks": null, "tunnel": null, "usage": "main", "maxspeed_mph": 79.0 }, "geometry": { "type": "LineString", "coordinates": [ [ -95.0259023, 29.9422924 ], [ -95.0265464, 29.9418009 ], [ -95.0280466, 29.9406556 ], [ -95.0293966, 29.9396154 ], [ -95.0308082, 29.9385455 ], [ -95.0318304, 29.9377704 ], [ -95.0335709, 29.9364272 ], [ -95.0344127, 29.9357856 ], [ -95.0360417, 29.9345411 ], [ -95.0390858, 29.9322075 ], [ -95.041523, 29.930338 ], [ -95.0447087, 29.9278952 ], [ -95.0453237, 29.9274236 ], [ -95.0473031, 29.9259016 ], [ -95.0481517, 29.9252532 ], [ -95.0496237, 29.924127 ], [ -95.0512754, 29.9228552 ], [ -95.0529989, 29.9215338 ], [ -95.0537098, 29.9209896 ], [ -95.0550408, 29.9199726 ], [ -95.0560396, 29.9192059 ], [ -95.0570088, 29.9184642 ], [ -95.0583511, 29.9174381 ], [ -95.0591383, 29.9168329 ], [ -95.0599505, 29.9162072 ], [ -95.0614499, 29.9150583 ], [ -95.0621233, 29.9145464 ], [ -95.0638048, 29.9132608 ], [ -95.0655178, 29.9119504 ], [ -95.0661469, 29.9114661 ], [ -95.0665052, 29.9111928 ], [ -95.0681422, 29.9099311 ], [ -95.0683375, 29.9097811 ], [ -95.0692217, 29.9091042 ], [ -95.0701409, 29.9084035 ], [ -95.071315, 29.9075062 ] ] } },
{ "type": "Feature", "properties": { "id": "way/15429742", "@id": "way/15429742", "access": null, "addr:city": null, "addr:state": null, "bridge": null, "bridge:movable": null, "covered": null, "crossing:barrier": null, "electrified": "no", "embankment": null, "fixme": null, "gauge": "1435", "highspeed": null, "layer": null, "length": null, "maxspeed": "60 mph", "name": "UP Palestine Subdivision", "name_1": null, "note": null, "note:old_railway_operator": null, "old_railway_operator": "MP", "operator": "Union Pacific Railroad", "operator:wikidata": "Q725793", "owner": null, "railway": "rail", "railway:atc": null, "railway:freight": null, "railway:ptc": "yes", "railway:ref": null, "railway:track_class": "4", "railway:track_ref": null, "ref": null, "reporting_marks": null, "service": "none", "source": "Texas Department of Transportation", "spur": null, "start_date": null, "tiger:cfcc": null, "tiger:county": null, "tiger:name_base": null, "tiger:name_base_1": null, "tiger:name_base_2": null, "tiger:reviewed": null, "tiger:zip_left": null, "tiger:zip_right": null, "tracks": null, "tunnel": null, "usage": "main", "maxspeed_mph": 60.0 }, "geometry": { "type": "LineString", "coordinates": [ [ -95.3648354, 29.8705236 ], [ -95.3649515, 29.8709948 ], [ -95.3651787, 29.8719171 ], [ -95.3654788, 29.8731115 ], [ -95.365923, 29.8749204 ], [ -95.366226, 29.8760974 ], [ -95.3663984, 29.8768008 ], [ -95.3665734, 29.8775148 ], [ -95.3669528, 29.8790101 ], [ -95.3675505, 29.8813908 ], [ -95.3683013, 29.88441 ], [ -95.3685379, 29.8853382 ], [ -95.3687766, 29.8862848 ], [ -95.3694763, 29.8891102 ], [ -95.3703029, 29.8923951 ] ] } },
{ "type": "Feature", "properties": { "id": "way/15429880", "@id": "way/15429880", "access": null, "addr:city": null, "addr:state": null, "bridge": null, "bridge:movable": null, "covered": null, "crossing:barrier": null, "electrified": "no", "embankment": null, "fixme": null, "gauge": "1435", "highspeed": null, "layer": null, "length": null, "maxspeed": "60 mph", "name": "UP Beaumont Subdivision", "name_1": null, "note": null, "note:old_railway_operator": null, "old_railway_operator": "MP", "operator": "Union Pacific Railroad", "operator:wikidata": "Q725793", "owner": null, "railway": "rail", "railway:atc": null, "railway:freight": null, "railway:ptc": "yes", "railway:ref": null, "railway:track_class": "4", "railway:track_ref": null, "ref": null, "reporting_marks": null, "service": "none", "source": "Texas Department of Transportation", "spur": null, "start_date": null, "tiger:cfcc": "B11:B13", "tiger:county": "Hardin, TX:Harris, TX:Jefferson, TX:Liberty, TX", "tiger:name_base": "Missouri Pacific Railroad:Railroad:Union Pacific Railroad", "tiger:name_base_1": null, "tiger:name_base_2": null, "tiger:reviewed": null, "tiger:zip_left": null, "tiger:zip_right": null, "tracks": null, "tunnel": null, "usage": "main", "maxspeed_mph": 60.0 }, "geometry": { "type": "LineString", "coordinates": [ [ -95.1170451, 29.9945098 ], [ -95.11669, 29.994653 ], [ -95.115669, 29.995224 ], [ -95.115027, 29.995626 ], [ -95.114076, 29.996282 ], [ -95.113753, 29.996534 ], [ -95.113502, 29.996734 ], [ -95.113479, 29.996754 ], [ -95.112745, 29.997381 ], [ -95.112538, 29.997573 ], [ -95.112291, 29.997835 ], [ -95.111871, 29.998283 ], [ -95.11161, 29.998569 ], [ -95.111321, 29.998905 ], [ -95.111165, 29.9991 ], [ -95.110865, 29.999478 ], [ -95.110641, 29.999765 ], [ -95.11032, 30.0002 ], [ -95.110197, 30.000388 ], [ -95.110174, 30.000423 ], [ -95.110027, 30.000659 ], [ -95.10993, 30.000825 ], [ -95.109788, 30.001072 ], [ -95.109648, 30.001312 ], [ -95.109541, 30.001491 ], [ -95.109411, 30.001734 ], [ -95.109159, 30.002226 ], [ -95.109126, 30.0023 ], [ -95.109099, 30.002362 ], [ -95.109052, 30.002462 ], [ -95.10875, 30.003174 ], [ -95.1082729, 30.0042587 ], [ -95.1078411, 30.0052519 ], [ -95.107545, 30.0059368 ], [ -95.1073773, 30.0063328 ], [ -95.1072097, 30.0067109 ], [ -95.1068244, 30.0075849 ], [ -95.106172, 30.009031 ], [ -95.105935, 30.009572 ], [ -95.105572, 30.010388 ], [ -95.105019, 30.011676 ], [ -95.104803, 30.012138 ], [ -95.104618, 30.012486 ], [ -95.1044236, 30.0128931 ], [ -95.1041668, 30.013339 ], [ -95.103545, 30.014264 ], [ -95.1030324, 30.0149514 ], [ -95.1025972, 30.0154615 ], [ -95.1021406, 30.0159645 ], [ -95.1016055, 30.0165103 ], [ -95.100917, 30.0171488 ], [ -95.1005103, 30.0174842 ], [ -95.1000537, 30.0178623 ], [ -95.0997326, 30.0180656 ], [ -95.099351, 30.018333 ], [ -95.098862, 30.018653 ], [ -95.098663, 30.018775 ], [ -95.098396, 30.018944 ], [ -95.098096, 30.019121 ], [ -95.097511, 30.019428 ], [ -95.097265, 30.019553 ], [ -95.09668, 30.019854 ], [ -95.096463, 30.019954 ], [ -95.096296, 30.020019 ], [ -95.095848, 30.020201 ], [ -95.095501, 30.020346 ], [ -95.095104, 30.020498 ], [ -95.094725, 30.0206544 ], [ -95.0936977, 30.0210504 ], [ -95.0930608, 30.0212846 ], [ -95.0901996, 30.0223681 ], [ -95.0900293, 30.0224372 ], [ -95.0894055, 30.0226713 ], [ -95.0887161, 30.0229347 ], [ -95.0880098, 30.0232022 ], [ -95.0873267, 30.0234573 ], [ -95.0867809, 30.023666 ], [ -95.0862012, 30.0238871 ], [ -95.0849865, 30.024342 ], [ -95.0831494, 30.0250376 ], [ -95.0825828, 30.025248 ], [ -95.0813443, 30.0257171 ], [ -95.0800619, 30.0262005 ], [ -95.0771508, 30.0273006 ], [ -95.0698816, 30.0300517 ], [ -95.0673178, 30.0310199 ], [ -95.0647154, 30.0320081 ], [ -95.0637737, 30.0323612 ], [ -95.0619199, 30.0330584 ], [ -95.0589128, 30.0341972 ], [ -95.0564202, 30.0351398 ], [ -95.0540325, 30.036035 ], [ -95.0505043, 30.0373718 ], [ -95.0487292, 30.0380386 ], [ -95.0480235, 30.0383093 ], [ -95.0468373, 30.0387544 ], [ -95.0308971, 30.0447818 ], [ -95.0218464, 30.0482146 ], [ -95.0186507, 30.0494007 ], [ -95.0166164, 30.0501596 ], [ -95.0124383, 30.0517297 ], [ -95.0021989, 30.0556105 ], [ -94.9926291, 30.0592115 ], [ -94.9759304, 30.0655295 ], [ -94.9528188, 30.0742287 ], [ -94.9248829, 30.0847591 ], [ -94.9230461, 30.0854488 ], [ -94.918491, 30.087167 ], [ -94.9174175, 30.0875636 ], [ -94.9155843, 30.088245 ], [ -94.9144208, 30.0886894 ], [ -94.8859932, 30.099402 ], [ -94.8691869, 30.1057269 ], [ -94.8618647, 30.1084762 ], [ -94.8597949, 30.1091997 ], [ -94.8587961, 30.1095266 ], [ -94.8579797, 30.1097848 ], [ -94.8526359, 30.1115056 ], [ -94.8500251, 30.1123459 ] ] } },
{ "type": "Feature", "properties": { "id": "way/15432638", "@id": "way/15432638", "access": null, "addr:city": null, "addr:state": null, "bridge": null, "bridge:movable": null, "covered": null, "crossing:barrier": null, "electrified": "no", "embankment": null, "fixme": null, "gauge": "1435", "highspeed": null, "layer": null, "length": null, "maxspeed": "60 mph", "name": "UP Beaumont Subdivision", "name_1": null, "note": null, "note:old_railway_operator": null, "old_railway_operator": "MP", "operator": "Union Pacific Railroad", "operator:wikidata": "Q725793", "owner": null, "railway": "rail", "railway:atc": null, "railway:freight": null, "railway:ptc": "yes", "railway:ref": null, "railway:track_class": "4", "railway:track_ref": null, "ref": null, "reporting_marks": null, "service": "none", "source": "Texas Department of Transportation", "spur": null, "start_date": null, "tiger:cfcc": "B11", "tiger:county": "Harris, TX", "tiger:name_base": "Houston Belt and Terminal Ry:Union Pacific Railroad", "tiger:name_base_1": null, "tiger:name_base_2": null, "tiger:reviewed": null, "tiger:zip_left": null, "tiger:zip_right": null, "tracks": null, "tunnel": null, "usage": "main", "maxspeed_mph": 60.0 }, "geometry": { "type": "LineString", "coordinates": [ [ -95.3286005, 29.8200324 ], [ -95.3282558, 29.8200464 ], [ -95.3280739, 29.8200564 ], [ -95.3279014, 29.820069 ], [ -95.3277132, 29.8200834 ], [ -95.3275283, 29.8201019 ], [ -95.327323, 29.820123 ], [ -95.325832, 29.820376 ], [ -95.323778, 29.820839 ], [ -95.3221651, 29.8214346 ], [ -95.3215214, 29.8217092 ], [ -95.3204753, 29.8222025 ], [ -95.3194558, 29.8227795 ], [ -95.3186521, 29.8232789 ], [ -95.3184915, 29.823386 ], [ -95.3184095, 29.823445 ], [ -95.3178179, 29.8238702 ], [ -95.3169913, 29.8245555 ], [ -95.316503, 29.8250014 ], [ -95.315134, 29.826308 ], [ -95.315028, 29.82639 ], [ -95.31385, 29.82763 ], [ -95.3108088, 29.8305331 ], [ -95.310766, 29.830574 ], [ -95.3107224, 29.8306186 ], [ -95.309668, 29.831696 ], [ -95.308782, 29.832489 ], [ -95.30818, 29.83305 ], [ -95.304081, 29.837101 ], [ -95.303271, 29.837871 ], [ -95.30047, 29.840604 ], [ -95.300113, 29.840951 ], [ -95.297019, 29.84396 ], [ -95.295257, 29.845678 ], [ -95.294813, 29.846096 ], [ -95.2936377, 29.84722 ], [ -95.2892696, 29.8514582 ] ] } },
{ "type": "Feature", "properties": { "id": "way/20702254", "@id": "way/20702254", "access": null, "addr:city": null, "addr:state": null, "bridge": null, "bridge:movable": null, "covered": null, "crossing:barrier": null, "electrified": "no", "embankment": null, "fixme": null, "gauge": "1435", "highspeed": null, "layer": null, "length": null, "maxspeed": "55 mph", "name": "BNSF Galveston Subdivision", "name_1": null, "note": null, "note:old_railway_operator": null, "old_railway_operator": "AT&SF", "operator": "BNSF Railway", "operator:wikidata": "Q267122", "owner": null, "railway": "rail", "railway:atc": null, "railway:freight": null, "railway:ptc": "yes", "railway:ref": null, "railway:track_class": "4", "railway:track_ref": null, "ref": "7500", "reporting_marks": "BNSF", "service": "none", "source": null, "spur": null, "start_date": null, "tiger:cfcc": null, "tiger:county": null, "tiger:name_base": null, "tiger:name_base_1": null, "tiger:name_base_2": null, "tiger:reviewed": null, "tiger:zip_left": null, "tiger:zip_right": null, "tracks": null, "tunnel": null, "usage": "main", "maxspeed_mph": 55.0 }, "geometry": { "type": "LineString", "coordinates": [ [ -95.3489376, 29.4610891 ], [ -95.3454718, 29.4598893 ], [ -95.3334839, 29.4557983 ], [ -95.3301746, 29.4546605 ], [ -95.330137, 29.4546472 ], [ -95.3227652, 29.4521453 ], [ -95.3187798, 29.4507865 ], [ -95.299978, 29.4443551 ], [ -95.2745831, 29.4356673 ], [ -95.2706872, 29.4343268 ], [ -95.2644748, 29.4322114 ] ] } },
{ "type": "Feature", "properties": { "id": "way/20865677", "@id": "way/20865677", "access": null, "addr:city": null, "addr:state": null, "bridge": null, "bridge:movable": null, "covered": null, "crossing:barrier": null, "electrified": "no", "embankment": null, "fixme": null, "gauge": "1435", "highspeed": null, "layer": null, "length": null, "maxspeed": "25 mph", "name": "BNSF Galveston Subdivision", "name_1": null, "note": null, "note:old_railway_operator": null, "old_railway_operator": "AT&SF", "operator": "BNSF Railway", "operator:wikidata": "Q267122", "owner": null, "railway": "rail", "railway:atc": null, "railway:freight": null, "railway:ptc": "yes", "railway:ref": null, "railway:track_class": "4", "railway:track_ref": null, "ref": "7500", "reporting_marks": "BNSF", "service": "none", "source": null, "spur": null, "start_date": null, "tiger:cfcc": null, "tiger:county": null, "tiger:name_base": null, "tiger:name_base_1": null, "tiger:name_base_2": null, "tiger:reviewed": null, "tiger:zip_left": null, "tiger:zip_right": null, "tracks": null, "tunnel": null, "usage": "main", "maxspeed_mph": 25.0 }, "geometry": { "type": "LineString", "coordinates": [ [ -95.4643965, 29.5004131 ], [ -95.4654184, 29.5007638 ] ] } },
{ "type": "Feature", "properties": { "id": "way/20904247", "@id": "way/20904247", "access": null, "addr:city": null, "addr:state": null, "bridge": null, "bridge:movable": null, "covered": null, "crossing:barrier": null, "electrified": "no", "embankment": null, "fixme": null, "gauge": "1435", "highspeed": null, "layer": null, "length": null, "maxspeed": "55 mph", "name": "BNSF Galveston Subdivision", "name_1": null, "note": null, "note:old_railway_operator": null, "old_railway_operator": "AT&SF", "operator": "BNSF Railway", "operator:wikidata": "Q267122", "owner": null, "railway": "rail", "railway:atc": null, "railway:freight": null, "railway:ptc": "yes", "railway:ref": null, "railway:track_class": "4", "railway:track_ref": null, "ref": "7500", "reporting_marks": "BNSF", "service": "none", "source": null, "spur": null, "start_date": null, "tiger:cfcc": null, "tiger:county": null, "tiger:name_base": null, "tiger:name_base_1": null, "tiger:name_base_2": null, "tiger:reviewed": null, "tiger:zip_left": null, "tiger:zip_right": null, "tracks": null, "tunnel": null, "usage": "main", "maxspeed_mph": 55.0 }, "geometry": { "type": "LineString", "coordinates": [ [ -95.5047382, 29.5002576 ], [ -95.5415419, 29.499052 ] ] } },
{ "type": "Feature", "properties": { "id": "way/21847638", "@id": "way/21847638", "access": null, "addr:city": null, "addr:state": null, "bridge": null, "bridge:movable": null, "covered": null, "crossing:barrier": null, "electrified": "no", "embankment": null, "fixme": null, "gauge": "1435", "highspeed": null, "layer": null, "length": null, "maxspeed": "60 mph", "name": "UP Palestine Subdivision", "name_1": null, "note": null, "note:old_railway_operator": null, "old_railway_operator": "MP", "operator": "Union Pacific Railroad", "operator:wikidata": "Q725793", "owner": null, "railway": "rail", "railway:atc": null, "railway:freight": null, "railway:ptc": "yes", "railway:ref": null, "railway:track_class": "4", "railway:track_ref": null, "ref": null, "reporting_marks": null, "service": "none", "source": "Texas Department of Transportation", "spur": null, "start_date": null, "tiger:cfcc": "B11:B13", "tiger:county": "Harris, TX:Montgomery, TX:Trinity, TX:Walker, TX", "tiger:name_base": "Union Pacific Railroad", "tiger:name_base_1": null, "tiger:name_base_2": null, "tiger:reviewed": null, "tiger:zip_left": null, "tiger:zip_right": null, "tracks": null, "tunnel": null, "usage": "main", "maxspeed_mph": 60.0 }, "geometry": { "type": "LineString", "coordinates": [ [ -95.416891, 30.0787307 ], [ -95.4172388, 30.0801954 ], [ -95.4172559, 30.0802615 ], [ -95.4173491, 30.0806222 ], [ -95.4181148, 30.0836688 ], [ -95.4185138, 30.0852104 ], [ -95.4185414, 30.0853208 ], [ -95.4192619, 30.0882044 ], [ -95.4193157, 30.0884225 ], [ -95.4199333, 30.0909261 ], [ -95.4221607, 30.0998312 ], [ -95.4226195, 30.1016934 ], [ -95.4229757, 30.1031297 ], [ -95.4233787, 30.1047566 ] ] } },
{ "type": "Feature", "properties": { "id": "way/42722806", "@id": "way/42722806", "access": null, "addr:city": null, "addr:state": null, "bridge": "yes", "bridge:movable": null, "covered": null, "crossing:barrier": null, "electrified": "no", "embankment": null, "fixme": null, "gauge": "1435", "highspeed": null, "layer": "1", "length": null, "maxspeed": "60 mph", "name": "UP Lufkin Subdivision", "name_1": null, "note": null, "note:old_railway_operator": "HE&WT", "old_railway_operator": "SP", "operator": "Union Pacific Railroad", "operator:wikidata": "Q725793", "owner": null, "railway": "rail", "railway:atc": "no", "railway:freight": null, "railway:ptc": "no", "railway:ref": null, "railway:track_class": "4", "railway:track_ref": null, "ref": null, "reporting_marks": null, "service": "none", "source": "Texas Department of Transportation", "spur": null, "start_date": null, "tiger:cfcc": "B11", "tiger:county": "Harris, TX", "tiger:name_base": "Southern Pacific Railroad", "tiger:name_base_1": null, "tiger:name_base_2": null, "tiger:reviewed": null, "tiger:zip_left": null, "tiger:zip_right": null, "tracks": null, "tunnel": null, "usage": "main", "maxspeed_mph": 60.0 }, "geometry": { "type": "LineString", "coordinates": [ [ -95.2551501, 30.0253922 ], [ -95.2541723, 30.0278718 ] ] } },
{ "type": "Feature", "properties": { "id": "way/42853498", "@id": "way/42853498", "access": null, "addr:city": null, "addr:state": null, "bridge": "yes", "bridge:movable": null, "covered": null, "crossing:barrier": null, "electrified": "no", "embankment": null, "fixme": null, "gauge": "1435", "highspeed": null, "layer": "1", "length": null, "maxspeed": "20 mph", "name": "UP Houston West Belt Subdivision", "name_1": null, "note": null, "note:old_railway_operator": null, "old_railway_operator": "MP", "operator": "Union Pacific Railroad", "operator:wikidata": "Q725793", "owner": null, "railway": "rail", "railway:atc": null, "railway:freight": null, "railway:ptc": "yes", "railway:ref": null, "railway:track_class": "2", "railway:track_ref": null, "ref": null, "reporting_marks": null, "service": "none", "source": "Texas Department of Transportation", "spur": null, "start_date": null, "tiger:cfcc": null, "tiger:county": null, "tiger:name_base": null, "tiger:name_base_1": null, "tiger:name_base_2": null, "tiger:reviewed": null, "tiger:zip_left": null, "tiger:zip_right": null, "tracks": null, "tunnel": null, "usage": "main", "maxspeed_mph": 20.0 }, "geometry": { "type": "LineString", "coordinates": [ [ -95.3447293, 29.7689109 ], [ -95.3447538, 29.7701485 ] ] } },
{ "type": "Feature", "properties": { "id": "way/42920433", "@id": "way/42920433", "access": null, "addr:city": null, "addr:state": null, "bridge": "yes", "bridge:movable": null, "covered": null, "crossing:barrier": null, "electrified": "no", "embankment": null, "fixme": null, "gauge": "1435", "highspeed": null, "layer": "1", "length": null, "maxspeed": "79 mph", "name": "UP Houston Subdivision", "name_1": null, "note": null, "note:old_railway_operator": null, "old_railway_operator": "SP", "operator": "Union Pacific Railroad", "operator:wikidata": "Q725793", "owner": "Union Pacific Railroad", "railway": "rail", "railway:atc": null, "railway:freight": null, "railway:ptc": "yes", "railway:ref": null, "railway:track_class": "5", "railway:track_ref": null, "ref": null, "reporting_marks": "BNSF;UP", "service": "none", "source": "Texas Department of Transportation", "spur": null, "start_date": null, "tiger:cfcc": "B11", "tiger:county": "Liberty, TX", "tiger:name_base": "Railroad", "tiger:name_base_1": null, "tiger:name_base_2": null, "tiger:reviewed": null, "tiger:zip_left": null, "tiger:zip_right": null, "tracks": null, "tunnel": null, "usage": "main", "maxspeed_mph": 79.0 }, "geometry": { "type": "LineString", "coordinates": [ [ -94.8164009, 30.0587886 ], [ -94.8213336, 30.0591256 ] ] } },
{ "type": "Feature", "properties": { "id": "way/42922695", "@id": "way/42922695", "access": null, "addr:city": null, "addr:state": null, "bridge": null, "bridge:movable": null, "covered": null, "crossing:barrier": null, "electrified": "no", "embankment": null, "fixme": null, "gauge": "1435", "highspeed": null, "layer": null, "length": null, "maxspeed": null, "name": null, "name_1": null, "note": null, "note:old_railway_operator": "H&TC", "old_railway_operator": "SP", "operator": null, "operator:wikidata": null, "owner": null, "railway": "rail", "railway:atc": null, "railway:freight": null, "railway:ptc": null, "railway:ref": null, "railway:track_class": null, "railway:track_ref": null, "ref": null, "reporting_marks": null, "service": "none", "source": null, "spur": null, "start_date": null, "tiger:cfcc": "B11", "tiger:county": "Harris, TX", "tiger:name_base": "Southern Pacific Railroad", "tiger:name_base_1": null, "tiger:name_base_2": null, "tiger:reviewed": null, "tiger:zip_left": null, "tiger:zip_right": null, "tracks": null, "tunnel": null, "usage": "main", "maxspeed_mph": 0.0 }, "geometry": { "type": "LineString", "coordinates": [ [ -95.4394294, 29.785999 ], [ -95.4392847, 29.7858774 ], [ -95.439181, 29.7857836 ], [ -95.4390514, 29.7856438 ], [ -95.4389332, 29.785496 ], [ -95.4388066, 29.7853236 ], [ -95.4387095, 29.785155 ], [ -95.4386224, 29.7849829 ], [ -95.4385586, 29.7848055 ], [ -95.4384905, 29.7845939 ], [ -95.4384473, 29.7843523 ], [ -95.4384264, 29.7841118 ], [ -95.4384263, 29.7839751 ], [ -95.4384262, 29.783912 ], [ -95.4384477, 29.783715 ], [ -95.4384749, 29.7835658 ], [ -95.438522, 29.7834315 ], [ -95.4385622, 29.7833342 ], [ -95.4388501, 29.7827504 ], [ -95.4392114, 29.7821481 ] ] } },
{ "type": "Feature", "properties": { "id": "way/42923404", "@id": "way/42923404", "access": null, "addr:city": null, "addr:state": null, "bridge": null, "bridge:movable": null, "covered": null, "crossing:barrier": null, "electrified": "no", "embankment": null, "fixme": null, "gauge": "1435", "highspeed": null, "layer": null, "length": null, "maxspeed": "79 mph", "name": "UP Houston Subdivision", "name_1": null, "note": null, "note:old_railway_operator": null, "old_railway_operator": "SP", "operator": "Union Pacific Railroad", "operator:wikidata": "Q725793", "owner": "Union Pacific Railroad", "railway": "rail", "railway:atc": null, "railway:freight": null, "railway:ptc": "yes", "railway:ref": null, "railway:track_class": "5", "railway:track_ref": null, "ref": null, "reporting_marks": "BNSF;UP", "service": "none", "source": "Texas Department of Transportation", "spur": null, "start_date": null, "tiger:cfcc": "B11:B21", "tiger:county": "Jefferson, TX:Liberty, TX", "tiger:name_base": "Railroad:Southern Pacific Railroad", "tiger:name_base_1": null, "tiger:name_base_2": null, "tiger:reviewed": null, "tiger:zip_left": null, "tiger:zip_right": null, "tracks": null, "tunnel": null, "usage": "main", "maxspeed_mph": 79.0 }, "geometry": { "type": "LineString", "coordinates": [ [ -94.4382311, 30.033944 ], [ -94.444409, 30.033081 ], [ -94.4493266, 30.0324049 ], [ -94.4543235, 30.0317143 ], [ -94.4631, 30.0304929 ], [ -94.4724888, 30.0291903 ], [ -94.4779068, 30.0284426 ], [ -94.4792855, 30.0282382 ], [ -94.4858515, 30.0273465 ], [ -94.497546, 30.0257395 ], [ -94.5001102, 30.0253726 ], [ -94.5053136, 30.0246434 ], [ -94.5072155, 30.0243741 ], [ -94.5073468, 30.0243555 ], [ -94.5153022, 30.0232593 ], [ -94.5217288, 30.0223629 ], [ -94.5239014, 30.022061 ], [ -94.5274311, 30.0215594 ], [ -94.5297593, 30.0212946 ], [ -94.5299326, 30.0212847 ], [ -94.531712, 30.0211832 ], [ -94.5323844, 30.0211595 ], [ -94.533622, 30.0211571 ], [ -94.5349469, 30.0211902 ], [ -94.5355894, 30.0212091 ], [ -94.5366096, 30.02128 ], [ -94.5374127, 30.0213508 ], [ -94.5381332, 30.0214386 ], [ -94.5402843, 30.0217452 ], [ -94.5405195, 30.0217826 ], [ -94.5531259, 30.023784 ], [ -94.5537091, 30.0238793 ], [ -94.5540724, 30.0239359 ], [ -94.5569492, 30.0243993 ], [ -94.5611744, 30.0250724 ], [ -94.5689369, 30.0263053 ], [ -94.570411, 30.0265485 ], [ -94.5735646, 30.0270476 ], [ -94.5739078, 30.0271046 ], [ -94.5813376, 30.0282847 ], [ -94.5828515, 30.0285175 ], [ -94.5853958, 30.0289208 ], [ -94.5878452, 30.0293204 ], [ -94.591683, 30.0299215 ], [ -94.5918897, 30.0299524 ], [ -94.592185, 30.0299985 ], [ -94.59476, 30.0304118 ] ] } },
{ "type": "Feature", "properties": { "id": "way/43024198", "@id": "way/43024198", "access": null, "addr:city": null, "addr:state": null, "bridge": "yes", "bridge:movable": null, "covered": null, "crossing:barrier": null, "electrified": "no", "embankment": null, "fixme": null, "gauge": "1435", "highspeed": null, "layer": "1", "length": null, "maxspeed": "20 mph", "name": "UP Houston West Belt Subdivision", "name_1": null, "note": null, "note:old_railway_operator": null, "old_railway_operator": "MP", "operator": "Union Pacific Railroad", "operator:wikidata": "Q725793", "owner": null, "railway": "rail", "railway:atc": null, "railway:freight": null, "railway:ptc": "yes", "railway:ref": null, "railway:track_class": "2", "railway:track_ref": null, "ref": null, "reporting_marks": null, "service": "none", "source": "Texas Department of Transportation", "spur": null, "start_date": null, "tiger:cfcc": null, "tiger:county": null, "tiger:name_base": null, "tiger:name_base_1": null, "tiger:name_base_2": null, "tiger:reviewed": null, "tiger:zip_left": null, "tiger:zip_right": null, "tracks": null, "tunnel": null, "usage": "main", "maxspeed_mph": 20.0 }, "geometry": { "type": "LineString", "coordinates": [ [ -95.3446717, 29.768908 ], [ -95.3446968, 29.770156 ] ] } },
{ "type": "Feature", "properties": { "id": "way/44151902", "@id": "way/44151902", "access": null, "addr:city": null, "addr:state": null, "bridge": null, "bridge:movable": null, "covered": null, "crossing:barrier": null, "electrified": "no", "embankment": null, "fixme": null, "gauge": "1435", "highspeed": null, "layer": null, "length": null, "maxspeed": "20 mph", "name": "Union Pacific Railroad", "name_1": null, "note": null, "note:old_railway_operator": null, "old_railway_operator": "MP", "operator": "Union Pacific Railroad", "operator:wikidata": "Q725793", "owner": null, "railway": "rail", "railway:atc": null, "railway:freight": null, "railway:ptc": "yes", "railway:ref": null, "railway:track_class": "2", "railway:track_ref": null, "ref": null, "reporting_marks": null, "service": "none", "source": "Texas Department of Transportation", "spur": null, "start_date": null, "tiger:cfcc": null, "tiger:county": null, "tiger:name_base": null, "tiger:name_base_1": null, "tiger:name_base_2": null, "tiger:reviewed": null, "tiger:zip_left": null, "tiger:zip_right": null, "tracks": null, "tunnel": null, "usage": "main", "maxspeed_mph": 20.0 }, "geometry": { "type": "LineString", "coordinates": [ [ -95.3448048, 29.7714647 ], [ -95.3448133, 29.7716486 ], [ -95.3448139, 29.7717409 ], [ -95.344811, 29.771893 ], [ -95.3448148, 29.7719922 ], [ -95.3448291, 29.7721803 ], [ -95.3448372, 29.7722712 ], [ -95.3448538, 29.7724297 ], [ -95.3448743, 29.7726786 ], [ -95.3448842, 29.772824 ], [ -95.3448961, 29.7730977 ], [ -95.3449045, 29.7735642 ], [ -95.3449042, 29.7737112 ] ] } },
{ "type": "Feature", "properties": { "id": "way/44365442", "@id": "way/44365442", "access": null, "addr:city": null, "addr:state": null, "bridge": null, "bridge:movable": null, "covered": null, "crossing:barrier": null, "electrified": null, "embankment": null, "fixme": null, "gauge": "1435", "highspeed": null, "layer": null, "length": null, "maxspeed": "20 mph", "name": null, "name_1": null, "note": null, "note:old_railway_operator": null, "old_railway_operator": null, "operator": "Union Pacific Railroad", "operator:wikidata": "Q725793", "owner": null, "railway": "rail", "railway:atc": null, "railway:freight": null, "railway:ptc": "yes", "railway:ref": null, "railway:track_class": null, "railway:track_ref": null, "ref": null, "reporting_marks": null, "service": "none", "source": null, "spur": null, "start_date": null, "tiger:cfcc": null, "tiger:county": null, "tiger:name_base": null, "tiger:name_base_1": null, "tiger:name_base_2": null, "tiger:reviewed": null, "tiger:zip_left": null, "tiger:zip_right": null, "tracks": null, "tunnel": null, "usage": "main", "maxspeed_mph": 20.0 }, "geometry": { "type": "LineString", "coordinates": [ [ -95.2886589, 29.801544 ], [ -95.288663, 29.8013683 ], [ -95.2886744, 29.8012482 ], [ -95.2886881, 29.8011149 ], [ -95.2886939, 29.8010455 ], [ -95.2886964, 29.8009626 ], [ -95.2886953, 29.8007873 ], [ -95.2886911, 29.8006154 ], [ -95.2886968, 29.8004402 ], [ -95.2887052, 29.8002929 ], [ -95.2887224, 29.8001359 ], [ -95.288746, 29.7999879 ], [ -95.2887697, 29.7998964 ], [ -95.288794, 29.7998053 ], [ -95.2888418, 29.7996926 ], [ -95.2888804, 29.7996081 ], [ -95.2889185, 29.7995377 ], [ -95.2889784, 29.7994379 ], [ -95.2890151, 29.7993846 ], [ -95.2890627, 29.7993252 ], [ -95.2891191, 29.799266 ], [ -95.2891702, 29.7992181 ], [ -95.2892401, 29.7991574 ], [ -95.2893093, 29.7991012 ], [ -95.2893599, 29.7990657 ], [ -95.2894105, 29.799034 ], [ -95.2895523, 29.7989578 ], [ -95.2897958, 29.7988459 ] ] } },
{ "type": "Feature", "properties": { "id": "way/44509249", "@id": "way/44509249", "access": null, "addr:city": null, "addr:state": null, "bridge": null, "bridge:movable": null, "covered": null, "crossing:barrier": null, "electrified": "no", "embankment": null, "fixme": null, "gauge": "1435", "highspeed": null, "layer": null, "length": null, "maxspeed": "20 mph", "name": "UP Houston East Belt Subdivision", "name_1": null, "note": null, "note:old_railway_operator": null, "old_railway_operator": "HB&T", "operator": "Union Pacific Railroad", "operator:wikidata": "Q725793", "owner": "HB&T", "railway": "rail", "railway:atc": null, "railway:freight": null, "railway:ptc": "yes", "railway:ref": null, "railway:track_class": "2", "railway:track_ref": null, "ref": null, "reporting_marks": null, "service": "none", "source": "Texas Department of Transportation", "spur": null, "start_date": null, "tiger:cfcc": null, "tiger:county": null, "tiger:name_base": null, "tiger:name_base_1": null, "tiger:name_base_2": null, "tiger:reviewed": null, "tiger:zip_left": null, "tiger:zip_right": null, "tracks": null, "tunnel": null, "usage": "main", "maxspeed_mph": 20.0 }, "geometry": { "type": "LineString", "coordinates": [ [ -95.3023156, 29.7548308 ], [ -95.3021235, 29.7550863 ], [ -95.3019713, 29.7552757 ], [ -95.3018795, 29.7553942 ], [ -95.3017965, 29.7555105 ], [ -95.3016563, 29.7557136 ], [ -95.3014879, 29.7559625 ], [ -95.3010468, 29.7566101 ], [ -95.3004956, 29.75742 ], [ -95.3001976, 29.7578552 ], [ -95.3000563, 29.7580636 ], [ -95.2993327, 29.7591262 ], [ -95.2990183, 29.7595862 ], [ -95.2989773, 29.7596451 ], [ -95.2989555, 29.7596776 ], [ -95.2988577, 29.7598231 ], [ -95.2986533, 29.7601369 ], [ -95.2985759, 29.760261 ], [ -95.2985105, 29.7603742 ], [ -95.2984361, 29.7605183 ], [ -95.2981785, 29.7610078 ], [ -95.2980976, 29.7611632 ], [ -95.2979967, 29.761344 ], [ -95.2979013, 29.7615055 ], [ -95.2978364, 29.7616116 ], [ -95.2977213, 29.7617818 ], [ -95.2976062, 29.7619539 ], [ -95.2961724, 29.7640586 ], [ -95.2944399, 29.7666361 ], [ -95.2933938, 29.7681333 ], [ -95.2914143, 29.7710291 ], [ -95.2913072, 29.7711787 ], [ -95.2911894, 29.771336 ], [ -95.2910706, 29.7714912 ], [ -95.2909478, 29.7716457 ], [ -95.2907511, 29.771882 ], [ -95.2903391, 29.7724031 ], [ -95.2902234, 29.7725596 ], [ -95.2901056, 29.7727175 ], [ -95.290012, 29.7728564 ], [ -95.2895722, 29.7735078 ], [ -95.2894763, 29.7736538 ], [ -95.2893329, 29.7738864 ], [ -95.2889797, 29.7744649 ], [ -95.2888268, 29.7747128 ], [ -95.2887457, 29.7748582 ], [ -95.2886555, 29.7750312 ], [ -95.2885744, 29.7752042 ], [ -95.2885052, 29.7753758 ], [ -95.288463, 29.7754885 ], [ -95.2884033, 29.7756662 ], [ -95.2883781, 29.7757585 ], [ -95.2883559, 29.7758399 ], [ -95.2883395, 29.7759114 ], [ -95.2883108, 29.7760357 ], [ -95.2882866, 29.7761465 ], [ -95.2882727, 29.7762201 ], [ -95.2882568, 29.7763319 ], [ -95.2882471, 29.7764085 ], [ -95.2882357, 29.776519 ], [ -95.2882303, 29.776597 ], [ -95.2882205, 29.7767878 ], [ -95.2882181, 29.7770085 ], [ -95.2882204, 29.77736 ], [ -95.2882197, 29.777547 ], [ -95.2882218, 29.7776496 ] ] } },
{ "type": "Feature", "properties": { "id": "way/44811379", "@id": "way/44811379", "access": null, "addr:city": null, "addr:state": null, "bridge": null, "bridge:movable": null, "covered": null, "crossing:barrier": null, "electrified": "no", "embankment": null, "fixme": null, "gauge": "1435", "highspeed": null, "layer": null, "length": null, "maxspeed": "79 mph", "name": "UP Houston Subdivision", "name_1": null, "note": null, "note:old_railway_operator": "T&NO", "old_railway_operator": "SP", "operator": "Union Pacific Railroad", "operator:wikidata": "Q725793", "owner": "Union Pacific Railroad", "railway": "rail", "railway:atc": "no", "railway:freight": null, "railway:ptc": "no", "railway:ref": null, "railway:track_class": "5", "railway:track_ref": null, "ref": null, "reporting_marks": "BNSF;UP", "service": "none", "source": "Texas Department of Transportation", "spur": null, "start_date": null, "tiger:cfcc": null, "tiger:county": null, "tiger:name_base": null, "tiger:name_base_1": null, "tiger:name_base_2": null, "tiger:reviewed": null, "tiger:zip_left": null, "tiger:zip_right": null, "tracks": null, "tunnel": null, "usage": "main", "maxspeed_mph": 79.0 }, "geometry": { "type": "LineString", "coordinates": [ [ -95.2308564, 29.8240906 ], [ -95.231495, 29.8238436 ], [ -95.2318096, 29.8237292 ], [ -95.2321235, 29.8236081 ], [ -95.235524, 29.822144 ], [ -95.2406798, 29.8199202 ], [ -95.2415115, 29.8195732 ], [ -95.2438868, 29.8185558 ], [ -95.2444641, 29.8183072 ], [ -95.244993, 29.8180811 ], [ -95.2470819, 29.8171828 ], [ -95.2498548, 29.8159931 ], [ -95.2519142, 29.81512 ], [ -95.2527417, 29.8147577 ], [ -95.2539569, 29.8142338 ], [ -95.2558421, 29.8134413 ], [ -95.2614898, 29.8109987 ] ] } },
{ "type": "Feature", "properties": { "id": "way/44840329", "@id": "way/44840329", "access": null, "addr:city": null, "addr:state": null, "bridge": null, "bridge:movable": null, "covered": null, "crossing:barrier": null, "electrified": "no", "embankment": null, "fixme": null, "gauge": "1435", "highspeed": null, "layer": null, "length": null, "maxspeed": "79 mph", "name": "UP Houston Subdivision", "name_1": null, "note": null, "note:old_railway_operator": "T&NO", "old_railway_operator": "SP", "operator": "Union Pacific Railroad", "operator:wikidata": "Q725793", "owner": "Union Pacific Railroad", "railway": "rail", "railway:atc": "no", "railway:freight": null, "railway:ptc": "no", "railway:ref": null, "railway:track_class": "5", "railway:track_ref": null, "ref": null, "reporting_marks": "BNSF;UP", "service": "none", "source": "Texas Department of Transportation", "spur": null, "start_date": null, "tiger:cfcc": null, "tiger:county": null, "tiger:name_base": null, "tiger:name_base_1": null, "tiger:name_base_2": null, "tiger:reviewed": null, "tiger:zip_left": null, "tiger:zip_right": null, "tracks": null, "tunnel": null, "usage": "main", "maxspeed_mph": 79.0 }, "geometry": { "type": "LineString", "coordinates": [ [ -95.2658045, 29.8091623 ], [ -95.265886, 29.8091279 ], [ -95.265953, 29.8090996 ], [ -95.2664422, 29.8089 ], [ -95.2675237, 29.8084293 ], [ -95.2692317, 29.807692 ], [ -95.2703046, 29.8072303 ], [ -95.2721371, 29.8064453 ] ] } },
{ "type": "Feature", "properties": { "id": "way/44840331", "@id": "way/44840331", "access": null, "addr:city": null, "addr:state": null, "bridge": "yes", "bridge:movable": null, "covered": null, "crossing:barrier": null, "electrified": "no", "embankment": null, "fixme": null, "gauge": "1435", "highspeed": null, "layer": "1", "length": null, "maxspeed": "79 mph", "name": "UP Houston Subdivision", "name_1": null, "note": null, "note:old_railway_operator": "T&NO", "old_railway_operator": "SP", "operator": "Union Pacific Railroad", "operator:wikidata": "Q725793", "owner": "Union Pacific Railroad", "railway": "rail", "railway:atc": "no", "railway:freight": null, "railway:ptc": "no", "railway:ref": null, "railway:track_class": "5", "railway:track_ref": null, "ref": null, "reporting_marks": "BNSF;UP", "service": "none", "source": "Texas Department of Transportation", "spur": null, "start_date": null, "tiger:cfcc": null, "tiger:county": null, "tiger:name_base": null, "tiger:name_base_1": null, "tiger:name_base_2": null, "tiger:reviewed": null, "tiger:zip_left": null, "tiger:zip_right": null, "tracks": null, "tunnel": null, "usage": "main", "maxspeed_mph": 79.0 }, "geometry": { "type": "LineString", "coordinates": [ [ -95.2614898, 29.8109987 ], [ -95.2617559, 29.810887 ] ] } },
{ "type": "Feature", "properties": { "id": "way/44840342", "@id": "way/44840342", "access": null, "addr:city": null, "addr:state": null, "bridge": "yes", "bridge:movable": null, "covered": null, "crossing:barrier": null, "electrified": "no", "embankment": null, "fixme": null, "gauge": "1435", "highspeed": null, "layer": "1", "length": null, "maxspeed": "79 mph", "name": "UP Houston Subdivision", "name_1": null, "note": null, "note:old_railway_operator": "T&NO", "old_railway_operator": "SP", "operator": "Union Pacific Railroad", "operator:wikidata": "Q725793", "owner": "Union Pacific Railroad", "railway": "rail", "railway:atc": "no", "railway:freight": null, "railway:ptc": "no", "railway:ref": null, "railway:track_class": "5", "railway:track_ref": null, "ref": null, "reporting_marks": "BNSF;UP", "service": "none", "source": "Texas Department of Transportation", "spur": null, "start_date": null, "tiger:cfcc": "B11", "tiger:county": "Harris, TX", "tiger:name_base": "Southern Pacific Railroad", "tiger:name_base_1": null, "tiger:name_base_2": null, "tiger:reviewed": null, "tiger:zip_left": null, "tiger:zip_right": null, "tracks": null, "tunnel": null, "usage": "main", "maxspeed_mph": 79.0 }, "geometry": { "type": "LineString", "coordinates": [ [ -95.2614641, 29.8109614 ], [ -95.2617473, 29.8108348 ] ] } },
{ "type": "Feature", "properties": { "id": "way/44840347", "@id": "way/44840347", "access": null, "addr:city": null, "addr:state": null, "bridge": null, "bridge:movable": null, "covered": null, "crossing:barrier": null, "electrified": "no", "embankment": null, "fixme": null, "gauge": "1435", "highspeed": null, "layer": null, "length": null, "maxspeed": "79 mph", "name": "UP Houston Subdivision", "name_1": null, "note": null, "note:old_railway_operator": "T&NO", "old_railway_operator": "SP", "operator": "Union Pacific Railroad", "operator:wikidata": "Q725793", "owner": "Union Pacific Railroad", "railway": "rail", "railway:atc": "no", "railway:freight": null, "railway:ptc": "no", "railway:ref": null, "railway:track_class": "5", "railway:track_ref": null, "ref": null, "reporting_marks": "BNSF;UP", "service": "none", "source": "Texas Department of Transportation", "spur": null, "start_date": null, "tiger:cfcc": "B11", "tiger:county": "Harris, TX", "tiger:name_base": "Southern Pacific Railroad", "tiger:name_base_1": null, "tiger:name_base_2": null, "tiger:reviewed": null, "tiger:zip_left": null, "tiger:zip_right": null, "tracks": null, "tunnel": null, "usage": "main", "maxspeed_mph": 79.0 }, "geometry": { "type": "LineString", "coordinates": [ [ -95.2648099, 29.8095357 ], [ -95.2658609, 29.8090847 ], [ -95.2662893, 29.8089009 ], [ -95.2666482, 29.8087421 ], [ -95.2672834, 29.8084815 ], [ -95.2677469, 29.8082804 ], [ -95.2689313, 29.807759 ], [ -95.2698755, 29.8073569 ], [ -95.2707423, 29.8069845 ], [ -95.2720356, 29.8064421 ] ] } },
{ "type": "Feature", "properties": { "id": "way/44840370", "@id": "way/44840370", "access": null, "addr:city": null, "addr:state": null, "bridge": null, "bridge:movable": null, "covered": null, "crossing:barrier": null, "electrified": "no", "embankment": null, "fixme": null, "gauge": "1435", "highspeed": null, "layer": null, "length": null, "maxspeed": "79 mph", "name": "UP Houston Subdivision", "name_1": null, "note": null, "note:old_railway_operator": "T&NO", "old_railway_operator": "SP", "operator": "Union Pacific Railroad", "operator:wikidata": "Q725793", "owner": "Union Pacific Railroad", "railway": "rail", "railway:atc": "no", "railway:freight": null, "railway:ptc": "no", "railway:ref": null, "railway:track_class": "5", "railway:track_ref": null, "ref": null, "reporting_marks": "BNSF;UP", "service": "none", "source": "Texas Department of Transportation", "spur": null, "start_date": null, "tiger:cfcc": "B11", "tiger:county": "Harris, TX", "tiger:name_base": "Southern Pacific Railroad", "tiger:name_base_1": null, "tiger:name_base_2": null, "tiger:reviewed": null, "tiger:zip_left": null, "tiger:zip_right": null, "tracks": null, "tunnel": null, "usage": "main", "maxspeed_mph": 79.0 }, "geometry": { "type": "LineString", "coordinates": [ [ -95.2303624, 29.824299 ], [ -95.2308564, 29.8240906 ] ] } },
{ "type": "Feature", "properties": { "id": "way/44840371", "@id": "way/44840371", "access": null, "addr:city": null, "addr:state": null, "bridge": "yes", "bridge:movable": null, "covered": null, "crossing:barrier": null, "electrified": "no", "embankment": null, "fixme": null, "gauge": "1435", "highspeed": null, "layer": "1", "length": null, "maxspeed": "79 mph", "name": "UP Houston Subdivision", "name_1": null, "note": null, "note:old_railway_operator": "T&NO", "old_railway_operator": "SP", "operator": "Union Pacific Railroad", "operator:wikidata": "Q725793", "owner": "Union Pacific Railroad", "railway": "rail", "railway:atc": "no", "railway:freight": null, "railway:ptc": "no", "railway:ref": null, "railway:track_class": "5", "railway:track_ref": null, "ref": null, "reporting_marks": "BNSF;UP", "service": "none", "source": "Texas Department of Transportation", "spur": null, "start_date": null, "tiger:cfcc": "B11", "tiger:county": "Harris, TX", "tiger:name_base": "Southern Pacific Railroad", "tiger:name_base_1": null, "tiger:name_base_2": null, "tiger:reviewed": null, "tiger:zip_left": null, "tiger:zip_right": null, "tracks": null, "tunnel": null, "usage": "main", "maxspeed_mph": 79.0 }, "geometry": { "type": "LineString", "coordinates": [ [ -95.2291063, 29.8248437 ], [ -95.2303624, 29.824299 ] ] } },
{ "type": "Feature", "properties": { "id": "way/44884802", "@id": "way/44884802", "access": null, "addr:city": null, "addr:state": null, "bridge": "yes", "bridge:movable": null, "covered": null, "crossing:barrier": null, "electrified": "no", "embankment": null, "fixme": null, "gauge": "1435", "highspeed": null, "layer": "1", "length": null, "maxspeed": "20 mph", "name": "UP Houston West Belt Subdivision", "name_1": null, "note": "was leased to HB&T", "note:old_railway_operator": null, "old_railway_operator": "AT&SF", "operator": "Union Pacific Railroad", "operator:wikidata": "Q725793", "owner": null, "railway": "rail", "railway:atc": null, "railway:freight": null, "railway:ptc": "yes", "railway:ref": null, "railway:track_class": "2", "railway:track_ref": null, "ref": null, "reporting_marks": null, "service": "none", "source": "Texas Department of Transportation", "spur": null, "start_date": null, "tiger:cfcc": null, "tiger:county": null, "tiger:name_base": null, "tiger:name_base_1": null, "tiger:name_base_2": null, "tiger:reviewed": null, "tiger:zip_left": null, "tiger:zip_right": null, "tracks": null, "tunnel": null, "usage": "main", "maxspeed_mph": 20.0 }, "geometry": { "type": "LineString", "coordinates": [ [ -95.3330338, 29.7148116 ], [ -95.3327621, 29.7139919 ] ] } },
{ "type": "Feature", "properties": { "id": "way/44884803", "@id": "way/44884803", "access": null, "addr:city": null, "addr:state": null, "bridge": null, "bridge:movable": null, "covered": null, "crossing:barrier": null, "electrified": "no", "embankment": null, "fixme": null, "gauge": "1435", "highspeed": null, "layer": null, "length": null, "maxspeed": "20 mph", "name": "UP Houston West Belt Subdivision", "name_1": null, "note": "was leased to HB&T", "note:old_railway_operator": null, "old_railway_operator": "AT&SF", "operator": "Union Pacific Railroad", "operator:wikidata": "Q725793", "owner": null, "railway": "rail", "railway:atc": null, "railway:freight": null, "railway:ptc": "yes", "railway:ref": null, "railway:track_class": "2", "railway:track_ref": null, "ref": null, "reporting_marks": null, "service": "none", "source": "Texas Department of Transportation", "spur": null, "start_date": null, "tiger:cfcc": null, "tiger:county": null, "tiger:name_base": null, "tiger:name_base_1": null, "tiger:name_base_2": null, "tiger:reviewed": null, "tiger:zip_left": null, "tiger:zip_right": null, "tracks": null, "tunnel": null, "usage": "main", "maxspeed_mph": 20.0 }, "geometry": { "type": "LineString", "coordinates": [ [ -95.3327621, 29.7139919 ], [ -95.332594, 29.7134246 ], [ -95.3324464, 29.7129087 ], [ -95.3323593, 29.7126235 ], [ -95.3322425, 29.7122722 ], [ -95.3315601, 29.7102211 ] ] } },
{ "type": "Feature", "properties": { "id": "way/44884804", "@id": "way/44884804", "access": null, "addr:city": null, "addr:state": null, "bridge": null, "bridge:movable": null, "covered": null, "crossing:barrier": null, "electrified": "no", "embankment": null, "fixme": null, "gauge": "1435", "highspeed": null, "layer": null, "length": null, "maxspeed": "20 mph", "name": "UP Houston West Belt Subdivision", "name_1": null, "note": "was leased to HB&T", "note:old_railway_operator": null, "old_railway_operator": "AT&SF", "operator": "Union Pacific Railroad", "operator:wikidata": "Q725793", "owner": null, "railway": "rail", "railway:atc": null, "railway:freight": null, "railway:ptc": "yes", "railway:ref": null, "railway:track_class": "2", "railway:track_ref": null, "ref": null, "reporting_marks": null, "service": "none", "source": "Texas Department of Transportation", "spur": null, "start_date": null, "tiger:cfcc": null, "tiger:county": null, "tiger:name_base": null, "tiger:name_base_1": null, "tiger:name_base_2": null, "tiger:reviewed": null, "tiger:zip_left": null, "tiger:zip_right": null, "tracks": null, "tunnel": null, "usage": "main", "maxspeed_mph": 20.0 }, "geometry": { "type": "LineString", "coordinates": [ [ -95.3328052, 29.7139815 ], [ -95.3325637, 29.7130891 ], [ -95.3324971, 29.7128606 ], [ -95.3324518, 29.7127225 ], [ -95.3319716, 29.7112599 ] ] } },
{ "type": "Feature", "properties": { "id": "way/44884805", "@id": "way/44884805", "access": null, "addr:city": null, "addr:state": null, "bridge": "yes", "bridge:movable": null, "covered": null, "crossing:barrier": null, "electrified": "no", "embankment": null, "fixme": null, "gauge": "1435", "highspeed": null, "layer": "1", "length": null, "maxspeed": "20 mph", "name": "UP Houston West Belt Subdivision", "name_1": null, "note": "was leased to HB&T", "note:old_railway_operator": null, "old_railway_operator": "AT&SF", "operator": "Union Pacific Railroad", "operator:wikidata": "Q725793", "owner": null, "railway": "rail", "railway:atc": null, "railway:freight": null, "railway:ptc": "yes", "railway:ref": null, "railway:track_class": "2", "railway:track_ref": null, "ref": null, "reporting_marks": null, "service": "none", "source": "Texas Department of Transportation", "spur": null, "start_date": null, "tiger:cfcc": null, "tiger:county": null, "tiger:name_base": null, "tiger:name_base_1": null, "tiger:name_base_2": null, "tiger:reviewed": null, "tiger:zip_left": null, "tiger:zip_right": null, "tracks": null, "tunnel": null, "usage": "main", "maxspeed_mph": 20.0 }, "geometry": { "type": "LineString", "coordinates": [ [ -95.3330759, 29.7148017 ], [ -95.3328052, 29.7139815 ] ] } },
{ "type": "Feature", "properties": { "id": "way/45483267", "@id": "way/45483267", "access": null, "addr:city": null, "addr:state": null, "bridge": "yes", "bridge:movable": null, "covered": null, "crossing:barrier": null, "electrified": "no", "embankment": null, "fixme": null, "gauge": "1435", "highspeed": null, "layer": "1", "length": null, "maxspeed": "20 mph", "name": "UP Houston West Belt Subdivision", "name_1": null, "note": "was leased to HB&T", "note:old_railway_operator": null, "old_railway_operator": "AT&SF", "operator": "Union Pacific Railroad", "operator:wikidata": "Q725793", "owner": null, "railway": "rail", "railway:atc": null, "railway:freight": null, "railway:ptc": "yes", "railway:ref": null, "railway:track_class": "2", "railway:track_ref": null, "ref": null, "reporting_marks": null, "service": "none", "source": "Texas Department of Transportation", "spur": null, "start_date": null, "tiger:cfcc": null, "tiger:county": null, "tiger:name_base": null, "tiger:name_base_1": null, "tiger:name_base_2": null, "tiger:reviewed": null, "tiger:zip_left": null, "tiger:zip_right": null, "tracks": null, "tunnel": null, "usage": "main", "maxspeed_mph": 20.0 }, "geometry": { "type": "LineString", "coordinates": [ [ -95.3315601, 29.7102211 ], [ -95.3315093, 29.7100692 ] ] } },
{ "type": "Feature", "properties": { "id": "way/45483273", "@id": "way/45483273", "access": null, "addr:city": null, "addr:state": null, "bridge": null, "bridge:movable": null, "covered": null, "crossing:barrier": null, "electrified": "no", "embankment": null, "fixme": null, "gauge": "1435", "highspeed": null, "layer": null, "length": null, "maxspeed": "20 mph", "name": "UP Houston West Belt Subdivision", "name_1": null, "note": "was leased to HB&T", "note:old_railway_operator": null, "old_railway_operator": "AT&SF", "operator": "Union Pacific Railroad", "operator:wikidata": "Q725793", "owner": null, "railway": "rail", "railway:atc": null, "railway:freight": null, "railway:ptc": "yes", "railway:ref": null, "railway:track_class": "2", "railway:track_ref": null, "ref": null, "reporting_marks": null, "service": "none", "source": "Texas Department of Transportation", "spur": null, "start_date": null, "tiger:cfcc": null, "tiger:county": null, "tiger:name_base": null, "tiger:name_base_1": null, "tiger:name_base_2": null, "tiger:reviewed": null, "tiger:zip_left": null, "tiger:zip_right": null, "tracks": null, "tunnel": null, "usage": "main", "maxspeed_mph": 20.0 }, "geometry": { "type": "LineString", "coordinates": [ [ -95.3315707, 29.7100525 ], [ -95.3313078, 29.7092627 ], [ -95.3311355, 29.7087381 ], [ -95.3306631, 29.7073185 ], [ -95.3302111, 29.7059508 ], [ -95.329884, 29.7049606 ], [ -95.3295548, 29.7039653 ], [ -95.329266, 29.7030786 ], [ -95.3289108, 29.7020043 ], [ -95.3285779, 29.7010059 ], [ -95.3282949, 29.7001536 ], [ -95.3281652, 29.6997611 ], [ -95.3278884, 29.6989237 ], [ -95.327526, 29.6978118 ], [ -95.3271628, 29.6966879 ] ] } },
{ "type": "Feature", "properties": { "id": "way/45483274", "@id": "way/45483274", "access": null, "addr:city": null, "addr:state": null, "bridge": "yes", "bridge:movable": null, "covered": null, "crossing:barrier": null, "electrified": "no", "embankment": null, "fixme": null, "gauge": "1435", "highspeed": null, "layer": "1", "length": null, "maxspeed": "20 mph", "name": "UP Houston West Belt Subdivision", "name_1": null, "note": "was leased to HB&T", "note:old_railway_operator": null, "old_railway_operator": "AT&SF", "operator": "Union Pacific Railroad", "operator:wikidata": "Q725793", "owner": null, "railway": "rail", "railway:atc": null, "railway:freight": null, "railway:ptc": "yes", "railway:ref": null, "railway:track_class": "2", "railway:track_ref": null, "ref": null, "reporting_marks": null, "service": "none", "source": "Texas Department of Transportation", "spur": null, "start_date": null, "tiger:cfcc": null, "tiger:county": null, "tiger:name_base": null, "tiger:name_base_1": null, "tiger:name_base_2": null, "tiger:reviewed": null, "tiger:zip_left": null, "tiger:zip_right": null, "tracks": null, "tunnel": null, "usage": "main", "maxspeed_mph": 20.0 }, "geometry": { "type": "LineString", "coordinates": [ [ -95.3316236, 29.7102091 ], [ -95.3315707, 29.7100525 ] ] } },
{ "type": "Feature", "properties": { "id": "way/45483277", "@id": "way/45483277", "access": null, "addr:city": null, "addr:state": null, "bridge": null, "bridge:movable": null, "covered": null, "crossing:barrier": null, "electrified": "no", "embankment": null, "fixme": null, "gauge": "1435", "highspeed": null, "layer": null, "length": null, "maxspeed": "20 mph", "name": "UP Houston West Belt Subdivision", "name_1": null, "note": "was leased to HB&T", "note:old_railway_operator": null, "old_railway_operator": "AT&SF", "operator": "Union Pacific Railroad", "operator:wikidata": "Q725793", "owner": null, "railway": "rail", "railway:atc": null, "railway:freight": null, "railway:ptc": "yes", "railway:ref": null, "railway:track_class": "2", "railway:track_ref": null, "ref": null, "reporting_marks": null, "service": "none", "source": "Texas Department of Transportation", "spur": null, "start_date": null, "tiger:cfcc": null, "tiger:county": null, "tiger:name_base": null, "tiger:name_base_1": null, "tiger:name_base_2": null, "tiger:reviewed": null, "tiger:zip_left": null, "tiger:zip_right": null, "tracks": null, "tunnel": null, "usage": "main", "maxspeed_mph": 20.0 }, "geometry": { "type": "LineString", "coordinates": [ [ -95.3315093, 29.7100692 ], [ -95.3311865, 29.7090932 ], [ -95.3308566, 29.7080999 ], [ -95.3303569, 29.7065886 ], [ -95.3298732, 29.705128 ], [ -95.3294227, 29.7037521 ], [ -95.3287837, 29.7018212 ], [ -95.3284718, 29.700883 ], [ -95.3281418, 29.6998895 ], [ -95.3277765, 29.6987795 ], [ -95.3274724, 29.6978617 ], [ -95.327447, 29.6977842 ] ] } },
{ "type": "Feature", "properties": { "id": "way/45765490", "@id": "way/45765490", "access": null, "addr:city": null, "addr:state": null, "bridge": null, "bridge:movable": null, "covered": null, "crossing:barrier": null, "electrified": "no", "embankment": null, "fixme": null, "gauge": "1435", "highspeed": null, "layer": null, "length": null, "maxspeed": "55 mph", "name": "BNSF Mykawa Subdivision", "name_1": null, "note": null, "note:old_railway_operator": null, "old_railway_operator": "AT&SF", "operator": "BNSF Railway", "operator:wikidata": "Q267122", "owner": null, "railway": "rail", "railway:atc": null, "railway:freight": null, "railway:ptc": "yes", "railway:ref": null, "railway:track_class": "4", "railway:track_ref": null, "ref": "7501", "reporting_marks": "BNSF", "service": "none", "source": null, "spur": null, "start_date": null, "tiger:cfcc": null, "tiger:county": null, "tiger:name_base": null, "tiger:name_base_1": null, "tiger:name_base_2": null, "tiger:reviewed": null, "tiger:zip_left": null, "tiger:zip_right": null, "tracks": null, "tunnel": null, "usage": "main", "maxspeed_mph": 55.0 }, "geometry": { "type": "LineString", "coordinates": [ [ -95.314517, 29.6546264 ], [ -95.314187, 29.6534719 ], [ -95.3138227, 29.6522811 ], [ -95.3135263, 29.6512637 ], [ -95.3128631, 29.6490732 ], [ -95.3119568, 29.6460623 ], [ -95.3119071, 29.6459164 ], [ -95.3118903, 29.6458576 ], [ -95.3117871, 29.6454949 ], [ -95.3113558, 29.6440649 ], [ -95.3111186, 29.6432485 ], [ -95.3110968, 29.6431733 ], [ -95.3110652, 29.6430746 ], [ -95.3107937, 29.642197 ], [ -95.3107459, 29.6420512 ], [ -95.3106409, 29.6416511 ], [ -95.3103034, 29.6405523 ], [ -95.3095202, 29.6379039 ], [ -95.3092359, 29.6369621 ], [ -95.3085197, 29.6345818 ], [ -95.308348, 29.633978 ], [ -95.308163, 29.6334324 ], [ -95.3078304, 29.632304 ], [ -95.307361, 29.6306953 ], [ -95.3070203, 29.6295879 ], [ -95.3059367, 29.6259344 ], [ -95.3057007, 29.6251626 ], [ -95.3054217, 29.624209 ], [ -95.3050734, 29.6230824 ], [ -95.3046, 29.6215032 ], [ -95.304408, 29.6208534 ], [ -95.3041899, 29.6201576 ], [ -95.30408, 29.6197776 ], [ -95.3038654, 29.6190617 ], [ -95.3035033, 29.6178469 ], [ -95.3033585, 29.6173549 ], [ -95.3032914, 29.6171497 ], [ -95.3030178, 29.6161937 ], [ -95.3026933, 29.6151164 ], [ -95.302366, 29.6140507 ], [ -95.3023228, 29.6138992 ], [ -95.3022301, 29.613574 ], [ -95.30213, 29.6132229 ], [ -95.3017072, 29.6118365 ], [ -95.3013934, 29.6107545 ], [ -95.3010957, 29.6097681 ], [ -95.3008114, 29.608805 ], [ -95.3005861, 29.6080635 ], [ -95.3002964, 29.6071097 ], [ -95.2999933, 29.6061209 ], [ -95.2999692, 29.6060229 ], [ -95.2976245, 29.5982003 ], [ -95.2975381, 29.5979119 ], [ -95.2974211, 29.5974897 ], [ -95.297347, 29.5972417 ], [ -95.2972876, 29.5970429 ], [ -95.2972061, 29.5967536 ] ] } },
{ "type": "Feature", "properties": { "id": "way/45765492", "@id": "way/45765492", "access": null, "addr:city": null, "addr:state": null, "bridge": "yes", "bridge:movable": null, "covered": null, "crossing:barrier": null, "electrified": "no", "embankment": null, "fixme": null, "gauge": "1435", "highspeed": null, "layer": null, "length": null, "maxspeed": "55 mph", "name": "BNSF Mykawa Subdivision", "name_1": null, "note": null, "note:old_railway_operator": null, "old_railway_operator": "AT&SF", "operator": "BNSF Railway", "operator:wikidata": "Q267122", "owner": null, "railway": "rail", "railway:atc": null, "railway:freight": null, "railway:ptc": "yes", "railway:ref": null, "railway:track_class": "4", "railway:track_ref": null, "ref": "7501", "reporting_marks": "BNSF", "service": "none", "source": null, "spur": null, "start_date": null, "tiger:cfcc": null, "tiger:county": null, "tiger:name_base": null, "tiger:name_base_1": null, "tiger:name_base_2": null, "tiger:reviewed": null, "tiger:zip_left": null, "tiger:zip_right": null, "tracks": null, "tunnel": null, "usage": "main", "maxspeed_mph": 55.0 }, "geometry": { "type": "LineString", "coordinates": [ [ -95.3147396, 29.6553836 ], [ -95.314517, 29.6546264 ] ] } },
{ "type": "Feature", "properties": { "id": "way/46267780", "@id": "way/46267780", "access": null, "addr:city": null, "addr:state": null, "bridge": null, "bridge:movable": null, "covered": null, "crossing:barrier": null, "electrified": "no", "embankment": null, "fixme": null, "gauge": "1435", "highspeed": null, "layer": null, "length": null, "maxspeed": null, "name": null, "name_1": null, "note": null, "note:old_railway_operator": null, "old_railway_operator": null, "operator": "Union Pacific Railroad", "operator:wikidata": "Q725793", "owner": null, "railway": "rail", "railway:atc": null, "railway:freight": null, "railway:ptc": null, "railway:ref": null, "railway:track_class": null, "railway:track_ref": null, "ref": null, "reporting_marks": null, "service": "none", "source": null, "spur": null, "start_date": null, "tiger:cfcc": null, "tiger:county": null, "tiger:name_base": null, "tiger:name_base_1": null, "tiger:name_base_2": null, "tiger:reviewed": null, "tiger:zip_left": null, "tiger:zip_right": null, "tracks": null, "tunnel": null, "usage": "main", "maxspeed_mph": 0.0 }, "geometry": { "type": "LineString", "coordinates": [ [ -95.3508765, 29.7727715 ], [ -95.35018, 29.77311 ], [ -95.3498449, 29.7732506 ] ] } },
{ "type": "Feature", "properties": { "id": "way/46358282", "@id": "way/46358282", "access": null, "addr:city": null, "addr:state": null, "bridge": "yes", "bridge:movable": null, "covered": null, "crossing:barrier": null, "electrified": "no", "embankment": null, "fixme": null, "gauge": "1435", "highspeed": "no", "layer": "1", "length": null, "maxspeed": "79 mph", "name": "UP Glidden Subdivision", "name_1": null, "note": null, "note:old_railway_operator": null, "old_railway_operator": "SP", "operator": "Union Pacific Railroad", "operator:wikidata": "Q725793", "owner": "Union Pacific Railroad", "railway": "rail", "railway:atc": null, "railway:freight": null, "railway:ptc": "yes", "railway:ref": null, "railway:track_class": "5", "railway:track_ref": null, "ref": null, "reporting_marks": null, "service": "none", "source": "Texas Department of Transportation", "spur": null, "start_date": null, "tiger:cfcc": "B11", "tiger:county": "Fort Bend, TX", "tiger:name_base": null, "tiger:name_base_1": null, "tiger:name_base_2": null, "tiger:reviewed": null, "tiger:zip_left": null, "tiger:zip_right": null, "tracks": null, "tunnel": null, "usage": "main", "maxspeed_mph": 79.0 }, "geometry": { "type": "LineString", "coordinates": [ [ -95.6854792, 29.6020103 ], [ -95.6840143, 29.6021717 ] ] } },
{ "type": "Feature", "properties": { "id": "way/46358312", "@id": "way/46358312", "access": null, "addr:city": null, "addr:state": null, "bridge": null, "bridge:movable": null, "covered": null, "crossing:barrier": null, "electrified": "no", "embankment": null, "fixme": null, "gauge": "1435", "highspeed": null, "layer": null, "length": null, "maxspeed": "79 mph", "name": "UP Glidden Subdivision", "name_1": null, "note": null, "note:old_railway_operator": null, "old_railway_operator": "SP", "operator": "Union Pacific Railroad", "operator:wikidata": "Q725793", "owner": "Union Pacific Railroad", "railway": "rail", "railway:atc": null, "railway:freight": null, "railway:ptc": "yes", "railway:ref": null, "railway:track_class": "5", "railway:track_ref": null, "ref": null, "reporting_marks": null, "service": "none", "source": "Texas Department of Transportation", "spur": null, "start_date": null, "tiger:cfcc": "B11", "tiger:county": "Fort Bend, TX", "tiger:name_base": null, "tiger:name_base_1": null, "tiger:name_base_2": null, "tiger:reviewed": null, "tiger:zip_left": null, "tiger:zip_right": null, "tracks": null, "tunnel": null, "usage": "main", "maxspeed_mph": 79.0 }, "geometry": { "type": "LineString", "coordinates": [ [ -95.6840143, 29.6021717 ], [ -95.6825299, 29.6023311 ] ] } },
{ "type": "Feature", "properties": { "id": "way/52092670", "@id": "way/52092670", "access": null, "addr:city": null, "addr:state": null, "bridge": "yes", "bridge:movable": null, "covered": null, "crossing:barrier": null, "electrified": "no", "embankment": null, "fixme": null, "gauge": "1435", "highspeed": null, "layer": "1", "length": null, "maxspeed": "60 mph", "name": "UP Palestine Subdivision", "name_1": null, "note": null, "note:old_railway_operator": null, "old_railway_operator": "MP", "operator": "Union Pacific Railroad", "operator:wikidata": "Q725793", "owner": null, "railway": "rail", "railway:atc": null, "railway:freight": null, "railway:ptc": "yes", "railway:ref": null, "railway:track_class": "4", "railway:track_ref": null, "ref": null, "reporting_marks": null, "service": "none", "source": "Texas Department of Transportation", "spur": null, "start_date": null, "tiger:cfcc": null, "tiger:county": null, "tiger:name_base": null, "tiger:name_base_1": null, "tiger:name_base_2": null, "tiger:reviewed": null, "tiger:zip_left": null, "tiger:zip_right": null, "tracks": null, "tunnel": null, "usage": "main", "maxspeed_mph": 60.0 }, "geometry": { "type": "LineString", "coordinates": [ [ -95.381776, 29.9383876 ], [ -95.3818143, 29.9385436 ] ] } },
{ "type": "Feature", "properties": { "id": "way/52092671", "@id": "way/52092671", "access": null, "addr:city": null, "addr:state": null, "bridge": null, "bridge:movable": null, "covered": null, "crossing:barrier": null, "electrified": "no", "embankment": null, "fixme": null, "gauge": "1435", "highspeed": null, "layer": null, "length": null, "maxspeed": "60 mph", "name": "UP Palestine Subdivision", "name_1": null, "note": null, "note:old_railway_operator": null, "old_railway_operator": "MP", "operator": "Union Pacific Railroad", "operator:wikidata": "Q725793", "owner": null, "railway": "rail", "railway:atc": null, "railway:freight": null, "railway:ptc": "yes", "railway:ref": null, "railway:track_class": "4", "railway:track_ref": null, "ref": null, "reporting_marks": null, "service": "none", "source": "Texas Department of Transportation", "spur": null, "start_date": null, "tiger:cfcc": null, "tiger:county": null, "tiger:name_base": null, "tiger:name_base_1": null, "tiger:name_base_2": null, "tiger:reviewed": null, "tiger:zip_left": null, "tiger:zip_right": null, "tracks": null, "tunnel": null, "usage": "main", "maxspeed_mph": 60.0 }, "geometry": { "type": "LineString", "coordinates": [ [ -95.3819643, 29.9391552 ], [ -95.38265, 29.9418849 ], [ -95.3844637, 29.9491043 ] ] } },
{ "type": "Feature", "properties": { "id": "way/53034806", "@id": "way/53034806", "access": null, "addr:city": null, "addr:state": null, "bridge": null, "bridge:movable": null, "covered": null, "crossing:barrier": null, "electrified": "no", "embankment": null, "fixme": null, "gauge": "1435", "highspeed": null, "layer": null, "length": null, "maxspeed": "60 mph", "name": "UP Beaumont Subdivision", "name_1": null, "note": null, "note:old_railway_operator": null, "old_railway_operator": "MP", "operator": "Union Pacific Railroad", "operator:wikidata": "Q725793", "owner": null, "railway": "rail", "railway:atc": null, "railway:freight": null, "railway:ptc": "yes", "railway:ref": null, "railway:track_class": "4", "railway:track_ref": null, "ref": null, "reporting_marks": null, "service": "none", "source": "Texas Department of Transportation", "spur": null, "start_date": null, "tiger:cfcc": "B11", "tiger:county": "Harris, TX", "tiger:name_base": "Union Pacific Railroad", "tiger:name_base_1": null, "tiger:name_base_2": null, "tiger:reviewed": null, "tiger:zip_left": null, "tiger:zip_right": null, "tracks": null, "tunnel": null, "usage": "main", "maxspeed_mph": 60.0 }, "geometry": { "type": "LineString", "coordinates": [ [ -95.1246174, 29.9909054 ], [ -95.1222993, 29.9920066 ], [ -95.121387, 29.992427 ], [ -95.120755, 29.992724 ], [ -95.119447, 29.993356 ], [ -95.118154, 29.993979 ], [ -95.1170451, 29.9945098 ] ] } },
{ "type": "Feature", "properties": { "id": "way/53034807", "@id": "way/53034807", "access": null, "addr:city": null, "addr:state": null, "bridge": "yes", "bridge:movable": null, "covered": null, "crossing:barrier": null, "electrified": "no", "embankment": null, "fixme": null, "gauge": "1435", "highspeed": null, "layer": "1", "length": null, "maxspeed": "60 mph", "name": "UP Beaumont Subdivision", "name_1": null, "note": null, "note:old_railway_operator": null, "old_railway_operator": "MP", "operator": "Union Pacific Railroad", "operator:wikidata": "Q725793", "owner": null, "railway": "rail", "railway:atc": null, "railway:freight": null, "railway:ptc": "yes", "railway:ref": null, "railway:track_class": "4", "railway:track_ref": null, "ref": null, "reporting_marks": null, "service": "none", "source": "Texas Department of Transportation", "spur": null, "start_date": null, "tiger:cfcc": "B11", "tiger:county": "Harris, TX", "tiger:name_base": "Union Pacific Railroad", "tiger:name_base_1": null, "tiger:name_base_2": null, "tiger:reviewed": null, "tiger:zip_left": null, "tiger:zip_right": null, "tracks": null, "tunnel": null, "usage": "main", "maxspeed_mph": 60.0 }, "geometry": { "type": "LineString", "coordinates": [ [ -95.1355, 29.9857458 ], [ -95.1315048, 29.9875924 ], [ -95.1246174, 29.9909054 ] ] } },
{ "type": "Feature", "properties": { "id": "way/53157626", "@id": "way/53157626", "access": null, "addr:city": null, "addr:state": null, "bridge": "yes", "bridge:movable": null, "covered": null, "crossing:barrier": null, "electrified": "no", "embankment": null, "fixme": null, "gauge": "1435", "highspeed": null, "layer": "1", "length": null, "maxspeed": "79 mph", "name": "UP Houston Subdivision", "name_1": null, "note": null, "note:old_railway_operator": "T&NO", "old_railway_operator": "SP", "operator": "Union Pacific Railroad", "operator:wikidata": "Q725793", "owner": "Union Pacific Railroad", "railway": "rail", "railway:atc": "no", "railway:freight": null, "railway:ptc": "no", "railway:ref": null, "railway:track_class": "5", "railway:track_ref": null, "ref": null, "reporting_marks": "BNSF;UP", "service": "none", "source": "Texas Department of Transportation", "spur": null, "start_date": null, "tiger:cfcc": "B11", "tiger:county": "Harris, TX", "tiger:name_base": "Southern Pacific Railroad", "tiger:name_base_1": "Amtrak Railroad", "tiger:name_base_2": null, "tiger:reviewed": null, "tiger:zip_left": null, "tiger:zip_right": null, "tracks": null, "tunnel": null, "usage": "main", "maxspeed_mph": 79.0 }, "geometry": { "type": "LineString", "coordinates": [ [ -95.0927664, 29.8807801 ], [ -95.0991098, 29.879494 ] ] } },
{ "type": "Feature", "properties": { "id": "way/60919512", "@id": "way/60919512", "access": null, "addr:city": null, "addr:state": null, "bridge": "yes", "bridge:movable": null, "covered": null, "crossing:barrier": null, "electrified": "no", "embankment": null, "fixme": null, "gauge": "1435", "highspeed": null, "layer": "1", "length": null, "maxspeed": "55 mph", "name": "BNSF Galveston Subdivision", "name_1": null, "note": null, "note:old_railway_operator": null, "old_railway_operator": "AT&SF", "operator": "BNSF Railway", "operator:wikidata": "Q267122", "owner": null, "railway": "rail", "railway:atc": null, "railway:freight": null, "railway:ptc": "yes", "railway:ref": null, "railway:track_class": "4", "railway:track_ref": null, "ref": "7500", "reporting_marks": "BNSF", "service": "none", "source": null, "spur": null, "start_date": null, "tiger:cfcc": null, "tiger:county": null, "tiger:name_base": null, "tiger:name_base_1": null, "tiger:name_base_2": null, "tiger:reviewed": null, "tiger:zip_left": null, "tiger:zip_right": null, "tracks": null, "tunnel": null, "usage": "main", "maxspeed_mph": 55.0 }, "geometry": { "type": "LineString", "coordinates": [ [ -95.5548415, 29.4986156 ], [ -95.5569243, 29.498549 ] ] } },
{ "type": "Feature", "properties": { "id": "way/98666736", "@id": "way/98666736", "access": null, "addr:city": null, "addr:state": null, "bridge": null, "bridge:movable": null, "covered": null, "crossing:barrier": null, "electrified": "no", "embankment": null, "fixme": null, "gauge": "1435", "highspeed": null, "layer": null, "length": null, "maxspeed": "79 mph", "name": "UP Glidden Subdivision", "name_1": null, "note": null, "note:old_railway_operator": "GH&SA", "old_railway_operator": "SP", "operator": "Union Pacific Railroad", "operator:wikidata": "Q725793", "owner": "Union Pacific Railroad", "railway": "rail", "railway:atc": null, "railway:freight": null, "railway:ptc": "yes", "railway:ref": null, "railway:track_class": "5", "railway:track_ref": "2", "ref": null, "reporting_marks": null, "service": "none", "source": "Texas Department of Transportation", "spur": null, "start_date": null, "tiger:cfcc": "B11", "tiger:county": "Fort Bend, TX:Harris, TX", "tiger:name_base": "Southern Pacific Railroad", "tiger:name_base_1": null, "tiger:name_base_2": null, "tiger:reviewed": null, "tiger:zip_left": null, "tiger:zip_right": null, "tracks": null, "tunnel": null, "usage": "main", "maxspeed_mph": 79.0 }, "geometry": { "type": "LineString", "coordinates": [ [ -95.5567817, 29.616355 ], [ -95.5567139, 29.6163369 ], [ -95.5564018, 29.6162536 ], [ -95.5559674, 29.6161498 ], [ -95.555516, 29.6160498 ], [ -95.5550688, 29.6159659 ], [ -95.5546151, 29.615892 ], [ -95.5541352, 29.6158257 ], [ -95.5536015, 29.6157629 ], [ -95.5530434, 29.6157213 ], [ -95.552432, 29.6156908 ], [ -95.5521589, 29.6156787 ], [ -95.5512082, 29.6156364 ], [ -95.5508421, 29.6156219 ], [ -95.5503226, 29.6156124 ], [ -95.5498394, 29.6156172 ], [ -95.5492781, 29.6156431 ], [ -95.5488553, 29.6156765 ], [ -95.5482528, 29.615743 ], [ -95.5477767, 29.6158165 ], [ -95.547312, 29.6158993 ], [ -95.546968, 29.6159726 ], [ -95.5465825, 29.616065 ], [ -95.54618, 29.6161715 ], [ -95.5457725, 29.6162952 ], [ -95.5453356, 29.6164349 ], [ -95.5448737, 29.6166 ], [ -95.5443954, 29.6167848 ], [ -95.5440809, 29.6169018 ], [ -95.5427596, 29.6174074 ], [ -95.5425566, 29.6174837 ], [ -95.5422373, 29.6176075 ], [ -95.538726, 29.6189654 ], [ -95.5386396, 29.6189988 ], [ -95.5385219, 29.619043 ], [ -95.5384742, 29.6190614 ], [ -95.5321366, 29.6215073 ], [ -95.5262341, 29.6237851 ], [ -95.5225064, 29.6252273 ] ] } },
{ "type": "Feature", "properties": { "id": "way/98666738", "@id": "way/98666738", "access": null, "addr:city": null, "addr:state": null, "bridge": null, "bridge:movable": null, "covered": null, "crossing:barrier": null, "electrified": "no", "embankment": null, "fixme": null, "gauge": "1435", "highspeed": null, "layer": null, "length": null, "maxspeed": "79 mph", "name": "UP Glidden Subdivision", "name_1": null, "note": null, "note:old_railway_operator": null, "old_railway_operator": "SP", "operator": "Union Pacific Railroad", "operator:wikidata": "Q725793", "owner": "Union Pacific Railroad", "railway": "rail", "railway:atc": null, "railway:freight": null, "railway:ptc": "yes", "railway:ref": null, "railway:track_class": "5", "railway:track_ref": "2", "ref": null, "reporting_marks": null, "service": "none", "source": "Texas Department of Transportation", "spur": null, "start_date": null, "tiger:cfcc": "B11", "tiger:county": "Fort Bend, TX", "tiger:name_base": null, "tiger:name_base_1": null, "tiger:name_base_2": null, "tiger:reviewed": null, "tiger:zip_left": null, "tiger:zip_right": null, "tracks": null, "tunnel": null, "usage": "main", "maxspeed_mph": 79.0 }, "geometry": { "type": "LineString", "coordinates": [ [ -95.5644874, 29.6196946 ], [ -95.5643374, 29.6196245 ], [ -95.5630455, 29.6190162 ], [ -95.5595268, 29.6173593 ], [ -95.5591458, 29.617187 ], [ -95.558661, 29.6169891 ], [ -95.5582187, 29.6168169 ], [ -95.5578054, 29.6166695 ], [ -95.5570889, 29.6164408 ], [ -95.5570242, 29.6164238 ] ] } },
{ "type": "Feature", "properties": { "id": "way/99798947", "@id": "way/99798947", "access": null, "addr:city": null, "addr:state": null, "bridge": null, "bridge:movable": null, "covered": null, "crossing:barrier": null, "electrified": "no", "embankment": null, "fixme": null, "gauge": "1435", "highspeed": null, "layer": null, "length": null, "maxspeed": "79 mph", "name": "UP Glidden Subdivision", "name_1": null, "note": null, "note:old_railway_operator": null, "old_railway_operator": "SP", "operator": "Union Pacific Railroad", "operator:wikidata": "Q725793", "owner": "Union Pacific Railroad", "railway": "rail", "railway:atc": null, "railway:freight": null, "railway:ptc": "yes", "railway:ref": null, "railway:track_class": "5", "railway:track_ref": "2", "ref": null, "reporting_marks": null, "service": "none", "source": "Texas Department of Transportation", "spur": null, "start_date": null, "tiger:cfcc": "B11", "tiger:county": "Fort Bend, TX", "tiger:name_base": null, "tiger:name_base_1": null, "tiger:name_base_2": null, "tiger:reviewed": null, "tiger:zip_left": null, "tiger:zip_right": null, "tracks": null, "tunnel": null, "usage": "main", "maxspeed_mph": 79.0 }, "geometry": { "type": "LineString", "coordinates": [ [ -95.5917264, 29.628848 ], [ -95.5913422, 29.6288876 ], [ -95.5909451, 29.6289157 ], [ -95.5905186, 29.6289411 ], [ -95.5901321, 29.6289552 ], [ -95.5897001, 29.6289709 ], [ -95.5891927, 29.6289806 ], [ -95.5887627, 29.6289716 ], [ -95.5883643, 29.6289623 ], [ -95.5879495, 29.6289333 ], [ -95.5874901, 29.6288992 ], [ -95.587117, 29.6288596 ], [ -95.5866593, 29.6288011 ], [ -95.5862068, 29.6287334 ], [ -95.5858054, 29.6286731 ], [ -95.5853724, 29.6285934 ], [ -95.5849183, 29.6285028 ], [ -95.5844206, 29.6283832 ], [ -95.5838859, 29.6282458 ], [ -95.5834251, 29.6281129 ], [ -95.5829418, 29.6279548 ], [ -95.5826462, 29.6278542 ], [ -95.5824893, 29.6278014 ], [ -95.582202, 29.6276943 ], [ -95.5818749, 29.6275708 ], [ -95.58149, 29.62741 ], [ -95.5810997, 29.6272418 ], [ -95.580549, 29.62699 ], [ -95.5800167, 29.6267361 ] ] } },
{ "type": "Feature", "properties": { "id": "way/99798969", "@id": "way/99798969", "access": null, "addr:city": null, "addr:state": null, "bridge": "yes", "bridge:movable": null, "covered": null, "crossing:barrier": null, "electrified": "no", "embankment": null, "fixme": null, "gauge": "1435", "highspeed": null, "layer": "1", "length": null, "maxspeed": "79 mph", "name": "UP Glidden Subdivision", "name_1": null, "note": null, "note:old_railway_operator": null, "old_railway_operator": "SP", "operator": "Union Pacific Railroad", "operator:wikidata": "Q725793", "owner": "Union Pacific Railroad", "railway": "rail", "railway:atc": null, "railway:freight": null, "railway:ptc": "yes", "railway:ref": null, "railway:track_class": "5", "railway:track_ref": "2", "ref": null, "reporting_marks": null, "service": "none", "source": "Texas Department of Transportation", "spur": null, "start_date": null, "tiger:cfcc": "B11", "tiger:county": "Fort Bend, TX", "tiger:name_base": null, "tiger:name_base_1": null, "tiger:name_base_2": null, "tiger:reviewed": null, "tiger:zip_left": null, "tiger:zip_right": null, "tracks": null, "tunnel": null, "usage": "main", "maxspeed_mph": 79.0 }, "geometry": { "type": "LineString", "coordinates": [ [ -95.5936496, 29.6285441 ], [ -95.5932274, 29.6286233 ], [ -95.5929, 29.62868 ], [ -95.5925937, 29.6287333 ], [ -95.5922701, 29.6287821 ], [ -95.5920416, 29.6288131 ], [ -95.5917264, 29.628848 ] ] } },
{ "type": "Feature", "properties": { "id": "way/102749603", "@id": "way/102749603", "access": null, "addr:city": null, "addr:state": null, "bridge": null, "bridge:movable": null, "covered": null, "crossing:barrier": null, "electrified": "no", "embankment": null, "fixme": null, "gauge": "1435", "highspeed": null, "layer": null, "length": null, "maxspeed": "10 mph", "name": null, "name_1": null, "note": null, "note:old_railway_operator": null, "old_railway_operator": null, "operator": "BNSF Railway", "operator:wikidata": "Q267122", "owner": null, "railway": "rail", "railway:atc": null, "railway:freight": null, "railway:ptc": "yes", "railway:ref": null, "railway:track_class": null, "railway:track_ref": null, "ref": "492", "reporting_marks": "BNSF", "service": "none", "source": null, "spur": null, "start_date": null, "tiger:cfcc": null, "tiger:county": null, "tiger:name_base": null, "tiger:name_base_1": null, "tiger:name_base_2": null, "tiger:reviewed": null, "tiger:zip_left": null, "tiger:zip_right": null, "tracks": null, "tunnel": null, "usage": "main", "maxspeed_mph": 10.0 }, "geometry": { "type": "LineString", "coordinates": [ [ -95.3548702, 29.8196987 ], [ -95.3544776, 29.8196888 ], [ -95.3540988, 29.8196685 ], [ -95.3538936, 29.8196521 ], [ -95.3536903, 29.8196247 ], [ -95.3535462, 29.819598 ], [ -95.3535319, 29.819594 ], [ -95.353405, 29.8195606 ], [ -95.3532585, 29.8195152 ], [ -95.3531165, 29.819462 ], [ -95.3529713, 29.8193985 ], [ -95.3528217, 29.8193202 ], [ -95.3527036, 29.8192517 ], [ -95.3525805, 29.8191679 ], [ -95.3524776, 29.8190857 ], [ -95.3523631, 29.8189818 ], [ -95.3522554, 29.8188798 ], [ -95.3522193, 29.8188416 ], [ -95.3521441, 29.8187607 ], [ -95.3521071, 29.8187176 ], [ -95.3520382, 29.8186181 ], [ -95.3519605, 29.8185005 ], [ -95.351952, 29.8184874 ], [ -95.3518753, 29.8183754 ], [ -95.3518135, 29.8182428 ], [ -95.3517516, 29.8180785 ], [ -95.3516984, 29.8178808 ], [ -95.3516364, 29.8177109 ], [ -95.351542, 29.8174012 ] ] } },
{ "type": "Feature", "properties": { "id": "way/102750203", "@id": "way/102750203", "access": null, "addr:city": null, "addr:state": null, "bridge": null, "bridge:movable": null, "covered": null, "crossing:barrier": null, "electrified": "no", "embankment": null, "fixme": null, "gauge": "1435", "highspeed": null, "layer": null, "length": null, "maxspeed": "20 mph", "name": "UP Houston West Belt Subdivision", "name_1": null, "note": null, "note:old_railway_operator": null, "old_railway_operator": null, "operator": "Union Pacific Railroad", "operator:wikidata": "Q725793", "owner": null, "railway": "rail", "railway:atc": null, "railway:freight": null, "railway:ptc": "yes", "railway:ref": null, "railway:track_class": "2", "railway:track_ref": null, "ref": null, "reporting_marks": null, "service": "none", "source": "Texas Department of Transportation", "spur": null, "start_date": null, "tiger:cfcc": null, "tiger:county": null, "tiger:name_base": null, "tiger:name_base_1": null, "tiger:name_base_2": null, "tiger:reviewed": null, "tiger:zip_left": null, "tiger:zip_right": null, "tracks": null, "tunnel": null, "usage": "main", "maxspeed_mph": 20.0 }, "geometry": { "type": "LineString", "coordinates": [ [ -95.3487677, 29.7821305 ], [ -95.3487791, 29.7830752 ], [ -95.3487806, 29.7834191 ], [ -95.3487952, 29.7848914 ], [ -95.3488193, 29.7863458 ], [ -95.3488126, 29.7867519 ], [ -95.348787, 29.787014 ], [ -95.3487383, 29.7872881 ], [ -95.3486927, 29.7875258 ], [ -95.3485048, 29.7879844 ], [ -95.3481182, 29.7889412 ], [ -95.3476087, 29.7901962 ], [ -95.3472543, 29.7910689 ], [ -95.3467221, 29.7923842 ] ] } },
{ "type": "Feature", "properties": { "id": "way/102750204", "@id": "way/102750204", "access": null, "addr:city": null, "addr:state": null, "bridge": "yes", "bridge:movable": null, "covered": null, "crossing:barrier": null, "electrified": "no", "embankment": null, "fixme": null, "gauge": "1435", "highspeed": null, "layer": "1", "length": null, "maxspeed": "20 mph", "name": "UP Houston West Belt Subdivision", "name_1": null, "note": null, "note:old_railway_operator": null, "old_railway_operator": "MP", "operator": "Union Pacific Railroad", "operator:wikidata": "Q725793", "owner": null, "railway": "rail", "railway:atc": null, "railway:freight": null, "railway:ptc": "yes", "railway:ref": null, "railway:track_class": "2", "railway:track_ref": null, "ref": null, "reporting_marks": null, "service": "none", "source": "Texas Department of Transportation", "spur": null, "start_date": null, "tiger:cfcc": null, "tiger:county": null, "tiger:name_base": null, "tiger:name_base_1": null, "tiger:name_base_2": null, "tiger:reviewed": null, "tiger:zip_left": null, "tiger:zip_right": null, "tracks": null, "tunnel": null, "usage": "main", "maxspeed_mph": 20.0 }, "geometry": { "type": "LineString", "coordinates": [ [ -95.3504147, 29.8129027 ], [ -95.3505355, 29.8133817 ] ] } },
{ "type": "Feature", "properties": { "id": "way/102750205", "@id": "way/102750205", "access": null, "addr:city": null, "addr:state": null, "bridge": null, "bridge:movable": null, "covered": null, "crossing:barrier": null, "electrified": "no", "embankment": null, "fixme": null, "gauge": "1435", "highspeed": null, "layer": null, "length": null, "maxspeed": "20 mph", "name": "UP Houston West Belt Subdivision", "name_1": null, "note": null, "note:old_railway_operator": null, "old_railway_operator": "MP", "operator": "Union Pacific Railroad", "operator:wikidata": "Q725793", "owner": null, "railway": "rail", "railway:atc": null, "railway:freight": null, "railway:ptc": "yes", "railway:ref": null, "railway:track_class": "2", "railway:track_ref": null, "ref": null, "reporting_marks": null, "service": "none", "source": "Texas Department of Transportation", "spur": null, "start_date": null, "tiger:cfcc": null, "tiger:county": null, "tiger:name_base": null, "tiger:name_base_1": null, "tiger:name_base_2": null, "tiger:reviewed": null, "tiger:zip_left": null, "tiger:zip_right": null, "tracks": null, "tunnel": null, "usage": "main", "maxspeed_mph": 20.0 }, "geometry": { "type": "LineString", "coordinates": [ [ -95.3505355, 29.8133817 ], [ -95.3507392, 29.8141794 ], [ -95.3507652, 29.8142815 ], [ -95.3507709, 29.8143133 ], [ -95.351022, 29.8153412 ], [ -95.3511403, 29.8158134 ], [ -95.351542, 29.8174012 ] ] } },
{ "type": "Feature", "properties": { "id": "way/102750207", "@id": "way/102750207", "access": null, "addr:city": null, "addr:state": null, "bridge": null, "bridge:movable": null, "covered": null, "crossing:barrier": null, "electrified": "no", "embankment": null, "fixme": null, "gauge": "1435", "highspeed": null, "layer": null, "length": null, "maxspeed": "20 mph", "name": "UP Houston West Belt Subdivision", "name_1": null, "note": null, "note:old_railway_operator": null, "old_railway_operator": "MP", "operator": "Union Pacific Railroad", "operator:wikidata": "Q725793", "owner": null, "railway": "rail", "railway:atc": null, "railway:freight": null, "railway:ptc": "yes", "railway:ref": null, "railway:track_class": "2", "railway:track_ref": null, "ref": null, "reporting_marks": null, "service": "none", "source": "Texas Department of Transportation", "spur": null, "start_date": null, "tiger:cfcc": null, "tiger:county": null, "tiger:name_base": null, "tiger:name_base_1": null, "tiger:name_base_2": null, "tiger:reviewed": null, "tiger:zip_left": null, "tiger:zip_right": null, "tracks": null, "tunnel": null, "usage": "main", "maxspeed_mph": 20.0 }, "geometry": { "type": "LineString", "coordinates": [ [ -95.3503329, 29.8125752 ], [ -95.3504147, 29.8129027 ] ] } },
{ "type": "Feature", "properties": { "id": "way/102750210", "@id": "way/102750210", "access": null, "addr:city": null, "addr:state": null, "bridge": "yes", "bridge:movable": null, "covered": null, "crossing:barrier": null, "electrified": "no", "embankment": null, "fixme": null, "gauge": "1435", "highspeed": null, "layer": "1", "length": null, "maxspeed": "20 mph", "name": "UP Houston West Belt Subdivision", "name_1": null, "note": null, "note:old_railway_operator": null, "old_railway_operator": "MP", "operator": "Union Pacific Railroad", "operator:wikidata": "Q725793", "owner": null, "railway": "rail", "railway:atc": null, "railway:freight": null, "railway:ptc": "yes", "railway:ref": null, "railway:track_class": "2", "railway:track_ref": null, "ref": null, "reporting_marks": null, "service": "none", "source": "Texas Department of Transportation", "spur": null, "start_date": null, "tiger:cfcc": null, "tiger:county": null, "tiger:name_base": null, "tiger:name_base_1": null, "tiger:name_base_2": null, "tiger:reviewed": null, "tiger:zip_left": null, "tiger:zip_right": null, "tracks": null, "tunnel": null, "usage": "main", "maxspeed_mph": 20.0 }, "geometry": { "type": "LineString", "coordinates": [ [ -95.350371, 29.8129097 ], [ -95.3504895, 29.8133898 ] ] } },
{ "type": "Feature", "properties": { "id": "way/102750212", "@id": "way/102750212", "access": null, "addr:city": null, "addr:state": null, "bridge": null, "bridge:movable": null, "covered": null, "crossing:barrier": null, "electrified": "no", "embankment": null, "fixme": null, "gauge": "1435", "highspeed": null, "layer": null, "length": null, "maxspeed": "20 mph", "name": "UP Houston West Belt Subdivision", "name_1": null, "note": null, "note:old_railway_operator": null, "old_railway_operator": "MP", "operator": "Union Pacific Railroad", "operator:wikidata": "Q725793", "owner": null, "railway": "rail", "railway:atc": null, "railway:freight": null, "railway:ptc": "yes", "railway:ref": null, "railway:track_class": "2", "railway:track_ref": null, "ref": null, "reporting_marks": null, "service": "none", "source": "Texas Department of Transportation", "spur": null, "start_date": null, "tiger:cfcc": null, "tiger:county": null, "tiger:name_base": null, "tiger:name_base_1": null, "tiger:name_base_2": null, "tiger:reviewed": null, "tiger:zip_left": null, "tiger:zip_right": null, "tracks": null, "tunnel": null, "usage": "main", "maxspeed_mph": 20.0 }, "geometry": { "type": "LineString", "coordinates": [ [ -95.3504895, 29.8133898 ], [ -95.3506861, 29.8141863 ], [ -95.3507003, 29.8142437 ], [ -95.3509298, 29.8151176 ], [ -95.350981, 29.8153678 ], [ -95.3510927, 29.8158143 ], [ -95.3512232, 29.8163361 ], [ -95.3513604, 29.8168554 ] ] } },
{ "type": "Feature", "properties": { "id": "way/102752348", "@id": "way/102752348", "access": null, "addr:city": null, "addr:state": null, "bridge": null, "bridge:movable": null, "covered": null, "crossing:barrier": null, "electrified": "no", "embankment": null, "fixme": null, "gauge": "1435", "highspeed": null, "layer": null, "length": null, "maxspeed": "20 mph", "name": "UP Houston West Belt Subdivision", "name_1": null, "note": null, "note:old_railway_operator": null, "old_railway_operator": null, "operator": "Union Pacific Railroad", "operator:wikidata": "Q725793", "owner": null, "railway": "rail", "railway:atc": null, "railway:freight": null, "railway:ptc": "yes", "railway:ref": null, "railway:track_class": "2", "railway:track_ref": null, "ref": null, "reporting_marks": null, "service": "none", "source": "Texas Department of Transportation", "spur": null, "start_date": null, "tiger:cfcc": null, "tiger:county": null, "tiger:name_base": null, "tiger:name_base_1": null, "tiger:name_base_2": null, "tiger:reviewed": null, "tiger:zip_left": null, "tiger:zip_right": null, "tracks": null, "tunnel": null, "usage": "main", "maxspeed_mph": 20.0 }, "geometry": { "type": "LineString", "coordinates": [ [ -95.3486763, 29.7849017 ], [ -95.3486621, 29.7838729 ] ] } },
{ "type": "Feature", "properties": { "id": "way/102752354", "@id": "way/102752354", "access": null, "addr:city": null, "addr:state": null, "bridge": null, "bridge:movable": null, "covered": null, "crossing:barrier": null, "electrified": "no", "embankment": null, "fixme": null, "gauge": "1435", "highspeed": null, "layer": null, "length": null, "maxspeed": "20 mph", "name": "UP Houston West Belt Subdivision", "name_1": null, "note": null, "note:old_railway_operator": null, "old_railway_operator": "SP", "operator": "Union Pacific Railroad", "operator:wikidata": "Q725793", "owner": null, "railway": "rail", "railway:atc": null, "railway:freight": null, "railway:ptc": "yes", "railway:ref": null, "railway:track_class": "2", "railway:track_ref": null, "ref": null, "reporting_marks": null, "service": "none", "source": "Texas Department of Transportation", "spur": null, "start_date": null, "tiger:cfcc": null, "tiger:county": null, "tiger:name_base": null, "tiger:name_base_1": null, "tiger:name_base_2": null, "tiger:reviewed": null, "tiger:zip_left": null, "tiger:zip_right": null, "tracks": null, "tunnel": null, "usage": "main", "maxspeed_mph": 20.0 }, "geometry": { "type": "LineString", "coordinates": [ [ -95.347528, 29.7899916 ], [ -95.3479205, 29.7890149 ], [ -95.3483654, 29.7879388 ], [ -95.3484837, 29.7876022 ], [ -95.3485614, 29.7873538 ], [ -95.3486309, 29.7870391 ], [ -95.3486875, 29.7865838 ], [ -95.3486935, 29.7862299 ], [ -95.3486763, 29.7849017 ] ] } },
{ "type": "Feature", "properties": { "id": "way/102753470", "@id": "way/102753470", "access": null, "addr:city": null, "addr:state": null, "bridge": "yes", "bridge:movable": null, "covered": null, "crossing:barrier": null, "electrified": "no", "embankment": null, "fixme": null, "gauge": "1435", "highspeed": null, "layer": "1", "length": null, "maxspeed": "79 mph", "name": "UP Houston Subdivision", "name_1": null, "note": null, "note:old_railway_operator": "T&NO", "old_railway_operator": "SP", "operator": "Union Pacific Railroad", "operator:wikidata": "Q725793", "owner": "Union Pacific Railroad", "railway": "rail", "railway:atc": null, "railway:freight": null, "railway:ptc": "yes", "railway:ref": null, "railway:track_class": "5", "railway:track_ref": null, "ref": null, "reporting_marks": null, "service": "none", "source": "Texas Department of Transportation", "spur": null, "start_date": null, "tiger:cfcc": null, "tiger:county": null, "tiger:name_base": null, "tiger:name_base_1": null, "tiger:name_base_2": null, "tiger:reviewed": null, "tiger:zip_left": null, "tiger:zip_right": null, "tracks": null, "tunnel": null, "usage": "main", "maxspeed_mph": 79.0 }, "geometry": { "type": "LineString", "coordinates": [ [ -95.3417341, 29.7766329 ], [ -95.341914, 29.7765548 ] ] } },
{ "type": "Feature", "properties": { "id": "way/102753471", "@id": "way/102753471", "access": null, "addr:city": null, "addr:state": null, "bridge": null, "bridge:movable": null, "covered": null, "crossing:barrier": null, "electrified": "no", "embankment": null, "fixme": null, "gauge": "1435", "highspeed": null, "layer": null, "length": null, "maxspeed": "20 mph", "name": "Union Pacific Railroad", "name_1": null, "note": null, "note:old_railway_operator": null, "old_railway_operator": null, "operator": "Union Pacific Railroad", "operator:wikidata": "Q725793", "owner": null, "railway": "rail", "railway:atc": null, "railway:freight": null, "railway:ptc": "yes", "railway:ref": null, "railway:track_class": "2", "railway:track_ref": null, "ref": null, "reporting_marks": null, "service": "none", "source": "Texas Department of Transportation", "spur": null, "start_date": null, "tiger:cfcc": null, "tiger:county": null, "tiger:name_base": null, "tiger:name_base_1": null, "tiger:name_base_2": null, "tiger:reviewed": null, "tiger:zip_left": null, "tiger:zip_right": null, "tracks": null, "tunnel": null, "usage": "main", "maxspeed_mph": 20.0 }, "geometry": { "type": "LineString", "coordinates": [ [ -95.3449042, 29.7737112 ], [ -95.3448928, 29.7738692 ], [ -95.3448825, 29.7739679 ], [ -95.3448549, 29.7741299 ], [ -95.3448285, 29.7742517 ], [ -95.3447991, 29.7743572 ], [ -95.3447621, 29.7744688 ], [ -95.344723, 29.7745705 ], [ -95.3446775, 29.7746747 ], [ -95.3446277, 29.7747755 ], [ -95.3445779, 29.774869 ], [ -95.3445181, 29.774969 ], [ -95.3444603, 29.7750575 ], [ -95.3443921, 29.7751505 ], [ -95.3443349, 29.7752225 ], [ -95.3442565, 29.775311 ], [ -95.3441706, 29.7753969 ], [ -95.3440912, 29.7754682 ], [ -95.3440173, 29.7755297 ], [ -95.3439317, 29.7755892 ], [ -95.3438601, 29.7756353 ], [ -95.3437657, 29.7756916 ], [ -95.3436388, 29.7757584 ], [ -95.3435036, 29.7758278 ], [ -95.3433798, 29.775886 ], [ -95.3431855, 29.7759703 ], [ -95.3427129, 29.7761694 ], [ -95.3425912, 29.776222 ], [ -95.3424802, 29.776275 ], [ -95.3422496, 29.7763999 ], [ -95.342025, 29.7765092 ] ] } },
{ "type": "Feature", "properties": { "id": "way/102753473", "@id": "way/102753473", "access": null, "addr:city": null, "addr:state": null, "bridge": "yes", "bridge:movable": null, "covered": null, "crossing:barrier": null, "electrified": "no", "embankment": null, "fixme": null, "gauge": "1435", "highspeed": null, "layer": "1", "length": null, "maxspeed": "70 mph", "name": "UP Houston Subdivision", "name_1": null, "note": null, "note:old_railway_operator": null, "old_railway_operator": "SP", "operator": "Union Pacific Railroad", "operator:wikidata": "Q725793", "owner": "Union Pacific Railroad", "railway": "rail", "railway:atc": null, "railway:freight": null, "railway:ptc": "yes", "railway:ref": null, "railway:track_class": "5", "railway:track_ref": null, "ref": null, "reporting_marks": null, "service": "none", "source": "Texas Department of Transportation", "spur": null, "start_date": null, "tiger:cfcc": null, "tiger:county": null, "tiger:name_base": null, "tiger:name_base_1": null, "tiger:name_base_2": null, "tiger:reviewed": null, "tiger:zip_left": null, "tiger:zip_right": null, "tracks": null, "tunnel": null, "usage": "main", "maxspeed_mph": 70.0 }, "geometry": { "type": "LineString", "coordinates": [ [ -95.3674308, 29.7724161 ], [ -95.3641707, 29.7724508 ] ] } },
{ "type": "Feature", "properties": { "id": "way/102753474", "@id": "way/102753474", "access": null, "addr:city": null, "addr:state": null, "bridge": null, "bridge:movable": null, "covered": null, "crossing:barrier": null, "electrified": "no", "embankment": null, "fixme": null, "gauge": "1435", "highspeed": null, "layer": null, "length": null, "maxspeed": "79 mph", "name": "UP Houston Subdivision", "name_1": null, "note": null, "note:old_railway_operator": "T&NO", "old_railway_operator": "SP", "operator": "Union Pacific Railroad", "operator:wikidata": "Q725793", "owner": "Union Pacific Railroad", "railway": "rail", "railway:atc": null, "railway:freight": null, "railway:ptc": "yes", "railway:ref": null, "railway:track_class": "5", "railway:track_ref": null, "ref": null, "reporting_marks": null, "service": "none", "source": "Texas Department of Transportation", "spur": null, "start_date": null, "tiger:cfcc": null, "tiger:county": null, "tiger:name_base": null, "tiger:name_base_1": null, "tiger:name_base_2": null, "tiger:reviewed": null, "tiger:zip_left": null, "tiger:zip_right": null, "tracks": null, "tunnel": null, "usage": "main", "maxspeed_mph": 79.0 }, "geometry": { "type": "LineString", "coordinates": [ [ -95.3311857, 29.7811217 ], [ -95.3307006, 29.7813286 ], [ -95.330137, 29.7815692 ], [ -95.3280181, 29.7824714 ], [ -95.3262254, 29.7832377 ], [ -95.3224567, 29.7848395 ], [ -95.3204771, 29.7856843 ], [ -95.3195021, 29.7860982 ] ] } },
{ "type": "Feature", "properties": { "id": "way/102753476", "@id": "way/102753476", "access": null, "addr:city": null, "addr:state": null, "bridge": null, "bridge:movable": null, "covered": null, "crossing:barrier": null, "electrified": "no", "embankment": null, "fixme": null, "gauge": "1435", "highspeed": null, "layer": null, "length": null, "maxspeed": "79 mph", "name": "UP Houston Subdivision", "name_1": null, "note": null, "note:old_railway_operator": "T&NO", "old_railway_operator": "SP", "operator": "Union Pacific Railroad", "operator:wikidata": "Q725793", "owner": "Union Pacific Railroad", "railway": "rail", "railway:atc": null, "railway:freight": null, "railway:ptc": "yes", "railway:ref": null, "railway:track_class": "5", "railway:track_ref": null, "ref": null, "reporting_marks": null, "service": "none", "source": "Texas Department of Transportation", "spur": null, "start_date": null, "tiger:cfcc": null, "tiger:county": null, "tiger:name_base": null, "tiger:name_base_1": null, "tiger:name_base_2": null, "tiger:reviewed": null, "tiger:zip_left": null, "tiger:zip_right": null, "tracks": null, "tunnel": null, "usage": "main", "maxspeed_mph": 79.0 }, "geometry": { "type": "LineString", "coordinates": [ [ -95.3434828, 29.7758887 ], [ -95.3445158, 29.775446 ], [ -95.3455879, 29.7749866 ], [ -95.3457822, 29.7749033 ], [ -95.3461008, 29.7747717 ], [ -95.3461448, 29.7747516 ], [ -95.3464061, 29.7746409 ], [ -95.3468936, 29.7744324 ] ] } },
{ "type": "Feature", "properties": { "id": "way/102753478", "@id": "way/102753478", "access": null, "addr:city": null, "addr:state": null, "bridge": "yes", "bridge:movable": null, "covered": null, "crossing:barrier": null, "electrified": "no", "embankment": null, "fixme": null, "gauge": "1435", "highspeed": null, "layer": "1", "length": null, "maxspeed": "79 mph", "name": "UP Houston Subdivision", "name_1": null, "note": null, "note:old_railway_operator": "T&NO", "old_railway_operator": "SP", "operator": "Union Pacific Railroad", "operator:wikidata": "Q725793", "owner": "Union Pacific Railroad", "railway": "rail", "railway:atc": null, "railway:freight": null, "railway:ptc": "yes", "railway:ref": null, "railway:track_class": "5", "railway:track_ref": null, "ref": null, "reporting_marks": null, "service": "none", "source": "Texas Department of Transportation", "spur": null, "start_date": null, "tiger:cfcc": null, "tiger:county": null, "tiger:name_base": null, "tiger:name_base_1": null, "tiger:name_base_2": null, "tiger:reviewed": null, "tiger:zip_left": null, "tiger:zip_right": null, "tracks": null, "tunnel": null, "usage": "main", "maxspeed_mph": 79.0 }, "geometry": { "type": "LineString", "coordinates": [ [ -95.3419157, 29.7765977 ], [ -95.3417374, 29.7766737 ] ] } },
{ "type": "Feature", "properties": { "id": "way/102753481", "@id": "way/102753481", "access": null, "addr:city": null, "addr:state": null, "bridge": null, "bridge:movable": null, "covered": null, "crossing:barrier": null, "electrified": "no", "embankment": null, "fixme": null, "gauge": "1435", "highspeed": null, "layer": null, "length": null, "maxspeed": "20 mph", "name": "Union Pacific Railroad", "name_1": null, "note": null, "note:old_railway_operator": null, "old_railway_operator": null, "operator": "Union Pacific Railroad", "operator:wikidata": "Q725793", "owner": null, "railway": "rail", "railway:atc": null, "railway:freight": null, "railway:ptc": "yes", "railway:ref": null, "railway:track_class": "2", "railway:track_ref": null, "ref": null, "reporting_marks": null, "service": "none", "source": "Texas Department of Transportation", "spur": null, "start_date": null, "tiger:cfcc": null, "tiger:county": null, "tiger:name_base": null, "tiger:name_base_1": null, "tiger:name_base_2": null, "tiger:reviewed": null, "tiger:zip_left": null, "tiger:zip_right": null, "tracks": null, "tunnel": null, "usage": "main", "maxspeed_mph": 20.0 }, "geometry": { "type": "LineString", "coordinates": [ [ -95.3481985, 29.7771317 ], [ -95.3481327, 29.777043 ], [ -95.3480509, 29.776941 ], [ -95.3479773, 29.7768545 ], [ -95.347907, 29.7767744 ], [ -95.3477583, 29.7766092 ], [ -95.3476765, 29.7765199 ], [ -95.3475755, 29.776409 ], [ -95.3473957, 29.7762118 ], [ -95.3471905, 29.7759906 ], [ -95.3470777, 29.7758726 ], [ -95.3469155, 29.7757096 ], [ -95.346801, 29.7756035 ], [ -95.3466988, 29.7755187 ], [ -95.3466064, 29.7754526 ], [ -95.3465078, 29.7753921 ], [ -95.3464327, 29.7753534 ], [ -95.3463481, 29.7753148 ], [ -95.3462517, 29.7752794 ], [ -95.3461521, 29.7752505 ], [ -95.3460638, 29.775229 ], [ -95.345974, 29.7752125 ], [ -95.3458928, 29.7751984 ], [ -95.3457916, 29.7751867 ], [ -95.3457131, 29.7751855 ], [ -95.3456339, 29.7751855 ], [ -95.3455634, 29.7751875 ], [ -95.3454576, 29.7751965 ], [ -95.3453635, 29.7752107 ], [ -95.3452718, 29.7752286 ], [ -95.3451848, 29.7752514 ], [ -95.3450979, 29.7752766 ], [ -95.3450039, 29.7753063 ], [ -95.3448666, 29.7753527 ], [ -95.3445301, 29.7754815 ] ] } },
{ "type": "Feature", "properties": { "id": "way/102753483", "@id": "way/102753483", "access": null, "addr:city": null, "addr:state": null, "bridge": null, "bridge:movable": null, "covered": null, "crossing:barrier": null, "electrified": "no", "embankment": null, "fixme": null, "gauge": "1435", "highspeed": null, "layer": null, "length": null, "maxspeed": "79 mph", "name": "UP Houston Subdivision", "name_1": null, "note": null, "note:old_railway_operator": "T&NO", "old_railway_operator": "SP", "operator": "Union Pacific Railroad", "operator:wikidata": "Q725793", "owner": "Union Pacific Railroad", "railway": "rail", "railway:atc": null, "railway:freight": null, "railway:ptc": "yes", "railway:ref": null, "railway:track_class": "5", "railway:track_ref": null, "ref": null, "reporting_marks": null, "service": "none", "source": "Texas Department of Transportation", "spur": null, "start_date": null, "tiger:cfcc": null, "tiger:county": null, "tiger:name_base": null, "tiger:name_base_1": null, "tiger:name_base_2": null, "tiger:reviewed": null, "tiger:zip_left": null, "tiger:zip_right": null, "tracks": null, "tunnel": null, "usage": "main", "maxspeed_mph": 79.0 }, "geometry": { "type": "LineString", "coordinates": [ [ -95.3319928, 29.7808215 ], [ -95.3307223, 29.7813638 ], [ -95.3280574, 29.7824987 ], [ -95.3269334, 29.7829741 ], [ -95.3259943, 29.7833777 ], [ -95.322475, 29.7848768 ], [ -95.3210622, 29.7854757 ], [ -95.3201066, 29.7858838 ] ] } },
{ "type": "Feature", "properties": { "id": "way/102774251", "@id": "way/102774251", "access": null, "addr:city": null, "addr:state": null, "bridge": null, "bridge:movable": null, "covered": null, "crossing:barrier": null, "electrified": "no", "embankment": null, "fixme": null, "gauge": "1435", "highspeed": null, "layer": null, "length": null, "maxspeed": "20 mph", "name": "UP Houston West Belt Subdivision", "name_1": null, "note": null, "note:old_railway_operator": null, "old_railway_operator": "MP", "operator": "Union Pacific Railroad", "operator:wikidata": "Q725793", "owner": null, "railway": "rail", "railway:atc": null, "railway:freight": null, "railway:ptc": "yes", "railway:ref": null, "railway:track_class": "2", "railway:track_ref": null, "ref": null, "reporting_marks": null, "service": "none", "source": "Texas Department of Transportation", "spur": null, "start_date": null, "tiger:cfcc": null, "tiger:county": null, "tiger:name_base": null, "tiger:name_base_1": null, "tiger:name_base_2": null, "tiger:reviewed": null, "tiger:zip_left": null, "tiger:zip_right": null, "tracks": null, "tunnel": null, "usage": "main", "maxspeed_mph": 20.0 }, "geometry": { "type": "LineString", "coordinates": [ [ -95.3459561, 29.7630629 ], [ -95.3456908, 29.7634038 ], [ -95.3456114, 29.7635114 ], [ -95.3455251, 29.7636316 ], [ -95.3454109, 29.7638069 ], [ -95.3453399, 29.7639217 ], [ -95.3452619, 29.7640644 ], [ -95.3451965, 29.7641937 ], [ -95.3451498, 29.7642964 ], [ -95.3450948, 29.7644336 ], [ -95.3450454, 29.764569 ], [ -95.3449953, 29.7647189 ], [ -95.344941, 29.7648857 ], [ -95.3448853, 29.7650706 ], [ -95.3448421, 29.7652181 ], [ -95.3448066, 29.7653504 ], [ -95.3447715, 29.7655067 ], [ -95.3447486, 29.7656157 ], [ -95.3447311, 29.7657232 ], [ -95.3447176, 29.7658299 ], [ -95.3447073, 29.7659363 ], [ -95.3446983, 29.7660582 ], [ -95.3446947, 29.766205 ], [ -95.3446934, 29.7663506 ], [ -95.3446961, 29.7665625 ], [ -95.3447019, 29.7670147 ], [ -95.3447275, 29.7685397 ], [ -95.3447293, 29.7686645 ], [ -95.3447293, 29.7689109 ] ] } },
{ "type": "Feature", "properties": { "id": "way/102774254", "@id": "way/102774254", "access": null, "addr:city": null, "addr:state": null, "bridge": null, "bridge:movable": null, "covered": null, "crossing:barrier": null, "electrified": "no", "embankment": null, "fixme": null, "gauge": "1435", "highspeed": null, "layer": null, "length": null, "maxspeed": "20 mph", "name": "UP Houston West Belt Subdivision", "name_1": null, "note": "was leased to HB&T", "note:old_railway_operator": null, "old_railway_operator": "AT&SF", "operator": "Union Pacific Railroad", "operator:wikidata": "Q725793", "owner": null, "railway": "rail", "railway:atc": null, "railway:freight": null, "railway:ptc": "yes", "railway:ref": null, "railway:track_class": "2", "railway:track_ref": null, "ref": null, "reporting_marks": null, "service": "none", "source": "Texas Department of Transportation", "spur": null, "start_date": null, "tiger:cfcc": null, "tiger:county": null, "tiger:name_base": null, "tiger:name_base_1": null, "tiger:name_base_2": null, "tiger:reviewed": null, "tiger:zip_left": null, "tiger:zip_right": null, "tracks": null, "tunnel": null, "usage": "main", "maxspeed_mph": 20.0 }, "geometry": { "type": "LineString", "coordinates": [ [ -95.3330759, 29.7148017 ], [ -95.3332882, 29.7154261 ], [ -95.3335572, 29.7162432 ], [ -95.3338256, 29.7170511 ], [ -95.3341781, 29.7181172 ], [ -95.3346384, 29.7195008 ], [ -95.3350289, 29.720677 ], [ -95.3353174, 29.7215532 ], [ -95.3356498, 29.7225694 ], [ -95.3359259, 29.7233943 ], [ -95.3362476, 29.7243511 ], [ -95.3364608, 29.7249984 ], [ -95.3367843, 29.7259893 ], [ -95.3370029, 29.7266412 ], [ -95.3370785, 29.7268661 ] ] } },
{ "type": "Feature", "properties": { "id": "way/102774259", "@id": "way/102774259", "access": null, "addr:city": null, "addr:state": null, "bridge": "yes", "bridge:movable": null, "covered": null, "crossing:barrier": null, "electrified": "no", "embankment": null, "fixme": null, "gauge": "1435", "highspeed": null, "layer": "1", "length": null, "maxspeed": "20 mph", "name": "UP Houston West Belt Subdivision", "name_1": null, "note": null, "note:old_railway_operator": null, "old_railway_operator": "MP", "operator": "Union Pacific Railroad", "operator:wikidata": "Q725793", "owner": null, "railway": "rail", "railway:atc": null, "railway:freight": null, "railway:ptc": "yes", "railway:ref": null, "railway:track_class": "2", "railway:track_ref": null, "ref": null, "reporting_marks": null, "service": "none", "source": "Texas Department of Transportation", "spur": null, "start_date": null, "tiger:cfcc": null, "tiger:county": null, "tiger:name_base": null, "tiger:name_base_1": null, "tiger:name_base_2": null, "tiger:reviewed": null, "tiger:zip_left": null, "tiger:zip_right": null, "tracks": null, "tunnel": null, "usage": "main", "maxspeed_mph": 20.0 }, "geometry": { "type": "LineString", "coordinates": [ [ -95.3467604, 29.7620486 ], [ -95.3459561, 29.7630629 ] ] } },
{ "type": "Feature", "properties": { "id": "way/102774262", "@id": "way/102774262", "access": null, "addr:city": null, "addr:state": null, "bridge": null, "bridge:movable": null, "covered": null, "crossing:barrier": null, "electrified": "no", "embankment": null, "fixme": null, "gauge": "1435", "highspeed": null, "layer": null, "length": null, "maxspeed": "20 mph", "name": "UP Houston West Belt Subdivision", "name_1": null, "note": null, "note:old_railway_operator": null, "old_railway_operator": "MP", "operator": "Union Pacific Railroad", "operator:wikidata": "Q725793", "owner": null, "railway": "rail", "railway:atc": null, "railway:freight": null, "railway:ptc": "yes", "railway:ref": null, "railway:track_class": "2", "railway:track_ref": null, "ref": null, "reporting_marks": null, "service": "none", "source": "Texas Department of Transportation", "spur": null, "start_date": null, "tiger:cfcc": null, "tiger:county": null, "tiger:name_base": null, "tiger:name_base_1": null, "tiger:name_base_2": null, "tiger:reviewed": null, "tiger:zip_left": null, "tiger:zip_right": null, "tracks": null, "tunnel": null, "usage": "main", "maxspeed_mph": 20.0 }, "geometry": { "type": "LineString", "coordinates": [ [ -95.345915, 29.763043 ], [ -95.3456671, 29.7633567 ], [ -95.3454868, 29.7636044 ], [ -95.3453859, 29.7637555 ], [ -95.3452891, 29.7639145 ], [ -95.3452104, 29.7640613 ], [ -95.3451227, 29.7642426 ], [ -95.3450719, 29.7643629 ], [ -95.3450016, 29.7645485 ], [ -95.3449535, 29.7646856 ], [ -95.3448233, 29.7651039 ], [ -95.3447746, 29.7652725 ], [ -95.3447412, 29.7654036 ], [ -95.3447172, 29.7655054 ], [ -95.344692, 29.7656348 ], [ -95.3446719, 29.7657645 ], [ -95.3446584, 29.7658786 ], [ -95.3446503, 29.7660009 ], [ -95.3446427, 29.7661127 ], [ -95.34464, 29.7662685 ], [ -95.3446414, 29.7663869 ], [ -95.3446431, 29.7666821 ], [ -95.3446552, 29.7674776 ], [ -95.3446574, 29.7676265 ], [ -95.3446642, 29.768079 ], [ -95.3446687, 29.7684376 ], [ -95.3446729, 29.768667 ], [ -95.3446717, 29.768908 ] ] } },
{ "type": "Feature", "properties": { "id": "way/102774267", "@id": "way/102774267", "access": null, "addr:city": null, "addr:state": null, "bridge": null, "bridge:movable": null, "covered": null, "crossing:barrier": null, "electrified": "no", "embankment": null, "fixme": null, "gauge": "1435", "highspeed": null, "layer": null, "length": null, "maxspeed": "20 mph", "name": "UP Houston West Belt Subdivision", "name_1": null, "note": null, "note:old_railway_operator": null, "old_railway_operator": "MP", "operator": "Union Pacific Railroad", "operator:wikidata": "Q725793", "owner": null, "railway": "rail", "railway:atc": null, "railway:freight": null, "railway:ptc": "yes", "railway:ref": null, "railway:track_class": "2", "railway:track_ref": null, "ref": null, "reporting_marks": null, "service": "none", "source": "Texas Department of Transportation", "spur": null, "start_date": null, "tiger:cfcc": null, "tiger:county": null, "tiger:name_base": null, "tiger:name_base_1": null, "tiger:name_base_2": null, "tiger:reviewed": null, "tiger:zip_left": null, "tiger:zip_right": null, "tracks": null, "tunnel": null, "usage": "main", "maxspeed_mph": 20.0 }, "geometry": { "type": "LineString", "coordinates": [ [ -95.346723, 29.7620235 ], [ -95.3469046, 29.7617962 ], [ -95.3474773, 29.7610736 ], [ -95.3476549, 29.7608489 ], [ -95.3478253, 29.7606354 ], [ -95.3478563, 29.7605965 ], [ -95.3479051, 29.7605354 ], [ -95.3479246, 29.7605105 ], [ -95.3481984, 29.7601608 ], [ -95.3485764, 29.7596826 ], [ -95.3487143, 29.7595072 ], [ -95.3488505, 29.7593154 ], [ -95.3489415, 29.7591662 ], [ -95.3490308, 29.7589944 ], [ -95.3491054, 29.7588169 ], [ -95.3491483, 29.7587262 ], [ -95.3491865, 29.7586087 ], [ -95.3492248, 29.7584543 ], [ -95.3492519, 29.7583213 ], [ -95.3492739, 29.758185 ], [ -95.3492853, 29.7580597 ], [ -95.3492877, 29.7579483 ], [ -95.3492913, 29.7578508 ], [ -95.349286, 29.7577552 ], [ -95.3492763, 29.7576449 ], [ -95.3492652, 29.757557 ], [ -95.3492556, 29.7574934 ], [ -95.3492323, 29.757379 ], [ -95.3491925, 29.7572293 ], [ -95.3491419, 29.7570319 ], [ -95.3489217, 29.756365 ], [ -95.3485483, 29.7552417 ], [ -95.3481703, 29.7540999 ], [ -95.3480015, 29.7536255 ], [ -95.3479631, 29.7535097 ], [ -95.3477054, 29.7527394 ], [ -95.3475815, 29.7523679 ], [ -95.3474576, 29.7519964 ], [ -95.3470296, 29.7507066 ], [ -95.3468417, 29.7501446 ], [ -95.3467306, 29.7498071 ], [ -95.3466993, 29.749712 ] ] } },
{ "type": "Feature", "properties": { "id": "way/102774268", "@id": "way/102774268", "access": null, "addr:city": null, "addr:state": null, "bridge": "yes", "bridge:movable": null, "covered": null, "crossing:barrier": null, "electrified": "no", "embankment": null, "fixme": null, "gauge": "1435", "highspeed": null, "layer": "1", "length": null, "maxspeed": "20 mph", "name": "UP Houston West Belt Subdivision", "name_1": null, "note": null, "note:old_railway_operator": null, "old_railway_operator": "MP", "operator": "Union Pacific Railroad", "operator:wikidata": "Q725793", "owner": null, "railway": "rail", "railway:atc": null, "railway:freight": null, "railway:ptc": "yes", "railway:ref": null, "railway:track_class": "2", "railway:track_ref": null, "ref": null, "reporting_marks": null, "service": "none", "source": "Texas Department of Transportation", "spur": null, "start_date": null, "tiger:cfcc": null, "tiger:county": null, "tiger:name_base": null, "tiger:name_base_1": null, "tiger:name_base_2": null, "tiger:reviewed": null, "tiger:zip_left": null, "tiger:zip_right": null, "tracks": null, "tunnel": null, "usage": "main", "maxspeed_mph": 20.0 }, "geometry": { "type": "LineString", "coordinates": [ [ -95.346723, 29.7620235 ], [ -95.345915, 29.763043 ] ] } },
{ "type": "Feature", "properties": { "id": "way/102775032", "@id": "way/102775032", "access": null, "addr:city": null, "addr:state": null, "bridge": "yes", "bridge:movable": null, "covered": null, "crossing:barrier": null, "electrified": "no", "embankment": null, "fixme": null, "gauge": "1435", "highspeed": null, "layer": "1", "length": null, "maxspeed": "20 mph", "name": "UP Houston West Belt Subdivision", "name_1": null, "note": "was leased to HB&T", "note:old_railway_operator": null, "old_railway_operator": "AT&SF", "operator": "Union Pacific Railroad", "operator:wikidata": "Q725793", "owner": null, "railway": "rail", "railway:atc": null, "railway:freight": null, "railway:ptc": "yes", "railway:ref": null, "railway:track_class": "2", "railway:track_ref": null, "ref": null, "reporting_marks": null, "service": "none", "source": "Texas Department of Transportation", "spur": null, "start_date": null, "tiger:cfcc": null, "tiger:county": null, "tiger:name_base": null, "tiger:name_base_1": null, "tiger:name_base_2": null, "tiger:reviewed": null, "tiger:zip_left": null, "tiger:zip_right": null, "tracks": null, "tunnel": null, "usage": "main", "maxspeed_mph": 20.0 }, "geometry": { "type": "LineString", "coordinates": [ [ -95.3416799, 29.7406912 ], [ -95.3417579, 29.7408984 ] ] } },
{ "type": "Feature", "properties": { "id": "way/102775035", "@id": "way/102775035", "access": null, "addr:city": null, "addr:state": null, "bridge": null, "bridge:movable": null, "covered": null, "crossing:barrier": null, "electrified": "no", "embankment": null, "fixme": null, "gauge": "1435", "highspeed": null, "layer": null, "length": null, "maxspeed": "20 mph", "name": "UP Houston West Belt Subdivision", "name_1": null, "note": "was leased to HB&T", "note:old_railway_operator": null, "old_railway_operator": "AT&SF", "operator": "Union Pacific Railroad", "operator:wikidata": "Q725793", "owner": null, "railway": "rail", "railway:atc": null, "railway:freight": null, "railway:ptc": "yes", "railway:ref": null, "railway:track_class": "2", "railway:track_ref": null, "ref": null, "reporting_marks": null, "service": "none", "source": "Texas Department of Transportation", "spur": null, "start_date": null, "tiger:cfcc": null, "tiger:county": null, "tiger:name_base": null, "tiger:name_base_1": null, "tiger:name_base_2": null, "tiger:reviewed": null, "tiger:zip_left": null, "tiger:zip_right": null, "tracks": null, "tunnel": null, "usage": "main", "maxspeed_mph": 20.0 }, "geometry": { "type": "LineString", "coordinates": [ [ -95.3417579, 29.7408984 ], [ -95.3418242, 29.7410742 ], [ -95.3419778, 29.7414965 ], [ -95.3421115, 29.7418482 ], [ -95.342267, 29.7422876 ], [ -95.3424543, 29.742804 ], [ -95.3425801, 29.7431511 ], [ -95.3427228, 29.743546 ], [ -95.3427779, 29.7436979 ], [ -95.3428081, 29.743781 ], [ -95.3428447, 29.7438731 ], [ -95.342865, 29.7439243 ], [ -95.3429069, 29.7440246 ], [ -95.3429565, 29.7441281 ], [ -95.3430218, 29.7442511 ], [ -95.3430801, 29.7443565 ], [ -95.3431547, 29.7444744 ], [ -95.3432228, 29.7445764 ], [ -95.3432838, 29.7446601 ], [ -95.3433573, 29.7447547 ], [ -95.3434494, 29.7448687 ], [ -95.343548, 29.7449807 ], [ -95.3436357, 29.7450729 ], [ -95.3437201, 29.7451547 ], [ -95.3437262, 29.74516 ], [ -95.3438117, 29.7452348 ], [ -95.3438944, 29.7453042 ], [ -95.3439722, 29.7453647 ], [ -95.3440692, 29.7454342 ], [ -95.344238, 29.7455449 ], [ -95.3444352, 29.7456669 ], [ -95.3449183, 29.7459572 ] ] } },
{ "type": "Feature", "properties": { "id": "way/102775036", "@id": "way/102775036", "access": null, "addr:city": null, "addr:state": null, "bridge": "yes", "bridge:movable": null, "covered": null, "crossing:barrier": null, "electrified": "no", "embankment": null, "fixme": null, "gauge": "1435", "highspeed": null, "layer": "1", "length": null, "maxspeed": "20 mph", "name": "UP Houston West Belt Subdivision", "name_1": null, "note": "was leased to HB&T", "note:old_railway_operator": null, "old_railway_operator": "AT&SF", "operator": "Union Pacific Railroad", "operator:wikidata": "Q725793", "owner": null, "railway": "rail", "railway:atc": null, "railway:freight": null, "railway:ptc": "yes", "railway:ref": null, "railway:track_class": "2", "railway:track_ref": null, "ref": null, "reporting_marks": null, "service": "none", "source": "Texas Department of Transportation", "spur": null, "start_date": null, "tiger:cfcc": null, "tiger:county": null, "tiger:name_base": null, "tiger:name_base_1": null, "tiger:name_base_2": null, "tiger:reviewed": null, "tiger:zip_left": null, "tiger:zip_right": null, "tracks": null, "tunnel": null, "usage": "main", "maxspeed_mph": 20.0 }, "geometry": { "type": "LineString", "coordinates": [ [ -95.3416944, 29.7408809 ], [ -95.3416169, 29.7406725 ] ] } },
{ "type": "Feature", "properties": { "id": "way/102775038", "@id": "way/102775038", "access": null, "addr:city": null, "addr:state": null, "bridge": null, "bridge:movable": null, "covered": null, "crossing:barrier": null, "electrified": "no", "embankment": null, "fixme": null, "gauge": "1435", "highspeed": null, "layer": null, "length": null, "maxspeed": "20 mph", "name": "UP Houston West Belt Subdivision", "name_1": null, "note": "was leased to HB&T", "note:old_railway_operator": null, "old_railway_operator": "AT&SF", "operator": "Union Pacific Railroad", "operator:wikidata": "Q725793", "owner": null, "railway": "rail", "railway:atc": null, "railway:freight": null, "railway:ptc": "yes", "railway:ref": null, "railway:track_class": "2", "railway:track_ref": null, "ref": null, "reporting_marks": null, "service": "none", "source": "Texas Department of Transportation", "spur": null, "start_date": null, "tiger:cfcc": null, "tiger:county": null, "tiger:name_base": null, "tiger:name_base_1": null, "tiger:name_base_2": null, "tiger:reviewed": null, "tiger:zip_left": null, "tiger:zip_right": null, "tracks": null, "tunnel": null, "usage": "main", "maxspeed_mph": 20.0 }, "geometry": { "type": "LineString", "coordinates": [ [ -95.3416169, 29.7406725 ], [ -95.3414076, 29.7400706 ], [ -95.3411668, 29.7393451 ], [ -95.3409866, 29.7388051 ], [ -95.3407875, 29.7382026 ], [ -95.3406177, 29.737688 ], [ -95.3405399, 29.7374553 ], [ -95.3402552, 29.7365971 ], [ -95.340253, 29.7365895 ], [ -95.3402204, 29.7364772 ], [ -95.3401859, 29.7363793 ], [ -95.3401131, 29.7361731 ], [ -95.3396312, 29.7347199 ], [ -95.3391189, 29.7331723 ], [ -95.3382434, 29.730519 ], [ -95.3374265, 29.7280528 ], [ -95.337215, 29.727409 ] ] } },
{ "type": "Feature", "properties": { "id": "way/102777071", "@id": "way/102777071", "access": null, "addr:city": null, "addr:state": null, "bridge": null, "bridge:movable": null, "covered": null, "crossing:barrier": null, "electrified": "no", "embankment": null, "fixme": null, "gauge": "1435", "highspeed": null, "layer": null, "length": null, "maxspeed": "20 mph", "name": "Union Pacific Railroad", "name_1": null, "note": null, "note:old_railway_operator": null, "old_railway_operator": null, "operator": "Union Pacific Railroad", "operator:wikidata": "Q725793", "owner": "HB&T", "railway": "rail", "railway:atc": null, "railway:freight": null, "railway:ptc": "yes", "railway:ref": null, "railway:track_class": null, "railway:track_ref": null, "ref": null, "reporting_marks": null, "service": "none", "source": "Texas Department of Transportation", "spur": null, "start_date": null, "tiger:cfcc": null, "tiger:county": null, "tiger:name_base": null, "tiger:name_base_1": null, "tiger:name_base_2": null, "tiger:reviewed": null, "tiger:zip_left": null, "tiger:zip_right": null, "tracks": null, "tunnel": null, "usage": "main", "maxspeed_mph": 20.0 }, "geometry": { "type": "LineString", "coordinates": [ [ -95.3271628, 29.6966879 ], [ -95.3271295, 29.6965706 ], [ -95.3270906, 29.6964332 ], [ -95.3270617, 29.6963235 ], [ -95.3270401, 29.6961999 ], [ -95.3270292, 29.6960902 ], [ -95.3270278, 29.6959836 ], [ -95.327035, 29.6958951 ], [ -95.3270473, 29.6958036 ], [ -95.3270711, 29.6956919 ], [ -95.3271151, 29.6955608 ], [ -95.3271387, 29.6955039 ], [ -95.327152, 29.6954718 ], [ -95.3271946, 29.6953915 ], [ -95.3272332, 29.6953234 ], [ -95.3273, 29.6952158 ], [ -95.3273914, 29.6951029 ], [ -95.3274452, 29.6950503 ], [ -95.3275423, 29.6949674 ], [ -95.3275997, 29.6949186 ], [ -95.3277303, 29.6948151 ], [ -95.3279859, 29.6946295 ], [ -95.3283243, 29.694396 ] ] } },
{ "type": "Feature", "properties": { "id": "way/102852173", "@id": "way/102852173", "access": null, "addr:city": null, "addr:state": null, "bridge": "yes", "bridge:movable": null, "covered": null, "crossing:barrier": null, "electrified": "no", "embankment": null, "fixme": null, "gauge": "1435", "highspeed": null, "layer": "1", "length": null, "maxspeed": "20 mph", "name": "UP Houston East Belt Subdivision", "name_1": null, "note": null, "note:old_railway_operator": null, "old_railway_operator": "HB&T", "operator": "Union Pacific Railroad", "operator:wikidata": "Q725793", "owner": "HB&T", "railway": "rail", "railway:atc": null, "railway:freight": null, "railway:ptc": "yes", "railway:ref": null, "railway:track_class": "2", "railway:track_ref": null, "ref": null, "reporting_marks": null, "service": "none", "source": "Texas Department of Transportation", "spur": null, "start_date": null, "tiger:cfcc": null, "tiger:county": null, "tiger:name_base": null, "tiger:name_base_1": null, "tiger:name_base_2": null, "tiger:reviewed": null, "tiger:zip_left": null, "tiger:zip_right": null, "tracks": null, "tunnel": null, "usage": "main", "maxspeed_mph": 20.0 }, "geometry": { "type": "LineString", "coordinates": [ [ -95.3423383, 29.8198382 ], [ -95.3426681, 29.8198347 ] ] } },
{ "type": "Feature", "properties": { "id": "way/102852180", "@id": "way/102852180", "access": null, "addr:city": null, "addr:state": null, "bridge": null, "bridge:movable": null, "covered": null, "crossing:barrier": null, "electrified": "no", "embankment": null, "fixme": null, "gauge": "1435", "highspeed": null, "layer": null, "length": null, "maxspeed": "60 mph", "name": "UP Palestine Subdivision", "name_1": null, "note": null, "note:old_railway_operator": null, "old_railway_operator": "MP", "operator": "Union Pacific Railroad", "operator:wikidata": "Q725793", "owner": null, "railway": "rail", "railway:atc": null, "railway:freight": null, "railway:ptc": "yes", "railway:ref": null, "railway:track_class": "4", "railway:track_ref": null, "ref": null, "reporting_marks": null, "service": "none", "source": "Texas Department of Transportation", "spur": null, "start_date": null, "tiger:cfcc": null, "tiger:county": null, "tiger:name_base": null, "tiger:name_base_1": null, "tiger:name_base_2": null, "tiger:reviewed": null, "tiger:zip_left": null, "tiger:zip_right": null, "tracks": null, "tunnel": null, "usage": "main", "maxspeed_mph": 60.0 }, "geometry": { "type": "LineString", "coordinates": [ [ -95.352713, 29.8220751 ], [ -95.352897, 29.8228224 ], [ -95.3529774, 29.8231396 ] ] } },
{ "type": "Feature", "properties": { "id": "way/102852182", "@id": "way/102852182", "access": null, "addr:city": null, "addr:state": null, "bridge": null, "bridge:movable": null, "covered": null, "crossing:barrier": null, "electrified": "no", "embankment": null, "fixme": null, "gauge": "1435", "highspeed": null, "layer": null, "length": null, "maxspeed": "60 mph", "name": "UP Palestine Subdivision", "name_1": null, "note": null, "note:old_railway_operator": null, "old_railway_operator": "MP", "operator": "Union Pacific Railroad", "operator:wikidata": "Q725793", "owner": null, "railway": "rail", "railway:atc": null, "railway:freight": null, "railway:ptc": "yes", "railway:ref": null, "railway:track_class": "4", "railway:track_ref": null, "ref": null, "reporting_marks": null, "service": "none", "source": "Texas Department of Transportation", "spur": null, "start_date": null, "tiger:cfcc": null, "tiger:county": null, "tiger:name_base": null, "tiger:name_base_1": null, "tiger:name_base_2": null, "tiger:reviewed": null, "tiger:zip_left": null, "tiger:zip_right": null, "tracks": null, "tunnel": null, "usage": "main", "maxspeed_mph": 60.0 }, "geometry": { "type": "LineString", "coordinates": [ [ -95.3531304, 29.823971 ], [ -95.3526454, 29.8220283 ] ] } },
{ "type": "Feature", "properties": { "id": "way/102852183", "@id": "way/102852183", "access": null, "addr:city": null, "addr:state": null, "bridge": "yes", "bridge:movable": null, "covered": null, "crossing:barrier": null, "electrified": "no", "embankment": null, "fixme": null, "gauge": "1435", "highspeed": null, "layer": "1", "length": null, "maxspeed": "20 mph", "name": "UP Houston East Belt Subdivision", "name_1": null, "note": null, "note:old_railway_operator": null, "old_railway_operator": "HB&T", "operator": "Union Pacific Railroad", "operator:wikidata": "Q725793", "owner": "HB&T", "railway": "rail", "railway:atc": null, "railway:freight": null, "railway:ptc": "yes", "railway:ref": null, "railway:track_class": "2", "railway:track_ref": null, "ref": null, "reporting_marks": null, "service": "none", "source": "Texas Department of Transportation", "spur": null, "start_date": null, "tiger:cfcc": null, "tiger:county": null, "tiger:name_base": null, "tiger:name_base_1": null, "tiger:name_base_2": null, "tiger:reviewed": null, "tiger:zip_left": null, "tiger:zip_right": null, "tracks": null, "tunnel": null, "usage": "main", "maxspeed_mph": 20.0 }, "geometry": { "type": "LineString", "coordinates": [ [ -95.3426668, 29.819873 ], [ -95.3423383, 29.8198766 ] ] } },
{ "type": "Feature", "properties": { "id": "way/102852191", "@id": "way/102852191", "access": null, "addr:city": null, "addr:state": null, "bridge": null, "bridge:movable": null, "covered": null, "crossing:barrier": null, "electrified": "no", "embankment": null, "fixme": null, "gauge": "1435", "highspeed": null, "layer": null, "length": null, "maxspeed": "60 mph", "name": "UP Palestine Subdivision", "name_1": null, "note": null, "note:old_railway_operator": null, "old_railway_operator": "MP", "operator": "Union Pacific Railroad", "operator:wikidata": "Q725793", "owner": null, "railway": "rail", "railway:atc": null, "railway:freight": null, "railway:ptc": "yes", "railway:ref": null, "railway:track_class": "4", "railway:track_ref": null, "ref": null, "reporting_marks": null, "service": "none", "source": "Texas Department of Transportation", "spur": null, "start_date": null, "tiger:cfcc": "B11", "tiger:county": "Harris, TX", "tiger:name_base": "Houston Belt and Terminal Ry", "tiger:name_base_1": null, "tiger:name_base_2": null, "tiger:reviewed": null, "tiger:zip_left": null, "tiger:zip_right": null, "tracks": null, "tunnel": null, "usage": "main", "maxspeed_mph": 60.0 }, "geometry": { "type": "LineString", "coordinates": [ [ -95.3544291, 29.8289331 ], [ -95.3549696, 29.8311406 ], [ -95.3553268, 29.8325774 ], [ -95.3559986, 29.8350725 ], [ -95.3562705, 29.8361681 ], [ -95.3566223, 29.8375862 ], [ -95.3571794, 29.839772 ], [ -95.3578698, 29.8425443 ], [ -95.3584616, 29.8449061 ], [ -95.3589041, 29.8467134 ], [ -95.3594666, 29.8489605 ], [ -95.3602929, 29.8523139 ], [ -95.3607621, 29.8542012 ], [ -95.3613325, 29.8565096 ], [ -95.3618443, 29.8585275 ], [ -95.3622282, 29.8600976 ], [ -95.3630385, 29.863339 ], [ -95.3638462, 29.8665431 ], [ -95.3644029, 29.8687307 ], [ -95.3645865, 29.8695447 ], [ -95.3648354, 29.8705236 ] ] } },
{ "type": "Feature", "properties": { "id": "way/102852196", "@id": "way/102852196", "access": null, "addr:city": null, "addr:state": null, "bridge": null, "bridge:movable": null, "covered": null, "crossing:barrier": null, "electrified": "no", "embankment": null, "fixme": null, "gauge": "1435", "highspeed": null, "layer": null, "length": null, "maxspeed": "20 mph", "name": "UP Houston East Belt Subdivision", "name_1": null, "note": null, "note:old_railway_operator": null, "old_railway_operator": "HB&T", "operator": "Union Pacific Railroad", "operator:wikidata": "Q725793", "owner": "HB&T", "railway": "rail", "railway:atc": null, "railway:freight": null, "railway:ptc": "yes", "railway:ref": null, "railway:track_class": "2", "railway:track_ref": null, "ref": null, "reporting_marks": null, "service": "none", "source": "Texas Department of Transportation", "spur": null, "start_date": null, "tiger:cfcc": null, "tiger:county": null, "tiger:name_base": null, "tiger:name_base_1": null, "tiger:name_base_2": null, "tiger:reviewed": null, "tiger:zip_left": null, "tiger:zip_right": null, "tracks": null, "tunnel": null, "usage": "main", "maxspeed_mph": 20.0 }, "geometry": { "type": "LineString", "coordinates": [ [ -95.3426681, 29.8198347 ], [ -95.3451001, 29.819805 ], [ -95.3466517, 29.819789 ], [ -95.3467979, 29.8197875 ], [ -95.3479256, 29.8197761 ] ] } },
{ "type": "Feature", "properties": { "id": "way/102852204", "@id": "way/102852204", "access": null, "addr:city": null, "addr:state": null, "bridge": null, "bridge:movable": null, "covered": null, "crossing:barrier": null, "electrified": "no", "embankment": null, "fixme": null, "gauge": "1435", "highspeed": null, "layer": null, "length": null, "maxspeed": "20 mph", "name": "UP Houston East Belt Subdivision", "name_1": null, "note": null, "note:old_railway_operator": null, "old_railway_operator": "HB&T", "operator": "Union Pacific Railroad", "operator:wikidata": "Q725793", "owner": "HB&T", "railway": "rail", "railway:atc": null, "railway:freight": null, "railway:ptc": "yes", "railway:ref": null, "railway:track_class": "2", "railway:track_ref": null, "ref": null, "reporting_marks": null, "service": "none", "source": "Texas Department of Transportation", "spur": null, "start_date": null, "tiger:cfcc": null, "tiger:county": null, "tiger:name_base": null, "tiger:name_base_1": null, "tiger:name_base_2": null, "tiger:reviewed": null, "tiger:zip_left": null, "tiger:zip_right": null, "tracks": null, "tunnel": null, "usage": "main", "maxspeed_mph": 20.0 }, "geometry": { "type": "LineString", "coordinates": [ [ -95.3330914, 29.7149784 ], [ -95.3331904, 29.7153418 ], [ -95.3332379, 29.7155437 ], [ -95.3332874, 29.7157725 ], [ -95.3333336, 29.7160013 ], [ -95.3333627, 29.716194 ], [ -95.3333799, 29.7163609 ], [ -95.3333865, 29.7164882 ], [ -95.3333818, 29.7166631 ], [ -95.333366, 29.7168076 ], [ -95.333333, 29.717006 ], [ -95.3332749, 29.7172531 ], [ -95.3332234, 29.7174252 ], [ -95.3331699, 29.7175737 ], [ -95.3330999, 29.71774 ], [ -95.3330359, 29.7178764 ], [ -95.3329685, 29.7180072 ], [ -95.3328761, 29.7181678 ], [ -95.3328028, 29.718287 ], [ -95.332715, 29.718412 ], [ -95.332608, 29.7185571 ], [ -95.3325182, 29.7186684 ], [ -95.3324161, 29.7187858 ], [ -95.3322972, 29.7189142 ], [ -95.3321495, 29.7190675 ], [ -95.3313341, 29.7198811 ], [ -95.3303073, 29.7209125 ], [ -95.329562, 29.7216544 ], [ -95.3287425, 29.7224622 ] ] } },
{ "type": "Feature", "properties": { "id": "way/102852206", "@id": "way/102852206", "access": null, "addr:city": null, "addr:state": null, "bridge": null, "bridge:movable": null, "covered": null, "crossing:barrier": null, "electrified": "no", "embankment": null, "fixme": null, "gauge": "1435", "highspeed": null, "layer": null, "length": null, "maxspeed": "20 mph", "name": "UP Houston East Belt Subdivision", "name_1": null, "note": null, "note:old_railway_operator": null, "old_railway_operator": "HB&T", "operator": "Union Pacific Railroad", "operator:wikidata": "Q725793", "owner": "HB&T", "railway": "rail", "railway:atc": null, "railway:freight": null, "railway:ptc": "yes", "railway:ref": null, "railway:track_class": "2", "railway:track_ref": null, "ref": null, "reporting_marks": null, "service": "none", "source": "Texas Department of Transportation", "spur": null, "start_date": null, "tiger:cfcc": null, "tiger:county": null, "tiger:name_base": null, "tiger:name_base_1": null, "tiger:name_base_2": null, "tiger:reviewed": null, "tiger:zip_left": null, "tiger:zip_right": null, "tracks": null, "tunnel": null, "usage": "main", "maxspeed_mph": 20.0 }, "geometry": { "type": "LineString", "coordinates": [ [ -95.3526454, 29.8220283 ], [ -95.3525857, 29.8217975 ], [ -95.3525425, 29.8216875 ], [ -95.3524885, 29.821524 ], [ -95.3524276, 29.8213645 ], [ -95.3523674, 29.8212324 ], [ -95.3522951, 29.8210953 ], [ -95.3522192, 29.8209759 ], [ -95.3522101, 29.8209616 ], [ -95.3521206, 29.8208405 ], [ -95.3520191, 29.8207217 ], [ -95.3518988, 29.8205969 ], [ -95.351758, 29.8204692 ], [ -95.3516102, 29.8203558 ], [ -95.3514452, 29.8202452 ], [ -95.3512828, 29.8201528 ], [ -95.3511376, 29.8200818 ], [ -95.3509841, 29.8200174 ], [ -95.350854, 29.8199695 ], [ -95.3507005, 29.8199238 ], [ -95.3505432, 29.8198848 ], [ -95.350377, 29.8198523 ], [ -95.3502013, 29.8198281 ], [ -95.3500485, 29.8198149 ], [ -95.3498785, 29.8198055 ], [ -95.3497275, 29.8198017 ] ] } },
{ "type": "Feature", "properties": { "id": "way/102878233", "@id": "way/102878233", "access": null, "addr:city": null, "addr:state": null, "bridge": null, "bridge:movable": null, "covered": null, "crossing:barrier": null, "electrified": "no", "embankment": null, "fixme": null, "gauge": "1435", "highspeed": null, "layer": null, "length": null, "maxspeed": "20 mph", "name": "UP Houston East Belt Subdivision", "name_1": null, "note": null, "note:old_railway_operator": null, "old_railway_operator": "HB&T", "operator": "Union Pacific Railroad", "operator:wikidata": "Q725793", "owner": "HB&T", "railway": "rail", "railway:atc": null, "railway:freight": null, "railway:ptc": "yes", "railway:ref": null, "railway:track_class": "2", "railway:track_ref": null, "ref": null, "reporting_marks": null, "service": "none", "source": "Texas Department of Transportation", "spur": null, "start_date": null, "tiger:cfcc": null, "tiger:county": null, "tiger:name_base": null, "tiger:name_base_1": null, "tiger:name_base_2": null, "tiger:reviewed": null, "tiger:zip_left": null, "tiger:zip_right": null, "tracks": null, "tunnel": null, "usage": "main", "maxspeed_mph": 20.0 }, "geometry": { "type": "LineString", "coordinates": [ [ -95.2886224, 29.7968057 ], [ -95.2886172, 29.7972704 ], [ -95.2886172, 29.7975949 ], [ -95.2886036, 29.7980163 ], [ -95.2885992, 29.7984929 ], [ -95.2886063, 29.7992852 ], [ -95.2886081, 29.799347 ], [ -95.2886128, 29.7995866 ], [ -95.288623, 29.8001079 ], [ -95.2886298, 29.8005301 ], [ -95.2886449, 29.8007859 ], [ -95.2886589, 29.801544 ], [ -95.2886621, 29.8016663 ], [ -95.2886753, 29.8023673 ], [ -95.2886875, 29.80302 ], [ -95.2886869, 29.8030743 ] ] } },
{ "type": "Feature", "properties": { "id": "way/102878252", "@id": "way/102878252", "access": null, "addr:city": null, "addr:state": null, "bridge": "yes", "bridge:movable": null, "covered": null, "crossing:barrier": null, "electrified": "no", "embankment": null, "fixme": null, "gauge": "1435", "highspeed": null, "layer": "1", "length": null, "maxspeed": "20 mph", "name": "UP Houston East Belt Subdivision", "name_1": null, "note": null, "note:old_railway_operator": null, "old_railway_operator": "HB&T", "operator": "Union Pacific Railroad", "operator:wikidata": "Q725793", "owner": "HB&T", "railway": "rail", "railway:atc": null, "railway:freight": null, "railway:ptc": "yes", "railway:ref": null, "railway:track_class": "2", "railway:track_ref": null, "ref": null, "reporting_marks": null, "service": "none", "source": "Texas Department of Transportation", "spur": null, "start_date": null, "tiger:cfcc": null, "tiger:county": null, "tiger:name_base": null, "tiger:name_base_1": null, "tiger:name_base_2": null, "tiger:reviewed": null, "tiger:zip_left": null, "tiger:zip_right": null, "tracks": null, "tunnel": null, "usage": "main", "maxspeed_mph": 20.0 }, "geometry": { "type": "LineString", "coordinates": [ [ -95.28861, 29.7963421 ], [ -95.2886224, 29.7968057 ] ] } },
{ "type": "Feature", "properties": { "id": "way/102878255", "@id": "way/102878255", "access": null, "addr:city": null, "addr:state": null, "bridge": null, "bridge:movable": null, "covered": null, "crossing:barrier": null, "electrified": "no", "embankment": null, "fixme": null, "gauge": "1435", "highspeed": null, "layer": null, "length": null, "maxspeed": "20 mph", "name": "UP Houston East Belt Subdivision", "name_1": null, "note": null, "note:old_railway_operator": null, "old_railway_operator": "HB&T", "operator": "Union Pacific Railroad", "operator:wikidata": "Q725793", "owner": null, "railway": "rail", "railway:atc": null, "railway:freight": null, "railway:ptc": "yes", "railway:ref": null, "railway:track_class": "2", "railway:track_ref": null, "ref": null, "reporting_marks": null, "service": "none", "source": "Texas Department of Transportation", "spur": null, "start_date": null, "tiger:cfcc": null, "tiger:county": null, "tiger:name_base": null, "tiger:name_base_1": null, "tiger:name_base_2": null, "tiger:reviewed": null, "tiger:zip_left": null, "tiger:zip_right": null, "tracks": null, "tunnel": null, "usage": "main", "maxspeed_mph": 20.0 }, "geometry": { "type": "LineString", "coordinates": [ [ -95.2885716, 29.7968045 ], [ -95.2885745, 29.7968593 ], [ -95.2885677, 29.7972199 ], [ -95.2885668, 29.7974843 ], [ -95.2885605, 29.7977317 ], [ -95.2885543, 29.7979167 ], [ -95.2885481, 29.7981649 ], [ -95.2885506, 29.7987952 ], [ -95.2885599, 29.7993051 ], [ -95.288562, 29.7993667 ], [ -95.2885659, 29.7996069 ], [ -95.2885759, 29.8002114 ], [ -95.2885971, 29.800789 ], [ -95.2886034, 29.801176 ], [ -95.2886137, 29.8018688 ], [ -95.2886204, 29.80223 ], [ -95.2886249, 29.8023681 ], [ -95.288634, 29.802821 ], [ -95.2886399, 29.8034588 ], [ -95.288671, 29.804044 ], [ -95.2886846, 29.8043453 ], [ -95.2886842, 29.8045848 ] ] } },
{ "type": "Feature", "properties": { "id": "way/102878263", "@id": "way/102878263", "access": null, "addr:city": null, "addr:state": null, "bridge": null, "bridge:movable": null, "covered": null, "crossing:barrier": null, "electrified": null, "embankment": null, "fixme": null, "gauge": "1435", "highspeed": null, "layer": null, "length": null, "maxspeed": "79 mph", "name": "UP Houston Subdivision", "name_1": null, "note": null, "note:old_railway_operator": "T&NO", "old_railway_operator": "SP", "operator": "Union Pacific Railroad", "operator:wikidata": "Q725793", "owner": "Union Pacific Railroad", "railway": "rail", "railway:atc": "no", "railway:freight": null, "railway:ptc": "no", "railway:ref": null, "railway:track_class": "5", "railway:track_ref": null, "ref": null, "reporting_marks": "BNSF;UP", "service": "none", "source": "Texas Department of Transportation", "spur": null, "start_date": null, "tiger:cfcc": null, "tiger:county": null, "tiger:name_base": null, "tiger:name_base_1": null, "tiger:name_base_2": null, "tiger:reviewed": null, "tiger:zip_left": null, "tiger:zip_right": null, "tracks": null, "tunnel": null, "usage": "main", "maxspeed_mph": 79.0 }, "geometry": { "type": "LineString", "coordinates": [ [ -95.2897497, 29.7988101 ], [ -95.2893209, 29.7989939 ], [ -95.2886063, 29.7992852 ], [ -95.2885599, 29.7993051 ], [ -95.2882761, 29.7994242 ], [ -95.2876323, 29.7996774 ], [ -95.2871774, 29.7998338 ], [ -95.2867054, 29.7999828 ], [ -95.2862591, 29.8001318 ], [ -95.2858299, 29.800318 ], [ -95.2853274, 29.8005755 ] ] } },
{ "type": "Feature", "properties": { "id": "way/102878264", "@id": "way/102878264", "access": null, "addr:city": null, "addr:state": null, "bridge": "yes", "bridge:movable": null, "covered": null, "crossing:barrier": null, "electrified": "no", "embankment": null, "fixme": null, "gauge": "1435", "highspeed": null, "layer": "1", "length": null, "maxspeed": "20 mph", "name": "UP Houston East Belt Subdivision", "name_1": null, "note": null, "note:old_railway_operator": null, "old_railway_operator": "HB&T", "operator": "Union Pacific Railroad", "operator:wikidata": "Q725793", "owner": "HB&T", "railway": "rail", "railway:atc": null, "railway:freight": null, "railway:ptc": "yes", "railway:ref": null, "railway:track_class": "2", "railway:track_ref": null, "ref": null, "reporting_marks": null, "service": "none", "source": "Texas Department of Transportation", "spur": null, "start_date": null, "tiger:cfcc": null, "tiger:county": null, "tiger:name_base": null, "tiger:name_base_1": null, "tiger:name_base_2": null, "tiger:reviewed": null, "tiger:zip_left": null, "tiger:zip_right": null, "tracks": null, "tunnel": null, "usage": "main", "maxspeed_mph": 20.0 }, "geometry": { "type": "LineString", "coordinates": [ [ -95.2885679, 29.7963451 ], [ -95.2885716, 29.7968045 ] ] } },
{ "type": "Feature", "properties": { "id": "way/102885407", "@id": "way/102885407", "access": null, "addr:city": null, "addr:state": null, "bridge": null, "bridge:movable": null, "covered": null, "crossing:barrier": null, "electrified": "no", "embankment": null, "fixme": null, "gauge": null, "highspeed": null, "layer": null, "length": null, "maxspeed": null, "name": "Houston East Belt Subdivision", "name_1": null, "note": null, "note:old_railway_operator": null, "old_railway_operator": "HB&T", "operator": "Union Pacific Railroad", "operator:wikidata": "Q725793", "owner": "HB&T", "railway": "rail", "railway:atc": null, "railway:freight": null, "railway:ptc": null, "railway:ref": null, "railway:track_class": null, "railway:track_ref": null, "ref": null, "reporting_marks": null, "service": "none", "source": null, "spur": null, "start_date": null, "tiger:cfcc": null, "tiger:county": null, "tiger:name_base": null, "tiger:name_base_1": null, "tiger:name_base_2": null, "tiger:reviewed": null, "tiger:zip_left": null, "tiger:zip_right": null, "tracks": null, "tunnel": null, "usage": "main", "maxspeed_mph": 0.0 }, "geometry": { "type": "LineString", "coordinates": [ [ -95.2998462, 29.7584502 ], [ -95.299716, 29.7586287 ], [ -95.2996522, 29.7587126 ], [ -95.2995366, 29.7588538 ], [ -95.2994598, 29.758953 ], [ -95.2993327, 29.7591262 ] ] } },
{ "type": "Feature", "properties": { "id": "way/102885519", "@id": "way/102885519", "access": null, "addr:city": null, "addr:state": null, "bridge": "yes", "bridge:movable": null, "covered": null, "crossing:barrier": null, "electrified": "no", "embankment": null, "fixme": null, "gauge": "1435", "highspeed": null, "layer": "1", "length": null, "maxspeed": "20 mph", "name": "UP Houston East Belt Subdivision", "name_1": null, "note": null, "note:old_railway_operator": null, "old_railway_operator": "HB&T", "operator": "Union Pacific Railroad", "operator:wikidata": "Q725793", "owner": "HB&T", "railway": "rail", "railway:atc": null, "railway:freight": null, "railway:ptc": "yes", "railway:ref": null, "railway:track_class": "2", "railway:track_ref": null, "ref": null, "reporting_marks": null, "service": "none", "source": "Texas Department of Transportation", "spur": null, "start_date": null, "tiger:cfcc": null, "tiger:county": null, "tiger:name_base": null, "tiger:name_base_1": null, "tiger:name_base_2": null, "tiger:reviewed": null, "tiger:zip_left": null, "tiger:zip_right": null, "tracks": null, "tunnel": null, "usage": "main", "maxspeed_mph": 20.0 }, "geometry": { "type": "LineString", "coordinates": [ [ -95.2882782, 29.7776464 ], [ -95.2882888, 29.7782678 ] ] } },
{ "type": "Feature", "properties": { "id": "way/102885532", "@id": "way/102885532", "access": null, "addr:city": null, "addr:state": null, "bridge": "yes", "bridge:movable": null, "covered": null, "crossing:barrier": null, "electrified": "no", "embankment": null, "fixme": null, "gauge": "1435", "highspeed": null, "layer": "1", "length": null, "maxspeed": "20 mph", "name": "UP Houston East Belt Subdivision", "name_1": null, "note": null, "note:old_railway_operator": null, "old_railway_operator": "HB&T", "operator": "Union Pacific Railroad", "operator:wikidata": "Q725793", "owner": "HB&T", "railway": "rail", "railway:atc": null, "railway:freight": null, "railway:ptc": "yes", "railway:ref": null, "railway:track_class": "2", "railway:track_ref": null, "ref": null, "reporting_marks": null, "service": "none", "source": "Texas Department of Transportation", "spur": null, "start_date": null, "tiger:cfcc": null, "tiger:county": null, "tiger:name_base": null, "tiger:name_base_1": null, "tiger:name_base_2": null, "tiger:reviewed": null, "tiger:zip_left": null, "tiger:zip_right": null, "tracks": null, "tunnel": null, "usage": "main", "maxspeed_mph": 20.0 }, "geometry": { "type": "LineString", "coordinates": [ [ -95.2882218, 29.7776496 ], [ -95.2882364, 29.7782661 ] ] } },
{ "type": "Feature", "properties": { "id": "way/102885619", "@id": "way/102885619", "access": null, "addr:city": null, "addr:state": null, "bridge": null, "bridge:movable": null, "covered": null, "crossing:barrier": null, "electrified": "no", "embankment": null, "fixme": null, "gauge": "1435", "highspeed": null, "layer": null, "length": null, "maxspeed": "20 mph", "name": "UP Houston East Belt Subdivision", "name_1": null, "note": null, "note:old_railway_operator": null, "old_railway_operator": "HB&T", "operator": "Union Pacific Railroad", "operator:wikidata": "Q725793", "owner": "HB&T", "railway": "rail", "railway:atc": null, "railway:freight": null, "railway:ptc": "yes", "railway:ref": null, "railway:track_class": "2", "railway:track_ref": null, "ref": null, "reporting_marks": null, "service": "none", "source": "Texas Department of Transportation", "spur": null, "start_date": null, "tiger:cfcc": null, "tiger:county": null, "tiger:name_base": null, "tiger:name_base_1": null, "tiger:name_base_2": null, "tiger:reviewed": null, "tiger:zip_left": null, "tiger:zip_right": null, "tracks": null, "tunnel": null, "usage": "main", "maxspeed_mph": 20.0 }, "geometry": { "type": "LineString", "coordinates": [ [ -95.2882888, 29.7782678 ], [ -95.2882915, 29.7784164 ], [ -95.2883124, 29.7802123 ], [ -95.2883315, 29.7806645 ], [ -95.2883553, 29.7819202 ], [ -95.2883723, 29.7828449 ], [ -95.2884003, 29.7845289 ], [ -95.2884369, 29.7865643 ], [ -95.2884467, 29.7868519 ], [ -95.2884642, 29.7881961 ], [ -95.2885033, 29.7902284 ], [ -95.2885104, 29.7904901 ], [ -95.2885278, 29.7923196 ], [ -95.2885715, 29.793792 ], [ -95.2885896, 29.7950428 ], [ -95.2885945, 29.7954812 ], [ -95.28861, 29.7963421 ] ] } },
{ "type": "Feature", "properties": { "id": "way/102885651", "@id": "way/102885651", "access": null, "addr:city": null, "addr:state": null, "bridge": null, "bridge:movable": null, "covered": null, "crossing:barrier": null, "electrified": "no", "embankment": null, "fixme": null, "gauge": "1435", "highspeed": null, "layer": null, "length": null, "maxspeed": "20 mph", "name": "UP Houston East Belt Subdivision", "name_1": null, "note": null, "note:old_railway_operator": null, "old_railway_operator": "HB&T", "operator": "Union Pacific Railroad", "operator:wikidata": "Q725793", "owner": "HB&T", "railway": "rail", "railway:atc": null, "railway:freight": null, "railway:ptc": "yes", "railway:ref": null, "railway:track_class": "2", "railway:track_ref": null, "ref": null, "reporting_marks": null, "service": "none", "source": "Texas Department of Transportation", "spur": null, "start_date": null, "tiger:cfcc": null, "tiger:county": null, "tiger:name_base": null, "tiger:name_base_1": null, "tiger:name_base_2": null, "tiger:reviewed": null, "tiger:zip_left": null, "tiger:zip_right": null, "tracks": null, "tunnel": null, "usage": "main", "maxspeed_mph": 20.0 }, "geometry": { "type": "LineString", "coordinates": [ [ -95.2882364, 29.7782661 ], [ -95.2882476, 29.7792319 ], [ -95.2882501, 29.7793635 ], [ -95.2882601, 29.7799001 ], [ -95.2882805, 29.7806661 ], [ -95.2883067, 29.781804 ], [ -95.2883274, 29.7828089 ], [ -95.2883288, 29.78375 ], [ -95.2883578, 29.784632 ], [ -95.2883616, 29.7856065 ], [ -95.2883935, 29.7865853 ], [ -95.2884022, 29.7868494 ], [ -95.2884186, 29.7882048 ], [ -95.2884325, 29.7885848 ], [ -95.2884388, 29.7891179 ], [ -95.2884406, 29.7893802 ], [ -95.2884597, 29.7902049 ], [ -95.2884634, 29.7905106 ], [ -95.2884722, 29.7918496 ], [ -95.288497, 29.7932983 ], [ -95.2885218, 29.7937885 ], [ -95.2885344, 29.7945592 ], [ -95.288542, 29.7952374 ], [ -95.2885414, 29.7957942 ], [ -95.2885649, 29.7963174 ], [ -95.2885679, 29.7963451 ] ] } },
{ "type": "Feature", "properties": { "id": "way/102891983", "@id": "way/102891983", "access": null, "addr:city": null, "addr:state": null, "bridge": null, "bridge:movable": null, "covered": null, "crossing:barrier": null, "electrified": "no", "embankment": null, "fixme": null, "gauge": "1435", "highspeed": null, "layer": null, "length": null, "maxspeed": "20 mph", "name": "UP Houston East Belt Subdivision", "name_1": null, "note": null, "note:old_railway_operator": null, "old_railway_operator": "HB&T", "operator": "Union Pacific Railroad", "operator:wikidata": "Q725793", "owner": "HB&T", "railway": "rail", "railway:atc": null, "railway:freight": null, "railway:ptc": "yes", "railway:ref": null, "railway:track_class": "2", "railway:track_ref": null, "ref": null, "reporting_marks": null, "service": "none", "source": "Texas Department of Transportation", "spur": null, "start_date": null, "tiger:cfcc": null, "tiger:county": null, "tiger:name_base": null, "tiger:name_base_1": null, "tiger:name_base_2": null, "tiger:reviewed": null, "tiger:zip_left": null, "tiger:zip_right": null, "tracks": null, "tunnel": null, "usage": "main", "maxspeed_mph": 20.0 }, "geometry": { "type": "LineString", "coordinates": [ [ -95.3026163, 29.7543946 ], [ -95.3024606, 29.7546147 ], [ -95.3023156, 29.7548308 ], [ -95.30176, 29.7556423 ], [ -95.3015284, 29.7559833 ], [ -95.301087, 29.7566331 ], [ -95.3010112, 29.7567449 ], [ -95.3005698, 29.757389 ], [ -95.3005426, 29.7574292 ], [ -95.3002366, 29.7578752 ], [ -95.3000946, 29.7580844 ], [ -95.2998462, 29.7584502 ], [ -95.2993712, 29.7591439 ], [ -95.2990168, 29.7596631 ], [ -95.2989945, 29.7596947 ], [ -95.2988663, 29.7598875 ], [ -95.2987699, 29.7600344 ], [ -95.2986943, 29.7601528 ], [ -95.2986217, 29.7602714 ], [ -95.2985551, 29.7603871 ], [ -95.2984758, 29.7605326 ], [ -95.2982226, 29.7610195 ], [ -95.2981391, 29.7611809 ], [ -95.2980363, 29.7613625 ], [ -95.297942, 29.7615218 ], [ -95.2978753, 29.7616296 ], [ -95.2977691, 29.761793 ], [ -95.2975582, 29.7621037 ], [ -95.297321, 29.7624353 ], [ -95.2962143, 29.7640765 ], [ -95.2944439, 29.7667021 ], [ -95.2934336, 29.768157 ], [ -95.2914449, 29.7710648 ], [ -95.291345, 29.7712046 ], [ -95.2911687, 29.7714404 ], [ -95.2908388, 29.7718475 ], [ -95.29034, 29.7724773 ], [ -95.2901845, 29.7726863 ], [ -95.2900571, 29.7728592 ], [ -95.2896062, 29.7735366 ], [ -95.2895128, 29.7736805 ], [ -95.289378, 29.7739012 ], [ -95.289036, 29.774461 ], [ -95.2888737, 29.7747326 ], [ -95.2887808, 29.7748877 ], [ -95.2886885, 29.7750479 ], [ -95.2886106, 29.7752145 ], [ -95.2885445, 29.7753771 ], [ -95.2884898, 29.7755399 ], [ -95.2884413, 29.7756848 ], [ -95.2884114, 29.7757874 ], [ -95.2883822, 29.7759189 ], [ -95.2883552, 29.7760393 ], [ -95.2883367, 29.7761401 ], [ -95.2883217, 29.7762276 ], [ -95.2883071, 29.7763337 ], [ -95.2882994, 29.7764142 ], [ -95.2882893, 29.7765226 ], [ -95.288284, 29.776623 ], [ -95.2882784, 29.7767373 ], [ -95.2882752, 29.7767871 ], [ -95.2882743, 29.7768279 ], [ -95.288273, 29.7769656 ], [ -95.288272, 29.7771957 ], [ -95.2882776, 29.777548 ], [ -95.2882782, 29.7776464 ] ] } },
{ "type": "Feature", "properties": { "id": "way/102891993", "@id": "way/102891993", "access": null, "addr:city": null, "addr:state": null, "bridge": null, "bridge:movable": null, "covered": null, "crossing:barrier": null, "electrified": "no", "embankment": null, "fixme": null, "gauge": "1435", "highspeed": null, "layer": null, "length": null, "maxspeed": "20 mph", "name": "UP Houston East Belt Subdivision", "name_1": null, "note": null, "note:old_railway_operator": null, "old_railway_operator": "HB&T", "operator": "Union Pacific Railroad", "operator:wikidata": "Q725793", "owner": "HB&T", "railway": "rail", "railway:atc": null, "railway:freight": null, "railway:ptc": "yes", "railway:ref": null, "railway:track_class": "2", "railway:track_ref": null, "ref": null, "reporting_marks": null, "service": "none", "source": "Texas Department of Transportation", "spur": null, "start_date": null, "tiger:cfcc": null, "tiger:county": null, "tiger:name_base": null, "tiger:name_base_1": null, "tiger:name_base_2": null, "tiger:reviewed": null, "tiger:zip_left": null, "tiger:zip_right": null, "tracks": null, "tunnel": null, "usage": "main", "maxspeed_mph": 20.0 }, "geometry": { "type": "LineString", "coordinates": [ [ -95.3154598, 29.7356652 ], [ -95.3152948, 29.7358297 ], [ -95.3151908, 29.735936 ], [ -95.3151033, 29.7360343 ], [ -95.3150366, 29.7361133 ], [ -95.3149547, 29.7362152 ], [ -95.3148575, 29.7363538 ], [ -95.3147526, 29.7365028 ], [ -95.3144985, 29.7368778 ], [ -95.314383, 29.7370473 ], [ -95.3142186, 29.7372883 ], [ -95.3139645, 29.7376616 ], [ -95.3136528, 29.7381204 ], [ -95.3132906, 29.7386484 ], [ -95.3132357, 29.7387314 ], [ -95.3130766, 29.738972 ], [ -95.3130465, 29.7390176 ], [ -95.3130378, 29.7390307 ], [ -95.3130037, 29.7390749 ], [ -95.3126001, 29.7396614 ], [ -95.3121168, 29.7403674 ], [ -95.3117858, 29.7408629 ], [ -95.3116862, 29.7409978 ], [ -95.3116414, 29.7410632 ], [ -95.3115585, 29.7411842 ], [ -95.3112621, 29.741616 ], [ -95.3110227, 29.7419675 ], [ -95.3108841, 29.7421709 ], [ -95.3108059, 29.7422858 ], [ -95.3104047, 29.7428893 ], [ -95.3099428, 29.7435501 ], [ -95.3095165, 29.7441783 ], [ -95.3091887, 29.7446648 ], [ -95.308645, 29.745466 ], [ -95.3078754, 29.7465943 ], [ -95.3077327, 29.7468028 ], [ -95.3077054, 29.7468427 ], [ -95.3074625, 29.7471975 ], [ -95.3068945, 29.74803 ], [ -95.3062418, 29.7489813 ], [ -95.3055759, 29.7499592 ], [ -95.3049475, 29.7508785 ], [ -95.3043198, 29.7517966 ], [ -95.3039473, 29.7523394 ], [ -95.3038063, 29.7525541 ], [ -95.3036572, 29.7528005 ], [ -95.3034532, 29.753142 ] ] } },
{ "type": "Feature", "properties": { "id": "way/102892006", "@id": "way/102892006", "access": null, "addr:city": null, "addr:state": null, "bridge": "yes", "bridge:movable": null, "covered": null, "crossing:barrier": null, "electrified": "no", "embankment": null, "fixme": null, "gauge": "1435", "highspeed": null, "layer": "1", "length": null, "maxspeed": "20 mph", "name": "UP Houston East Belt Subdivision", "name_1": null, "note": null, "note:old_railway_operator": null, "old_railway_operator": "HB&T", "operator": "Union Pacific Railroad", "operator:wikidata": "Q725793", "owner": "HB&T", "railway": "rail", "railway:atc": null, "railway:freight": null, "railway:ptc": "yes", "railway:ref": null, "railway:track_class": "2", "railway:track_ref": null, "ref": null, "reporting_marks": null, "service": "none", "source": "Texas Department of Transportation", "spur": null, "start_date": null, "tiger:cfcc": null, "tiger:county": null, "tiger:name_base": null, "tiger:name_base_1": null, "tiger:name_base_2": null, "tiger:reviewed": null, "tiger:zip_left": null, "tiger:zip_right": null, "tracks": null, "tunnel": null, "usage": "main", "maxspeed_mph": 20.0 }, "geometry": { "type": "LineString", "coordinates": [ [ -95.303248, 29.7534371 ], [ -95.3026163, 29.7543946 ] ] } },
{ "type": "Feature", "properties": { "id": "way/102903454", "@id": "way/102903454", "access": null, "addr:city": null, "addr:state": null, "bridge": null, "bridge:movable": null, "covered": null, "crossing:barrier": null, "electrified": "no", "embankment": null, "fixme": null, "gauge": "1435", "highspeed": null, "layer": null, "length": null, "maxspeed": "20 mph", "name": "UP Houston East Belt Subdivision", "name_1": null, "note": null, "note:old_railway_operator": null, "old_railway_operator": "HB&T", "operator": "Union Pacific Railroad", "operator:wikidata": "Q725793", "owner": "HB&T", "railway": "rail", "railway:atc": null, "railway:freight": null, "railway:ptc": "yes", "railway:ref": null, "railway:track_class": "2", "railway:track_ref": null, "ref": null, "reporting_marks": null, "service": "none", "source": "Texas Department of Transportation", "spur": null, "start_date": null, "tiger:cfcc": null, "tiger:county": null, "tiger:name_base": null, "tiger:name_base_1": null, "tiger:name_base_2": null, "tiger:reviewed": null, "tiger:zip_left": null, "tiger:zip_right": null, "tracks": null, "tunnel": null, "usage": "main", "maxspeed_mph": 20.0 }, "geometry": { "type": "LineString", "coordinates": [ [ -95.3306444, 29.7205043 ], [ -95.3299488, 29.7212037 ], [ -95.3287063, 29.7224387 ] ] } },
{ "type": "Feature", "properties": { "id": "way/102903457", "@id": "way/102903457", "access": null, "addr:city": null, "addr:state": null, "bridge": null, "bridge:movable": null, "covered": null, "crossing:barrier": null, "electrified": "no", "embankment": null, "fixme": null, "gauge": "1435", "highspeed": null, "layer": null, "length": null, "maxspeed": "20 mph", "name": "UP Houston East Belt Subdivision", "name_1": null, "note": null, "note:old_railway_operator": null, "old_railway_operator": "HB&T", "operator": "Union Pacific Railroad", "operator:wikidata": "Q725793", "owner": "HB&T", "railway": "rail", "railway:atc": null, "railway:freight": null, "railway:ptc": "yes", "railway:ref": null, "railway:track_class": "2", "railway:track_ref": null, "ref": null, "reporting_marks": null, "service": "none", "source": "Texas Department of Transportation", "spur": null, "start_date": null, "tiger:cfcc": null, "tiger:county": null, "tiger:name_base": null, "tiger:name_base_1": null, "tiger:name_base_2": null, "tiger:reviewed": null, "tiger:zip_left": null, "tiger:zip_right": null, "tracks": null, "tunnel": null, "usage": "main", "maxspeed_mph": 20.0 }, "geometry": { "type": "LineString", "coordinates": [ [ -95.3313341, 29.7198811 ], [ -95.3306444, 29.7205043 ] ] } },
{ "type": "Feature", "properties": { "id": "way/102903459", "@id": "way/102903459", "access": null, "addr:city": null, "addr:state": null, "bridge": null, "bridge:movable": null, "covered": null, "crossing:barrier": null, "electrified": "no", "embankment": null, "fixme": null, "gauge": "1435", "highspeed": null, "layer": null, "length": null, "maxspeed": "20 mph", "name": "UP Houston East Belt Subdivision", "name_1": null, "note": null, "note:old_railway_operator": null, "old_railway_operator": "HB&T", "operator": "Union Pacific Railroad", "operator:wikidata": "Q725793", "owner": "HB&T", "railway": "rail", "railway:atc": null, "railway:freight": null, "railway:ptc": "yes", "railway:ref": null, "railway:track_class": "2", "railway:track_ref": null, "ref": null, "reporting_marks": null, "service": "none", "source": "Texas Department of Transportation", "spur": null, "start_date": null, "tiger:cfcc": null, "tiger:county": null, "tiger:name_base": null, "tiger:name_base_1": null, "tiger:name_base_2": null, "tiger:reviewed": null, "tiger:zip_left": null, "tiger:zip_right": null, "tracks": null, "tunnel": null, "usage": "main", "maxspeed_mph": 20.0 }, "geometry": { "type": "LineString", "coordinates": [ [ -95.3154935, 29.7356943 ], [ -95.3153634, 29.7358242 ], [ -95.3152138, 29.7359833 ], [ -95.3150919, 29.7361255 ], [ -95.3149894, 29.7362535 ], [ -95.314854, 29.7364334 ], [ -95.3146954, 29.7366672 ], [ -95.314486, 29.7369725 ], [ -95.3144217, 29.7370668 ], [ -95.3142612, 29.737302 ], [ -95.3141716, 29.7374341 ], [ -95.3135279, 29.738378 ], [ -95.3133733, 29.7386085 ], [ -95.3131206, 29.7389853 ], [ -95.3130904, 29.7390304 ], [ -95.3130811, 29.7390442 ], [ -95.3128393, 29.7393861 ], [ -95.3122773, 29.7402089 ], [ -95.3117285, 29.7410135 ], [ -95.3116817, 29.7410824 ], [ -95.3116002, 29.7412014 ], [ -95.3111145, 29.7419101 ], [ -95.3110663, 29.7419805 ], [ -95.3109223, 29.7421908 ], [ -95.3104504, 29.7429048 ], [ -95.3096518, 29.7440548 ], [ -95.3090613, 29.7449292 ], [ -95.3083422, 29.7459861 ], [ -95.3079178, 29.7466079 ], [ -95.3077757, 29.7468161 ], [ -95.3077479, 29.7468568 ], [ -95.3071355, 29.7477543 ], [ -95.3066619, 29.7484477 ], [ -95.3060088, 29.7494012 ], [ -95.3053528, 29.7503637 ], [ -95.3047861, 29.7511874 ], [ -95.3042614, 29.751959 ], [ -95.3039609, 29.7524016 ], [ -95.303704, 29.7527763 ], [ -95.3034532, 29.753142 ], [ -95.303248, 29.7534371 ] ] } },
{ "type": "Feature", "properties": { "id": "way/102903463", "@id": "way/102903463", "access": null, "addr:city": null, "addr:state": null, "bridge": "yes", "bridge:movable": null, "covered": null, "crossing:barrier": null, "electrified": "no", "embankment": null, "fixme": null, "gauge": "1435", "highspeed": null, "layer": null, "length": null, "maxspeed": "20 mph", "name": "UP Houston East Belt Subdivision", "name_1": null, "note": null, "note:old_railway_operator": null, "old_railway_operator": "HB&T", "operator": "Union Pacific Railroad", "operator:wikidata": "Q725793", "owner": "HB&T", "railway": "rail", "railway:atc": null, "railway:freight": null, "railway:ptc": "yes", "railway:ref": null, "railway:track_class": "2", "railway:track_ref": null, "ref": null, "reporting_marks": null, "service": "none", "source": "Texas Department of Transportation", "spur": null, "start_date": null, "tiger:cfcc": null, "tiger:county": null, "tiger:name_base": null, "tiger:name_base_1": null, "tiger:name_base_2": null, "tiger:reviewed": null, "tiger:zip_left": null, "tiger:zip_right": null, "tracks": null, "tunnel": null, "usage": "main", "maxspeed_mph": 20.0 }, "geometry": { "type": "LineString", "coordinates": [ [ -95.3157119, 29.7354082 ], [ -95.3154598, 29.7356652 ] ] } },
{ "type": "Feature", "properties": { "id": "way/102903468", "@id": "way/102903468", "access": null, "addr:city": null, "addr:state": null, "bridge": "yes", "bridge:movable": null, "covered": null, "crossing:barrier": null, "electrified": "no", "embankment": null, "fixme": null, "gauge": "1435", "highspeed": null, "layer": null, "length": null, "maxspeed": "20 mph", "name": "UP Houston East Belt Subdivision", "name_1": null, "note": null, "note:old_railway_operator": null, "old_railway_operator": "HB&T", "operator": "Union Pacific Railroad", "operator:wikidata": "Q725793", "owner": "HB&T", "railway": "rail", "railway:atc": null, "railway:freight": null, "railway:ptc": "yes", "railway:ref": null, "railway:track_class": "2", "railway:track_ref": null, "ref": null, "reporting_marks": null, "service": "none", "source": "Texas Department of Transportation", "spur": null, "start_date": null, "tiger:cfcc": null, "tiger:county": null, "tiger:name_base": null, "tiger:name_base_1": null, "tiger:name_base_2": null, "tiger:reviewed": null, "tiger:zip_left": null, "tiger:zip_right": null, "tracks": null, "tunnel": null, "usage": "main", "maxspeed_mph": 20.0 }, "geometry": { "type": "LineString", "coordinates": [ [ -95.3157501, 29.7354345 ], [ -95.3154935, 29.7356943 ] ] } },
{ "type": "Feature", "properties": { "id": "way/102914987", "@id": "way/102914987", "access": null, "addr:city": null, "addr:state": null, "bridge": "yes", "bridge:movable": null, "covered": null, "crossing:barrier": null, "electrified": "no", "embankment": null, "fixme": null, "gauge": "1435", "highspeed": null, "layer": "1", "length": null, "maxspeed": "60 mph", "name": "UP Lufkin Subdivision", "name_1": null, "note": null, "note:old_railway_operator": "HE&WT", "old_railway_operator": "SP", "operator": "Union Pacific Railroad", "operator:wikidata": "Q725793", "owner": null, "railway": "rail", "railway:atc": "no", "railway:freight": null, "railway:ptc": "no", "railway:ref": null, "railway:track_class": "4", "railway:track_ref": null, "ref": null, "reporting_marks": null, "service": "none", "source": "Texas Department of Transportation", "spur": null, "start_date": null, "tiger:cfcc": null, "tiger:county": null, "tiger:name_base": null, "tiger:name_base_1": null, "tiger:name_base_2": null, "tiger:reviewed": null, "tiger:zip_left": null, "tiger:zip_right": null, "tracks": null, "tunnel": null, "usage": "main", "maxspeed_mph": 60.0 }, "geometry": { "type": "LineString", "coordinates": [ [ -95.3411169, 29.8058679 ], [ -95.3410385, 29.8060619 ] ] } },
{ "type": "Feature", "properties": { "id": "way/102914990", "@id": "way/102914990", "access": null, "addr:city": null, "addr:state": null, "bridge": null, "bridge:movable": null, "covered": null, "crossing:barrier": null, "electrified": "no", "embankment": null, "fixme": null, "gauge": "1435", "highspeed": null, "layer": null, "length": null, "maxspeed": "60 mph", "name": "UP Lufkin Subdivision", "name_1": null, "note": null, "note:old_railway_operator": "HE&WT", "old_railway_operator": "SP", "operator": "Union Pacific Railroad", "operator:wikidata": "Q725793", "owner": null, "railway": "rail", "railway:atc": "no", "railway:freight": null, "railway:ptc": "no", "railway:ref": null, "railway:track_class": "4", "railway:track_ref": null, "ref": null, "reporting_marks": null, "service": "none", "source": "Texas Department of Transportation", "spur": null, "start_date": null, "tiger:cfcc": null, "tiger:county": null, "tiger:name_base": null, "tiger:name_base_1": null, "tiger:name_base_2": null, "tiger:reviewed": null, "tiger:zip_left": null, "tiger:zip_right": null, "tracks": null, "tunnel": null, "usage": "main", "maxspeed_mph": 60.0 }, "geometry": { "type": "LineString", "coordinates": [ [ -95.3411169, 29.8058679 ], [ -95.3415674, 29.8047504 ], [ -95.3419581, 29.8037549 ], [ -95.3421902, 29.8031924 ], [ -95.3422663, 29.8029967 ], [ -95.3422911, 29.8029319 ], [ -95.3424551, 29.8025285 ], [ -95.3425801, 29.8022279 ], [ -95.3426427, 29.802091 ], [ -95.3430303, 29.8011064 ], [ -95.3436262, 29.7996336 ], [ -95.3441749, 29.7983123 ], [ -95.3445119, 29.7974749 ], [ -95.3448188, 29.7967005 ], [ -95.3453526, 29.7954176 ], [ -95.3460936, 29.7935608 ], [ -95.3462847, 29.7930879 ], [ -95.3466472, 29.7921621 ], [ -95.3473538, 29.790418 ], [ -95.347528, 29.7899916 ] ] } },
{ "type": "Feature", "properties": { "id": "way/102914993", "@id": "way/102914993", "access": null, "addr:city": null, "addr:state": null, "bridge": null, "bridge:movable": null, "covered": null, "crossing:barrier": null, "electrified": "no", "embankment": null, "fixme": null, "gauge": "1435", "highspeed": null, "layer": null, "length": null, "maxspeed": "60 mph", "name": "UP Lufkin Subdivision", "name_1": null, "note": null, "note:old_railway_operator": "HE&WT", "old_railway_operator": "SP", "operator": "Union Pacific Railroad", "operator:wikidata": "Q725793", "owner": null, "railway": "rail", "railway:atc": "no", "railway:freight": null, "railway:ptc": "no", "railway:ref": null, "railway:track_class": "4", "railway:track_ref": null, "ref": null, "reporting_marks": null, "service": "none", "source": "Texas Department of Transportation", "spur": null, "start_date": null, "tiger:cfcc": "B11", "tiger:county": "Harris, TX", "tiger:name_base": "Houston Belt and Terminal Ry:Southern Pacific Railroad", "tiger:name_base_1": null, "tiger:name_base_2": null, "tiger:reviewed": null, "tiger:zip_left": null, "tiger:zip_right": null, "tracks": null, "tunnel": null, "usage": "main", "maxspeed_mph": 60.0 }, "geometry": { "type": "LineString", "coordinates": [ [ -95.3343153, 29.8227066 ], [ -95.3326024, 29.8269353 ], [ -95.3322043, 29.8279187 ], [ -95.3317212, 29.8291263 ], [ -95.3317039, 29.8291696 ], [ -95.3316582, 29.8292697 ], [ -95.3316345, 29.8293283 ], [ -95.3308076, 29.8313735 ], [ -95.3305226, 29.8320762 ], [ -95.3299569, 29.8334664 ], [ -95.3296706, 29.8341563 ], [ -95.329452, 29.8347142 ], [ -95.3283861, 29.8373564 ], [ -95.3277204, 29.8390011 ], [ -95.3271471, 29.8404145 ], [ -95.326897, 29.8410317 ], [ -95.3257262, 29.8439451 ], [ -95.3249263, 29.8459204 ], [ -95.3240739, 29.8480025 ], [ -95.3240516, 29.8480482 ], [ -95.3240078, 29.8481568 ], [ -95.3239894, 29.8482029 ], [ -95.3225086, 29.851907 ], [ -95.322053, 29.852991 ], [ -95.3214403, 29.8545515 ] ] } },
{ "type": "Feature", "properties": { "id": "way/102914998", "@id": "way/102914998", "access": null, "addr:city": null, "addr:state": null, "bridge": null, "bridge:movable": null, "covered": null, "crossing:barrier": null, "electrified": "no", "embankment": null, "fixme": null, "gauge": "1435", "highspeed": null, "layer": null, "length": null, "maxspeed": "60 mph", "name": "UP Lufkin Subdivision", "name_1": null, "note": null, "note:old_railway_operator": "HE&WT", "old_railway_operator": "SP", "operator": "Union Pacific Railroad", "operator:wikidata": "Q725793", "owner": null, "railway": "rail", "railway:atc": "no", "railway:freight": null, "railway:ptc": "no", "railway:ref": null, "railway:track_class": "4", "railway:track_ref": null, "ref": null, "reporting_marks": null, "service": "none", "source": "Texas Department of Transportation", "spur": null, "start_date": null, "tiger:cfcc": null, "tiger:county": null, "tiger:name_base": null, "tiger:name_base_1": null, "tiger:name_base_2": null, "tiger:reviewed": null, "tiger:zip_left": null, "tiger:zip_right": null, "tracks": null, "tunnel": null, "usage": "main", "maxspeed_mph": 60.0 }, "geometry": { "type": "LineString", "coordinates": [ [ -95.3380062, 29.8135276 ], [ -95.3374224, 29.8149777 ], [ -95.3365899, 29.8170705 ], [ -95.3359274, 29.818697 ], [ -95.3354233, 29.8199164 ], [ -95.3354064, 29.8199583 ], [ -95.3347444, 29.8216322 ], [ -95.3345634, 29.8220803 ], [ -95.3345351, 29.822151 ], [ -95.3345047, 29.8222402 ], [ -95.3343153, 29.8227066 ] ] } },
{ "type": "Feature", "properties": { "id": "way/102915002", "@id": "way/102915002", "access": null, "addr:city": null, "addr:state": null, "bridge": null, "bridge:movable": null, "covered": null, "crossing:barrier": null, "electrified": "no", "embankment": null, "fixme": null, "gauge": "1435", "highspeed": null, "layer": null, "length": null, "maxspeed": "60 mph", "name": "UP Lufkin Subdivision", "name_1": null, "note": null, "note:old_railway_operator": "HE&WT", "old_railway_operator": "SP", "operator": "Union Pacific Railroad", "operator:wikidata": "Q725793", "owner": null, "railway": "rail", "railway:atc": "no", "railway:freight": null, "railway:ptc": "no", "railway:ref": null, "railway:track_class": "4", "railway:track_ref": null, "ref": null, "reporting_marks": null, "service": "none", "source": "Texas Department of Transportation", "spur": null, "start_date": null, "tiger:cfcc": null, "tiger:county": null, "tiger:name_base": null, "tiger:name_base_1": null, "tiger:name_base_2": null, "tiger:reviewed": null, "tiger:zip_left": null, "tiger:zip_right": null, "tracks": null, "tunnel": null, "usage": "main", "maxspeed_mph": 60.0 }, "geometry": { "type": "LineString", "coordinates": [ [ -95.3410385, 29.8060619 ], [ -95.3404275, 29.8075743 ], [ -95.3390076, 29.8110798 ], [ -95.3386088, 29.8120412 ], [ -95.3381815, 29.8130935 ] ] } },
{ "type": "Feature", "properties": { "id": "way/102915003", "@id": "way/102915003", "access": null, "addr:city": null, "addr:state": null, "bridge": "yes", "bridge:movable": null, "covered": null, "crossing:barrier": null, "electrified": "no", "embankment": null, "fixme": null, "gauge": "1435", "highspeed": null, "layer": "1", "length": null, "maxspeed": "60 mph", "name": "UP Lufkin Subdivision", "name_1": null, "note": null, "note:old_railway_operator": "HE&WT", "old_railway_operator": "SP", "operator": "Union Pacific Railroad", "operator:wikidata": "Q725793", "owner": null, "railway": "rail", "railway:atc": "no", "railway:freight": null, "railway:ptc": "no", "railway:ref": null, "railway:track_class": "4", "railway:track_ref": null, "ref": null, "reporting_marks": null, "service": "none", "source": "Texas Department of Transportation", "spur": null, "start_date": null, "tiger:cfcc": null, "tiger:county": null, "tiger:name_base": null, "tiger:name_base_1": null, "tiger:name_base_2": null, "tiger:reviewed": null, "tiger:zip_left": null, "tiger:zip_right": null, "tracks": null, "tunnel": null, "usage": "main", "maxspeed_mph": 60.0 }, "geometry": { "type": "LineString", "coordinates": [ [ -95.3381815, 29.8130935 ], [ -95.3380062, 29.8135276 ] ] } },
{ "type": "Feature", "properties": { "id": "way/102919550", "@id": "way/102919550", "access": null, "addr:city": null, "addr:state": null, "bridge": null, "bridge:movable": null, "covered": null, "crossing:barrier": null, "electrified": null, "embankment": null, "fixme": null, "gauge": "1435", "highspeed": null, "layer": null, "length": null, "maxspeed": "20 mph", "name": null, "name_1": null, "note": null, "note:old_railway_operator": null, "old_railway_operator": null, "operator": "Union Pacific Railroad", "operator:wikidata": "Q725793", "owner": null, "railway": "rail", "railway:atc": null, "railway:freight": null, "railway:ptc": null, "railway:ref": null, "railway:track_class": null, "railway:track_ref": null, "ref": null, "reporting_marks": null, "service": "none", "source": null, "spur": null, "start_date": null, "tiger:cfcc": null, "tiger:county": null, "tiger:name_base": null, "tiger:name_base_1": null, "tiger:name_base_2": null, "tiger:reviewed": null, "tiger:zip_left": null, "tiger:zip_right": null, "tracks": null, "tunnel": null, "usage": "main", "maxspeed_mph": 20.0 }, "geometry": { "type": "LineString", "coordinates": [ [ -95.2886137, 29.8018688 ], [ -95.2885987, 29.8016691 ], [ -95.288585, 29.8015599 ], [ -95.2885373, 29.8012284 ], [ -95.2885099, 29.8011096 ], [ -95.2884814, 29.8010115 ], [ -95.2884463, 29.8009211 ], [ -95.2884017, 29.8008352 ], [ -95.2883503, 29.8007572 ], [ -95.2883026, 29.8006899 ], [ -95.288245, 29.800623 ], [ -95.2881359, 29.8005168 ], [ -95.2880107, 29.800411 ], [ -95.2878836, 29.8003295 ], [ -95.2877362, 29.8002549 ], [ -95.2876199, 29.800206 ], [ -95.2874827, 29.8001627 ], [ -95.2873522, 29.800133 ], [ -95.2872356, 29.8001151 ], [ -95.2871027, 29.8001044 ], [ -95.2869763, 29.8001032 ], [ -95.2868354, 29.8001151 ], [ -95.2867119, 29.8001358 ], [ -95.2865956, 29.8001634 ], [ -95.2865067, 29.800191 ], [ -95.2863991, 29.8002311 ], [ -95.2863044, 29.8002724 ], [ -95.2861397, 29.8003571 ], [ -95.2858876, 29.8004956 ], [ -95.2855474, 29.8006768 ], [ -95.2854224, 29.8007426 ], [ -95.2852563, 29.800826 ], [ -95.2851132, 29.8008937 ], [ -95.2849138, 29.8009808 ], [ -95.284466, 29.8011726 ], [ -95.2839588, 29.8013895 ] ] } },
{ "type": "Feature", "properties": { "id": "way/102919553", "@id": "way/102919553", "access": null, "addr:city": null, "addr:state": null, "bridge": null, "bridge:movable": null, "covered": null, "crossing:barrier": null, "electrified": "no", "embankment": null, "fixme": null, "gauge": "1435", "highspeed": null, "layer": null, "length": null, "maxspeed": "79 mph", "name": "UP Houston Subdivision", "name_1": null, "note": null, "note:old_railway_operator": "T&NO", "old_railway_operator": "SP", "operator": "Union Pacific Railroad", "operator:wikidata": "Q725793", "owner": "Union Pacific Railroad", "railway": "rail", "railway:atc": "no", "railway:freight": null, "railway:ptc": "no", "railway:ref": null, "railway:track_class": "5", "railway:track_ref": null, "ref": null, "reporting_marks": "BNSF;UP", "service": "none", "source": "Texas Department of Transportation", "spur": null, "start_date": null, "tiger:cfcc": "B11", "tiger:county": "Harris, TX", "tiger:name_base": "Southern Pacific Railroad", "tiger:name_base_1": null, "tiger:name_base_2": null, "tiger:reviewed": null, "tiger:zip_left": null, "tiger:zip_right": null, "tracks": null, "tunnel": null, "usage": "main", "maxspeed_mph": 79.0 }, "geometry": { "type": "LineString", "coordinates": [ [ -95.2308564, 29.8240906 ], [ -95.2345086, 29.8225342 ], [ -95.2355021, 29.8221063 ], [ -95.2359476, 29.8219175 ], [ -95.2396287, 29.8203222 ], [ -95.2406815, 29.8198569 ], [ -95.2416574, 29.819454 ], [ -95.2438927, 29.8185051 ], [ -95.2446303, 29.8181943 ], [ -95.2498399, 29.8159625 ], [ -95.2614641, 29.8109614 ] ] } },
{ "type": "Feature", "properties": { "id": "way/102919558", "@id": "way/102919558", "access": null, "addr:city": null, "addr:state": null, "bridge": null, "bridge:movable": null, "covered": null, "crossing:barrier": null, "electrified": "no", "embankment": null, "fixme": null, "gauge": "1435", "highspeed": null, "layer": null, "length": null, "maxspeed": "79 mph", "name": "UP Houston Subdivision", "name_1": null, "note": null, "note:old_railway_operator": "T&NO", "old_railway_operator": "SP", "operator": "Union Pacific Railroad", "operator:wikidata": "Q725793", "owner": "Union Pacific Railroad", "railway": "rail", "railway:atc": "no", "railway:freight": null, "railway:ptc": "no", "railway:ref": null, "railway:track_class": "5", "railway:track_ref": null, "ref": null, "reporting_marks": "BNSF;UP", "service": "none", "source": "Texas Department of Transportation", "spur": null, "start_date": null, "tiger:cfcc": null, "tiger:county": null, "tiger:name_base": null, "tiger:name_base_1": null, "tiger:name_base_2": null, "tiger:reviewed": null, "tiger:zip_left": null, "tiger:zip_right": null, "tracks": null, "tunnel": null, "usage": "main", "maxspeed_mph": 79.0 }, "geometry": { "type": "LineString", "coordinates": [ [ -95.2856404, 29.8004791 ], [ -95.2857884, 29.8004037 ], [ -95.2859518, 29.800326 ], [ -95.2861079, 29.8002574 ], [ -95.2862429, 29.8002003 ], [ -95.2863807, 29.8001467 ], [ -95.2865753, 29.8000754 ], [ -95.2867761, 29.8000087 ], [ -95.2870311, 29.7999344 ], [ -95.2872895, 29.7998571 ], [ -95.2874487, 29.7998083 ], [ -95.287702, 29.7997203 ], [ -95.2878764, 29.7996536 ], [ -95.2880541, 29.7995823 ], [ -95.2882717, 29.79949 ], [ -95.288562, 29.7993667 ], [ -95.2886081, 29.799347 ], [ -95.2889873, 29.7991826 ], [ -95.2893416, 29.799033 ], [ -95.2897958, 29.7988459 ] ] } },
{ "type": "Feature", "properties": { "id": "way/102919561", "@id": "way/102919561", "access": null, "addr:city": null, "addr:state": null, "bridge": null, "bridge:movable": null, "covered": null, "crossing:barrier": null, "electrified": "no", "embankment": null, "fixme": null, "gauge": "1435", "highspeed": null, "layer": null, "length": null, "maxspeed": "79 mph", "name": "UP Houston Subdivision", "name_1": null, "note": null, "note:old_railway_operator": "T&NO", "old_railway_operator": "SP", "operator": "Union Pacific Railroad", "operator:wikidata": "Q725793", "owner": "Union Pacific Railroad", "railway": "rail", "railway:atc": "no", "railway:freight": null, "railway:ptc": "no", "railway:ref": null, "railway:track_class": "5", "railway:track_ref": null, "ref": null, "reporting_marks": "BNSF;UP", "service": "none", "source": "Texas Department of Transportation", "spur": null, "start_date": null, "tiger:cfcc": null, "tiger:county": null, "tiger:name_base": null, "tiger:name_base_1": null, "tiger:name_base_2": null, "tiger:reviewed": null, "tiger:zip_left": null, "tiger:zip_right": null, "tracks": null, "tunnel": null, "usage": "main", "maxspeed_mph": 79.0 }, "geometry": { "type": "LineString", "coordinates": [ [ -95.2721371, 29.8064453 ], [ -95.2726109, 29.8062422 ], [ -95.2732707, 29.8059606 ], [ -95.2741797, 29.8055709 ], [ -95.2750848, 29.8051845 ], [ -95.2758888, 29.8048404 ], [ -95.2770603, 29.8043409 ], [ -95.2781615, 29.8038683 ], [ -95.2792071, 29.8034182 ], [ -95.2795677, 29.8032662 ], [ -95.279808, 29.8031712 ], [ -95.2800098, 29.8030916 ], [ -95.2802249, 29.803006 ], [ -95.2807834, 29.8027738 ], [ -95.2810048, 29.8026739 ], [ -95.2813299, 29.8025235 ], [ -95.2815551, 29.8024203 ], [ -95.2817791, 29.802321 ], [ -95.2819846, 29.8022315 ], [ -95.2824514, 29.8020328 ], [ -95.2839588, 29.8013895 ] ] } },
{ "type": "Feature", "properties": { "id": "way/102924417", "@id": "way/102924417", "access": null, "addr:city": null, "addr:state": null, "bridge": "yes", "bridge:movable": null, "covered": null, "crossing:barrier": null, "electrified": "no", "embankment": null, "fixme": null, "gauge": "1435", "highspeed": null, "layer": "1", "length": null, "maxspeed": "79 mph", "name": "UP Houston Subdivision", "name_1": null, "note": null, "note:old_railway_operator": "T&NO", "old_railway_operator": "SP", "operator": "Union Pacific Railroad", "operator:wikidata": "Q725793", "owner": "Union Pacific Railroad", "railway": "rail", "railway:atc": null, "railway:freight": null, "railway:ptc": "yes", "railway:ref": null, "railway:track_class": "5", "railway:track_ref": null, "ref": null, "reporting_marks": "BNSF;UP", "service": "none", "source": "Texas Department of Transportation", "spur": null, "start_date": null, "tiger:cfcc": null, "tiger:county": null, "tiger:name_base": null, "tiger:name_base_1": null, "tiger:name_base_2": null, "tiger:reviewed": null, "tiger:zip_left": null, "tiger:zip_right": null, "tracks": null, "tunnel": null, "usage": "main", "maxspeed_mph": 79.0 }, "geometry": { "type": "LineString", "coordinates": [ [ -95.2899067, 29.7987987 ], [ -95.2897958, 29.7988459 ] ] } },
{ "type": "Feature", "properties": { "id": "way/102924419", "@id": "way/102924419", "access": null, "addr:city": null, "addr:state": null, "bridge": null, "bridge:movable": null, "covered": null, "crossing:barrier": null, "electrified": "no", "embankment": null, "fixme": null, "gauge": "1435", "highspeed": null, "layer": null, "length": null, "maxspeed": "70 mph", "name": "UP Houston Subdivision", "name_1": null, "note": null, "note:old_railway_operator": null, "old_railway_operator": "SP", "operator": "Union Pacific Railroad", "operator:wikidata": "Q725793", "owner": "Union Pacific Railroad", "railway": "rail", "railway:atc": null, "railway:freight": null, "railway:ptc": "yes", "railway:ref": null, "railway:track_class": "5", "railway:track_ref": null, "ref": null, "reporting_marks": null, "service": "none", "source": "Texas Department of Transportation", "spur": null, "start_date": null, "tiger:cfcc": null, "tiger:county": null, "tiger:name_base": null, "tiger:name_base_1": null, "tiger:name_base_2": null, "tiger:reviewed": null, "tiger:zip_left": null, "tiger:zip_right": null, "tracks": null, "tunnel": null, "usage": "main", "maxspeed_mph": 70.0 }, "geometry": { "type": "LineString", "coordinates": [ [ -95.3641707, 29.7724508 ], [ -95.3639732, 29.7724508 ], [ -95.3637804, 29.7724471 ], [ -95.3636006, 29.772439 ], [ -95.3634197, 29.7724236 ], [ -95.3632416, 29.7724086 ], [ -95.363051, 29.7723853 ], [ -95.3628496, 29.7723513 ], [ -95.362566, 29.7723009 ], [ -95.3621045, 29.7722116 ], [ -95.3618505, 29.7721584 ], [ -95.3616157, 29.7720999 ], [ -95.3610764, 29.7719473 ], [ -95.3605181, 29.771779 ], [ -95.3599665, 29.7716156 ], [ -95.3597885, 29.7715605 ], [ -95.3596325, 29.7715189 ], [ -95.3594865, 29.7714771 ], [ -95.3592872, 29.7714135 ], [ -95.3588694, 29.7712931 ], [ -95.3587745, 29.771263 ], [ -95.3586268, 29.771225 ], [ -95.3584534, 29.7711886 ], [ -95.3583513, 29.7711633 ], [ -95.3582892, 29.7711538 ], [ -95.3581907, 29.7711395 ], [ -95.3581177, 29.7711316 ], [ -95.3580265, 29.7711189 ], [ -95.3579663, 29.771111 ], [ -95.3578149, 29.771092 ], [ -95.3576212, 29.7710775 ], [ -95.3573991, 29.7710721 ], [ -95.3561237, 29.7711149 ], [ -95.3557276, 29.7711337 ], [ -95.3554599, 29.7711511 ], [ -95.3552378, 29.7711832 ], [ -95.3550237, 29.7712153 ], [ -95.354835, 29.7712461 ], [ -95.354665, 29.7712822 ], [ -95.3545004, 29.771325 ], [ -95.3543639, 29.7713598 ], [ -95.3541618, 29.771416 ] ] } },
{ "type": "Feature", "properties": { "id": "way/102925215", "@id": "way/102925215", "access": null, "addr:city": null, "addr:state": null, "bridge": null, "bridge:movable": null, "covered": null, "crossing:barrier": null, "electrified": "no", "embankment": null, "fixme": null, "gauge": "1435", "highspeed": null, "layer": "-1", "length": null, "maxspeed": "79 mph", "name": "UP Houston Subdivision", "name_1": null, "note": null, "note:old_railway_operator": "H&TC", "old_railway_operator": "SP", "operator": "Union Pacific Railroad", "operator:wikidata": "Q725793", "owner": "Union Pacific Railroad", "railway": "rail", "railway:atc": null, "railway:freight": null, "railway:ptc": "yes", "railway:ref": null, "railway:track_class": "5", "railway:track_ref": null, "ref": null, "reporting_marks": null, "service": "none", "source": "Texas Department of Transportation", "spur": null, "start_date": null, "tiger:cfcc": null, "tiger:county": null, "tiger:name_base": null, "tiger:name_base_1": null, "tiger:name_base_2": null, "tiger:reviewed": null, "tiger:zip_left": null, "tiger:zip_right": null, "tracks": null, "tunnel": "yes", "usage": "main", "maxspeed_mph": 79.0 }, "geometry": { "type": "LineString", "coordinates": [ [ -95.3587368, 29.7654153 ], [ -95.3604834, 29.7658177 ] ] } },
{ "type": "Feature", "properties": { "id": "way/102925220", "@id": "way/102925220", "access": null, "addr:city": null, "addr:state": null, "bridge": "yes", "bridge:movable": null, "covered": null, "crossing:barrier": null, "electrified": "no", "embankment": null, "fixme": null, "gauge": "1435", "highspeed": null, "layer": "1", "length": null, "maxspeed": "79 mph", "name": "UP Houston Subdivision", "name_1": null, "note": null, "note:old_railway_operator": "HE&WT", "old_railway_operator": "SP", "operator": "Union Pacific Railroad", "operator:wikidata": "Q725793", "owner": "Union Pacific Railroad", "railway": "rail", "railway:atc": null, "railway:freight": null, "railway:ptc": "yes", "railway:ref": null, "railway:track_class": "5", "railway:track_ref": null, "ref": null, "reporting_marks": null, "service": "none", "source": "Texas Department of Transportation", "spur": null, "start_date": null, "tiger:cfcc": null, "tiger:county": null, "tiger:name_base": null, "tiger:name_base_1": null, "tiger:name_base_2": null, "tiger:reviewed": null, "tiger:zip_left": null, "tiger:zip_right": null, "tracks": null, "tunnel": null, "usage": "main", "maxspeed_mph": 79.0 }, "geometry": { "type": "LineString", "coordinates": [ [ -95.3488063, 29.7704528 ], [ -95.3487931, 29.7697717 ] ] } },
{ "type": "Feature", "properties": { "id": "way/102925221", "@id": "way/102925221", "access": null, "addr:city": null, "addr:state": null, "bridge": "yes", "bridge:movable": null, "covered": null, "crossing:barrier": null, "electrified": "no", "embankment": null, "fixme": null, "gauge": "1435", "highspeed": null, "layer": "1", "length": null, "maxspeed": "79 mph", "name": "UP Houston Subdivision", "name_1": null, "note": null, "note:old_railway_operator": "H&TC", "old_railway_operator": "SP", "operator": "Union Pacific Railroad", "operator:wikidata": "Q725793", "owner": "Union Pacific Railroad", "railway": "rail", "railway:atc": null, "railway:freight": null, "railway:ptc": "yes", "railway:ref": null, "railway:track_class": "5", "railway:track_ref": null, "ref": null, "reporting_marks": null, "service": "none", "source": "Texas Department of Transportation", "spur": null, "start_date": null, "tiger:cfcc": null, "tiger:county": null, "tiger:name_base": null, "tiger:name_base_1": null, "tiger:name_base_2": null, "tiger:reviewed": null, "tiger:zip_left": null, "tiger:zip_right": null, "tracks": null, "tunnel": null, "usage": "main", "maxspeed_mph": 79.0 }, "geometry": { "type": "LineString", "coordinates": [ [ -95.3580989, 29.7652672 ], [ -95.3586733, 29.7654003 ] ] } },
{ "type": "Feature", "properties": { "id": "way/102925223", "@id": "way/102925223", "access": null, "addr:city": null, "addr:state": null, "bridge": "yes", "bridge:movable": null, "covered": null, "crossing:barrier": null, "electrified": "no", "embankment": null, "fixme": null, "gauge": "1435", "highspeed": null, "layer": "1", "length": null, "maxspeed": "79 mph", "name": "UP Houston Subdivision", "name_1": null, "note": null, "note:old_railway_operator": "H&TC", "old_railway_operator": "SP", "operator": "Union Pacific Railroad", "operator:wikidata": "Q725793", "owner": "Union Pacific Railroad", "railway": "rail", "railway:atc": null, "railway:freight": null, "railway:ptc": "yes", "railway:ref": null, "railway:track_class": "5", "railway:track_ref": null, "ref": null, "reporting_marks": null, "service": "none", "source": "Texas Department of Transportation", "spur": null, "start_date": null, "tiger:cfcc": null, "tiger:county": null, "tiger:name_base": null, "tiger:name_base_1": null, "tiger:name_base_2": null, "tiger:reviewed": null, "tiger:zip_left": null, "tiger:zip_right": null, "tracks": null, "tunnel": null, "usage": "main", "maxspeed_mph": 79.0 }, "geometry": { "type": "LineString", "coordinates": [ [ -95.3605453, 29.7658325 ], [ -95.3609203, 29.7659255 ] ] } },
{ "type": "Feature", "properties": { "id": "way/102925224", "@id": "way/102925224", "access": null, "addr:city": null, "addr:state": null, "bridge": null, "bridge:movable": null, "covered": null, "crossing:barrier": null, "electrified": "no", "embankment": null, "fixme": null, "gauge": "1435", "highspeed": null, "layer": null, "length": null, "maxspeed": "79 mph", "name": "UP Houston Subdivision", "name_1": null, "note": null, "note:old_railway_operator": "H&TC", "old_railway_operator": "SP", "operator": "Union Pacific Railroad", "operator:wikidata": "Q725793", "owner": "Union Pacific Railroad", "railway": "rail", "railway:atc": null, "railway:freight": null, "railway:ptc": "yes", "railway:ref": null, "railway:track_class": "5", "railway:track_ref": null, "ref": null, "reporting_marks": null, "service": "none", "source": "Texas Department of Transportation", "spur": null, "start_date": null, "tiger:cfcc": null, "tiger:county": null, "tiger:name_base": null, "tiger:name_base_1": null, "tiger:name_base_2": null, "tiger:reviewed": null, "tiger:zip_left": null, "tiger:zip_right": null, "tracks": null, "tunnel": null, "usage": "main", "maxspeed_mph": 79.0 }, "geometry": { "type": "LineString", "coordinates": [ [ -95.3604834, 29.7658177 ], [ -95.3605453, 29.7658325 ] ] } },
{ "type": "Feature", "properties": { "id": "way/102925225", "@id": "way/102925225", "access": null, "addr:city": null, "addr:state": null, "bridge": null, "bridge:movable": null, "covered": null, "crossing:barrier": null, "electrified": "no", "embankment": null, "fixme": null, "gauge": "1435", "highspeed": null, "layer": null, "length": null, "maxspeed": "79 mph", "name": "UP Houston Subdivision", "name_1": null, "note": null, "note:old_railway_operator": "T&NO", "old_railway_operator": "SP", "operator": "Union Pacific Railroad", "operator:wikidata": "Q725793", "owner": "Union Pacific Railroad", "railway": "rail", "railway:atc": null, "railway:freight": null, "railway:ptc": "yes", "railway:ref": null, "railway:track_class": "5", "railway:track_ref": null, "ref": null, "reporting_marks": null, "service": "none", "source": "Texas Department of Transportation", "spur": null, "start_date": null, "tiger:cfcc": null, "tiger:county": null, "tiger:name_base": null, "tiger:name_base_1": null, "tiger:name_base_2": null, "tiger:reviewed": null, "tiger:zip_left": null, "tiger:zip_right": null, "tracks": null, "tunnel": null, "usage": "main", "maxspeed_mph": 79.0 }, "geometry": { "type": "LineString", "coordinates": [ [ -95.3420426, 29.7765407 ], [ -95.3419157, 29.7765977 ] ] } },
{ "type": "Feature", "properties": { "id": "way/102925226", "@id": "way/102925226", "access": null, "addr:city": null, "addr:state": null, "bridge": null, "bridge:movable": null, "covered": null, "crossing:barrier": null, "electrified": "no", "embankment": null, "fixme": null, "gauge": "1435", "highspeed": null, "layer": null, "length": null, "maxspeed": "40 mph", "name": "UP Houston Subdivision", "name_1": null, "note": null, "note:old_railway_operator": "GH&SA", "old_railway_operator": "SP", "operator": "Union Pacific Railroad", "operator:wikidata": "Q725793", "owner": "Union Pacific Railroad", "railway": "rail", "railway:atc": null, "railway:freight": null, "railway:ptc": "yes", "railway:ref": null, "railway:track_class": "4", "railway:track_ref": "2", "ref": null, "reporting_marks": null, "service": "none", "source": null, "spur": null, "start_date": null, "tiger:cfcc": null, "tiger:county": null, "tiger:name_base": null, "tiger:name_base_1": null, "tiger:name_base_2": null, "tiger:reviewed": null, "tiger:zip_left": null, "tiger:zip_right": null, "tracks": null, "tunnel": null, "usage": "main", "maxspeed_mph": 40.0 }, "geometry": { "type": "LineString", "coordinates": [ [ -95.450186, 29.6530919 ], [ -95.4497799, 29.6532771 ], [ -95.4494969, 29.6534036 ], [ -95.4492391, 29.6535229 ], [ -95.448974, 29.6536572 ], [ -95.4487213, 29.6538025 ], [ -95.4486087, 29.6538777 ], [ -95.448536, 29.6539263 ], [ -95.4482668, 29.6541283 ], [ -95.4480305, 29.6543295 ], [ -95.4477901, 29.6545691 ], [ -95.4475976, 29.6547755 ], [ -95.4474252, 29.6549891 ], [ -95.4472569, 29.6552106 ], [ -95.4471013, 29.6554472 ], [ -95.4469739, 29.6556572 ], [ -95.4468496, 29.6558939 ], [ -95.4467438, 29.6561241 ], [ -95.4466414, 29.6563737 ], [ -95.4465725, 29.6565833 ], [ -95.4464971, 29.6568563 ], [ -95.4464401, 29.6571139 ], [ -95.446403, 29.6573606 ], [ -95.4463786, 29.6575578 ], [ -95.4463638, 29.6577437 ], [ -95.4463607, 29.6579862 ], [ -95.4463622, 29.6581924 ], [ -95.4464159, 29.6609646 ] ] } },
{ "type": "Feature", "properties": { "id": "way/102925227", "@id": "way/102925227", "access": null, "addr:city": null, "addr:state": null, "bridge": null, "bridge:movable": null, "covered": null, "crossing:barrier": null, "electrified": "no", "embankment": null, "fixme": null, "gauge": "1435", "highspeed": null, "layer": null, "length": null, "maxspeed": "79 mph", "name": "UP Houston Subdivision", "name_1": null, "note": null, "note:old_railway_operator": null, "old_railway_operator": "SP", "operator": "Union Pacific Railroad", "operator:wikidata": "Q725793", "owner": "Union Pacific Railroad", "railway": "rail", "railway:atc": null, "railway:freight": null, "railway:ptc": "yes", "railway:ref": null, "railway:track_class": "5", "railway:track_ref": null, "ref": null, "reporting_marks": null, "service": "none", "source": "Texas Department of Transportation", "spur": null, "start_date": null, "tiger:cfcc": null, "tiger:county": null, "tiger:name_base": null, "tiger:name_base_1": null, "tiger:name_base_2": null, "tiger:reviewed": null, "tiger:zip_left": null, "tiger:zip_right": null, "tracks": null, "tunnel": null, "usage": "main", "maxspeed_mph": 79.0 }, "geometry": { "type": "LineString", "coordinates": [ [ -95.3703095, 29.7684779 ], [ -95.3700624, 29.7684174 ], [ -95.3698145, 29.7683525 ], [ -95.3695999, 29.7682823 ], [ -95.3693153, 29.7681821 ], [ -95.3690265, 29.7680776 ], [ -95.368643, 29.7679413 ], [ -95.3684366, 29.7678691 ], [ -95.3682155, 29.7678015 ], [ -95.3679442, 29.7677305 ], [ -95.3669169, 29.7675092 ], [ -95.3668425, 29.7674913 ], [ -95.3651073, 29.7671217 ], [ -95.3636259, 29.7667994 ], [ -95.3631211, 29.7666896 ], [ -95.3629463, 29.766652 ], [ -95.3627855, 29.7666113 ], [ -95.3625968, 29.7665536 ], [ -95.3624361, 29.7664936 ], [ -95.3622835, 29.7664331 ], [ -95.3618868, 29.7662631 ] ] } },
{ "type": "Feature", "properties": { "id": "way/102925229", "@id": "way/102925229", "access": null, "addr:city": null, "addr:state": null, "bridge": null, "bridge:movable": null, "covered": null, "crossing:barrier": null, "electrified": "no", "embankment": null, "fixme": null, "gauge": "1435", "highspeed": null, "layer": null, "length": null, "maxspeed": "79 mph", "name": "UP Houston Subdivision", "name_1": null, "note": null, "note:old_railway_operator": "HE&WT", "old_railway_operator": "SP", "operator": "Union Pacific Railroad", "operator:wikidata": "Q725793", "owner": "Union Pacific Railroad", "railway": "rail", "railway:atc": null, "railway:freight": null, "railway:ptc": "yes", "railway:ref": null, "railway:track_class": "5", "railway:track_ref": null, "ref": null, "reporting_marks": null, "service": "none", "source": "Texas Department of Transportation", "spur": null, "start_date": null, "tiger:cfcc": null, "tiger:county": null, "tiger:name_base": null, "tiger:name_base_1": null, "tiger:name_base_2": null, "tiger:reviewed": null, "tiger:zip_left": null, "tiger:zip_right": null, "tracks": null, "tunnel": null, "usage": "main", "maxspeed_mph": 79.0 }, "geometry": { "type": "LineString", "coordinates": [ [ -95.3487931, 29.7697717 ], [ -95.3487958, 29.7696076 ], [ -95.3487829, 29.7690514 ], [ -95.3487817, 29.7689197 ], [ -95.3487823, 29.7688233 ], [ -95.3487858, 29.7687597 ], [ -95.3487916, 29.7686759 ], [ -95.3488002, 29.768616 ], [ -95.3488108, 29.7685421 ], [ -95.3488335, 29.768424 ], [ -95.3488614, 29.7683095 ], [ -95.3488969, 29.768204 ], [ -95.3489486, 29.7680813 ], [ -95.348994, 29.7679925 ], [ -95.3490638, 29.7678764 ], [ -95.3491609, 29.7677417 ], [ -95.3492504, 29.7676377 ], [ -95.3493376, 29.7675478 ], [ -95.3494365, 29.76746 ], [ -95.3495388, 29.7673793 ], [ -95.3496469, 29.7673041 ], [ -95.349797, 29.7672122 ], [ -95.3499441, 29.767137 ], [ -95.3500749, 29.7670825 ], [ -95.3502034, 29.767035 ], [ -95.3503674, 29.766982 ] ] } },
{ "type": "Feature", "properties": { "id": "way/102925231", "@id": "way/102925231", "access": null, "addr:city": null, "addr:state": null, "bridge": null, "bridge:movable": null, "covered": null, "crossing:barrier": null, "electrified": "no", "embankment": null, "fixme": null, "gauge": "1435", "highspeed": null, "layer": null, "length": null, "maxspeed": "79 mph", "name": "UP Houston Subdivision", "name_1": null, "note": null, "note:old_railway_operator": "H&TC", "old_railway_operator": "SP", "operator": "Union Pacific Railroad", "operator:wikidata": "Q725793", "owner": "Union Pacific Railroad", "railway": "rail", "railway:atc": null, "railway:freight": null, "railway:ptc": "yes", "railway:ref": null, "railway:track_class": "5", "railway:track_ref": null, "ref": null, "reporting_marks": null, "service": "none", "source": "Texas Department of Transportation", "spur": null, "start_date": null, "tiger:cfcc": null, "tiger:county": null, "tiger:name_base": null, "tiger:name_base_1": null, "tiger:name_base_2": null, "tiger:reviewed": null, "tiger:zip_left": null, "tiger:zip_right": null, "tracks": null, "tunnel": null, "usage": "main", "maxspeed_mph": 79.0 }, "geometry": { "type": "LineString", "coordinates": [ [ -95.3586733, 29.7654003 ], [ -95.3587368, 29.7654153 ] ] } },
{ "type": "Feature", "properties": { "id": "way/102926369", "@id": "way/102926369", "access": null, "addr:city": null, "addr:state": null, "bridge": null, "bridge:movable": null, "covered": null, "crossing:barrier": null, "electrified": "no", "embankment": null, "fixme": null, "gauge": "1435", "highspeed": null, "layer": null, "length": null, "maxspeed": "70 mph", "name": "UP Houston Subdivision", "name_1": null, "note": null, "note:old_railway_operator": null, "old_railway_operator": "SP", "operator": "Union Pacific Railroad", "operator:wikidata": "Q725793", "owner": "Union Pacific Railroad", "railway": "rail", "railway:atc": null, "railway:freight": null, "railway:ptc": "yes", "railway:ref": null, "railway:track_class": "5", "railway:track_ref": null, "ref": null, "reporting_marks": null, "service": "none", "source": "Texas Department of Transportation", "spur": null, "start_date": null, "tiger:cfcc": null, "tiger:county": null, "tiger:name_base": null, "tiger:name_base_1": null, "tiger:name_base_2": null, "tiger:reviewed": null, "tiger:zip_left": null, "tiger:zip_right": null, "tracks": null, "tunnel": null, "usage": "main", "maxspeed_mph": 70.0 }, "geometry": { "type": "LineString", "coordinates": [ [ -95.3912722, 29.7708318 ], [ -95.390426, 29.7707987 ], [ -95.3902616, 29.7707955 ], [ -95.3901154, 29.7707979 ], [ -95.389922, 29.7708154 ], [ -95.3897173, 29.7708444 ], [ -95.3895733, 29.7708752 ], [ -95.3894397, 29.7709078 ], [ -95.3893016, 29.7709537 ], [ -95.3891716, 29.7709976 ], [ -95.3890137, 29.7710644 ], [ -95.3888492, 29.7711431 ], [ -95.3884328, 29.7713487 ] ] } },
{ "type": "Feature", "properties": { "id": "way/102926373", "@id": "way/102926373", "access": null, "addr:city": null, "addr:state": null, "bridge": "yes", "bridge:movable": null, "covered": null, "crossing:barrier": null, "electrified": "no", "embankment": null, "fixme": null, "gauge": "1435", "highspeed": null, "layer": "1", "length": null, "maxspeed": "79 mph", "name": "UP Houston Subdivision", "name_1": null, "note": null, "note:old_railway_operator": "H&TC", "old_railway_operator": "SP", "operator": "Union Pacific Railroad", "operator:wikidata": "Q725793", "owner": "Union Pacific Railroad", "railway": "rail", "railway:atc": null, "railway:freight": null, "railway:ptc": "yes", "railway:ref": null, "railway:track_class": "5", "railway:track_ref": null, "ref": null, "reporting_marks": null, "service": "none", "source": "Texas Department of Transportation", "spur": null, "start_date": null, "tiger:cfcc": null, "tiger:county": null, "tiger:name_base": null, "tiger:name_base_1": null, "tiger:name_base_2": null, "tiger:reviewed": null, "tiger:zip_left": null, "tiger:zip_right": null, "tracks": null, "tunnel": null, "usage": "main", "maxspeed_mph": 79.0 }, "geometry": { "type": "LineString", "coordinates": [ [ -95.3986971, 29.7715504 ], [ -95.398543, 29.7715344 ] ] } },
{ "type": "Feature", "properties": { "id": "way/102926375", "@id": "way/102926375", "access": null, "addr:city": null, "addr:state": null, "bridge": "yes", "bridge:movable": null, "covered": null, "crossing:barrier": null, "electrified": "no", "embankment": null, "fixme": null, "gauge": "1435", "highspeed": null, "layer": "1", "length": null, "maxspeed": "79 mph", "name": "UP Houston Subdivision", "name_1": null, "note": null, "note:old_railway_operator": "H&TC", "old_railway_operator": "SP", "operator": "Union Pacific Railroad", "operator:wikidata": "Q725793", "owner": "Union Pacific Railroad", "railway": "rail", "railway:atc": null, "railway:freight": null, "railway:ptc": "yes", "railway:ref": null, "railway:track_class": "5", "railway:track_ref": null, "ref": null, "reporting_marks": null, "service": "none", "source": "Texas Department of Transportation", "spur": null, "start_date": null, "tiger:cfcc": null, "tiger:county": null, "tiger:name_base": null, "tiger:name_base_1": null, "tiger:name_base_2": null, "tiger:reviewed": null, "tiger:zip_left": null, "tiger:zip_right": null, "tracks": null, "tunnel": null, "usage": "main", "maxspeed_mph": 79.0 }, "geometry": { "type": "LineString", "coordinates": [ [ -95.3986986, 29.7715854 ], [ -95.3985415, 29.7715685 ] ] } },
{ "type": "Feature", "properties": { "id": "way/102926381", "@id": "way/102926381", "access": null, "addr:city": null, "addr:state": null, "bridge": null, "bridge:movable": null, "covered": null, "crossing:barrier": null, "electrified": "no", "embankment": null, "fixme": null, "gauge": "1435", "highspeed": null, "layer": null, "length": null, "maxspeed": "79 mph", "name": "UP Houston Subdivision", "name_1": null, "note": null, "note:old_railway_operator": "H&TC", "old_railway_operator": "SP", "operator": "Union Pacific Railroad", "operator:wikidata": "Q725793", "owner": "Union Pacific Railroad", "railway": "rail", "railway:atc": null, "railway:freight": null, "railway:ptc": "yes", "railway:ref": null, "railway:track_class": "5", "railway:track_ref": null, "ref": null, "reporting_marks": null, "service": "none", "source": "Texas Department of Transportation", "spur": null, "start_date": null, "tiger:cfcc": null, "tiger:county": null, "tiger:name_base": null, "tiger:name_base_1": null, "tiger:name_base_2": null, "tiger:reviewed": null, "tiger:zip_left": null, "tiger:zip_right": null, "tracks": null, "tunnel": null, "usage": "main", "maxspeed_mph": 79.0 }, "geometry": { "type": "LineString", "coordinates": [ [ -95.3930554, 29.7709502 ], [ -95.3914424, 29.7707716 ], [ -95.3890125, 29.7705146 ], [ -95.3875002, 29.7703588 ], [ -95.3855619, 29.7701448 ], [ -95.3855125, 29.7701393 ], [ -95.3837687, 29.7699589 ], [ -95.3828452, 29.7698657 ], [ -95.3828025, 29.7698617 ], [ -95.3827397, 29.7698544 ], [ -95.3827054, 29.7698517 ], [ -95.3822346, 29.7697974 ], [ -95.3803845, 29.7696022 ], [ -95.3789645, 29.7694512 ], [ -95.3772838, 29.7692796 ], [ -95.377243, 29.7692754 ], [ -95.3761048, 29.7691526 ], [ -95.3749891, 29.7690343 ], [ -95.373785, 29.7689136 ], [ -95.3728224, 29.7688078 ], [ -95.3715098, 29.7686619 ], [ -95.3709009, 29.7685854 ], [ -95.3707198, 29.7685599 ], [ -95.3705304, 29.768526 ] ] } },
{ "type": "Feature", "properties": { "id": "way/102926386", "@id": "way/102926386", "access": null, "addr:city": null, "addr:state": null, "bridge": null, "bridge:movable": null, "covered": null, "crossing:barrier": null, "electrified": "no", "embankment": null, "fixme": null, "gauge": "1435", "highspeed": null, "layer": null, "length": null, "maxspeed": "79 mph", "name": "UP Houston Subdivision", "name_1": null, "note": null, "note:old_railway_operator": "H&TC", "old_railway_operator": "SP", "operator": "Union Pacific Railroad", "operator:wikidata": "Q725793", "owner": "Union Pacific Railroad", "railway": "rail", "railway:atc": null, "railway:freight": null, "railway:ptc": "yes", "railway:ref": null, "railway:track_class": "5", "railway:track_ref": null, "ref": null, "reporting_marks": null, "service": "none", "source": "Texas Department of Transportation", "spur": null, "start_date": null, "tiger:cfcc": null, "tiger:county": null, "tiger:name_base": null, "tiger:name_base_1": null, "tiger:name_base_2": null, "tiger:reviewed": null, "tiger:zip_left": null, "tiger:zip_right": null, "tracks": null, "tunnel": null, "usage": "main", "maxspeed_mph": 79.0 }, "geometry": { "type": "LineString", "coordinates": [ [ -95.3974737, 29.7714568 ], [ -95.3971979, 29.7714273 ], [ -95.3971125, 29.7714183 ], [ -95.3961442, 29.771316 ], [ -95.3960727, 29.7713085 ], [ -95.3960252, 29.7713035 ], [ -95.395976, 29.7712983 ], [ -95.3946221, 29.7711557 ], [ -95.3932168, 29.7710071 ], [ -95.3921595, 29.7708917 ] ] } },
{ "type": "Feature", "properties": { "id": "way/102926387", "@id": "way/102926387", "access": null, "addr:city": null, "addr:state": null, "bridge": null, "bridge:movable": null, "covered": null, "crossing:barrier": null, "electrified": "no", "embankment": null, "fixme": null, "gauge": "1435", "highspeed": null, "layer": null, "length": null, "maxspeed": "40 mph", "name": "UP Eureka Subdivision", "name_1": null, "note": null, "note:old_railway_operator": "H&TC", "old_railway_operator": "SP", "operator": "Union Pacific Railroad", "operator:wikidata": "Q725793", "owner": null, "railway": "rail", "railway:atc": null, "railway:freight": null, "railway:ptc": "yes", "railway:ref": null, "railway:track_class": "3", "railway:track_ref": null, "ref": null, "reporting_marks": null, "service": "none", "source": "Texas Department of Transportation", "spur": null, "start_date": null, "tiger:cfcc": null, "tiger:county": null, "tiger:name_base": null, "tiger:name_base_1": null, "tiger:name_base_2": null, "tiger:reviewed": null, "tiger:zip_left": null, "tiger:zip_right": null, "tracks": null, "tunnel": null, "usage": "main", "maxspeed_mph": 40.0 }, "geometry": { "type": "LineString", "coordinates": [ [ -95.4394294, 29.785999 ], [ -95.4387279, 29.785492 ], [ -95.4377718, 29.7847952 ], [ -95.4371789, 29.7843828 ], [ -95.4369747, 29.7842421 ] ] } },
{ "type": "Feature", "properties": { "id": "way/102926587", "@id": "way/102926587", "access": null, "addr:city": null, "addr:state": null, "bridge": "yes", "bridge:movable": null, "covered": null, "crossing:barrier": null, "electrified": "no", "embankment": null, "fixme": null, "gauge": "1435", "highspeed": null, "layer": "1", "length": null, "maxspeed": "79 mph", "name": "UP Houston Subdivision", "name_1": null, "note": null, "note:old_railway_operator": "H&TC", "old_railway_operator": "SP", "operator": "Union Pacific Railroad", "operator:wikidata": "Q725793", "owner": "Union Pacific Railroad", "railway": "rail", "railway:atc": "no", "railway:freight": null, "railway:ptc": "no", "railway:ref": null, "railway:track_class": "5", "railway:track_ref": null, "ref": null, "reporting_marks": null, "service": "none", "source": "Texas Department of Transportation", "spur": null, "start_date": null, "tiger:cfcc": null, "tiger:county": null, "tiger:name_base": null, "tiger:name_base_1": null, "tiger:name_base_2": null, "tiger:reviewed": null, "tiger:zip_left": null, "tiger:zip_right": null, "tracks": null, "tunnel": null, "usage": "main", "maxspeed_mph": 79.0 }, "geometry": { "type": "LineString", "coordinates": [ [ -95.4417318, 29.7784986 ], [ -95.441284, 29.7791567 ] ] } },
{ "type": "Feature", "properties": { "id": "way/102926589", "@id": "way/102926589", "access": null, "addr:city": null, "addr:state": null, "bridge": "yes", "bridge:movable": null, "covered": null, "crossing:barrier": null, "electrified": "no", "embankment": null, "fixme": null, "gauge": "1435", "highspeed": null, "layer": "1", "length": null, "maxspeed": "79 mph", "name": "UP Houston Subdivision", "name_1": null, "note": null, "note:old_railway_operator": "H&TC", "old_railway_operator": "SP", "operator": "Union Pacific Railroad", "operator:wikidata": "Q725793", "owner": "Union Pacific Railroad", "railway": "rail", "railway:atc": "no", "railway:freight": null, "railway:ptc": "no", "railway:ref": null, "railway:track_class": "5", "railway:track_ref": null, "ref": null, "reporting_marks": null, "service": "none", "source": "Texas Department of Transportation", "spur": null, "start_date": null, "tiger:cfcc": null, "tiger:county": null, "tiger:name_base": null, "tiger:name_base_1": null, "tiger:name_base_2": null, "tiger:reviewed": null, "tiger:zip_left": null, "tiger:zip_right": null, "tracks": null, "tunnel": null, "usage": "main", "maxspeed_mph": 79.0 }, "geometry": { "type": "LineString", "coordinates": [ [ -95.4397565, 29.781363 ], [ -95.4394938, 29.7817319 ] ] } },
{ "type": "Feature", "properties": { "id": "way/102926592", "@id": "way/102926592", "access": null, "addr:city": null, "addr:state": null, "bridge": "yes", "bridge:movable": null, "covered": null, "crossing:barrier": null, "electrified": "no", "embankment": null, "fixme": null, "gauge": "1435", "highspeed": null, "layer": "1", "length": null, "maxspeed": "79 mph", "name": "UP Houston Subdivision", "name_1": null, "note": null, "note:old_railway_operator": "GH&SA", "old_railway_operator": "SP", "operator": "Union Pacific Railroad", "operator:wikidata": "Q725793", "owner": "Union Pacific Railroad", "railway": "rail", "railway:atc": "no", "railway:freight": null, "railway:ptc": "no", "railway:ref": null, "railway:track_class": "5", "railway:track_ref": null, "ref": null, "reporting_marks": null, "service": "none", "source": "Texas Department of Transportation", "spur": null, "start_date": null, "tiger:cfcc": null, "tiger:county": null, "tiger:name_base": null, "tiger:name_base_1": null, "tiger:name_base_2": null, "tiger:reviewed": null, "tiger:zip_left": null, "tiger:zip_right": null, "tracks": null, "tunnel": null, "usage": "main", "maxspeed_mph": 79.0 }, "geometry": { "type": "LineString", "coordinates": [ [ -95.4416791, 29.7784931 ], [ -95.4412258, 29.779159 ] ] } },
{ "type": "Feature", "properties": { "id": "way/102926593", "@id": "way/102926593", "access": null, "addr:city": null, "addr:state": null, "bridge": "yes", "bridge:movable": null, "covered": null, "crossing:barrier": null, "electrified": "no", "embankment": null, "fixme": null, "gauge": "1435", "highspeed": null, "layer": "1", "length": null, "maxspeed": "40 mph", "name": "UP Eureka Subdivision", "name_1": null, "note": null, "note:old_railway_operator": "H&TC", "old_railway_operator": "SP", "operator": "Union Pacific Railroad", "operator:wikidata": "Q725793", "owner": null, "railway": "rail", "railway:atc": null, "railway:freight": null, "railway:ptc": "yes", "railway:ref": null, "railway:track_class": "3", "railway:track_ref": null, "ref": null, "reporting_marks": null, "service": "none", "source": "Texas Department of Transportation", "spur": null, "start_date": null, "tiger:cfcc": null, "tiger:county": null, "tiger:name_base": null, "tiger:name_base_1": null, "tiger:name_base_2": null, "tiger:reviewed": null, "tiger:zip_left": null, "tiger:zip_right": null, "tracks": null, "tunnel": null, "usage": "main", "maxspeed_mph": 40.0 }, "geometry": { "type": "LineString", "coordinates": [ [ -95.4369747, 29.7842421 ], [ -95.4366782, 29.7840365 ] ] } },
{ "type": "Feature", "properties": { "id": "way/102926594", "@id": "way/102926594", "access": null, "addr:city": null, "addr:state": null, "bridge": null, "bridge:movable": null, "covered": null, "crossing:barrier": null, "electrified": "no", "embankment": null, "fixme": null, "gauge": "1435", "highspeed": null, "layer": null, "length": null, "maxspeed": "79 mph", "name": "UP Houston Subdivision", "name_1": null, "note": null, "note:old_railway_operator": "H&TC", "old_railway_operator": "SP", "operator": "Union Pacific Railroad", "operator:wikidata": "Q725793", "owner": "Union Pacific Railroad", "railway": "rail", "railway:atc": "no", "railway:freight": null, "railway:ptc": "no", "railway:ref": null, "railway:track_class": "5", "railway:track_ref": null, "ref": null, "reporting_marks": null, "service": "none", "source": "Texas Department of Transportation", "spur": null, "start_date": null, "tiger:cfcc": null, "tiger:county": null, "tiger:name_base": null, "tiger:name_base_1": null, "tiger:name_base_2": null, "tiger:reviewed": null, "tiger:zip_left": null, "tiger:zip_right": null, "tracks": null, "tunnel": null, "usage": "main", "maxspeed_mph": 79.0 }, "geometry": { "type": "LineString", "coordinates": [ [ -95.441284, 29.7791567 ], [ -95.4397565, 29.781363 ] ] } },
{ "type": "Feature", "properties": { "id": "way/102926595", "@id": "way/102926595", "access": null, "addr:city": null, "addr:state": null, "bridge": "yes", "bridge:movable": null, "covered": null, "crossing:barrier": null, "electrified": "no", "embankment": null, "fixme": null, "gauge": "1435", "highspeed": null, "layer": "1", "length": null, "maxspeed": "79 mph", "name": "UP Houston Subdivision", "name_1": null, "note": null, "note:old_railway_operator": "GH&SA", "old_railway_operator": "SP", "operator": "Union Pacific Railroad", "operator:wikidata": "Q725793", "owner": "Union Pacific Railroad", "railway": "rail", "railway:atc": "no", "railway:freight": null, "railway:ptc": "no", "railway:ref": null, "railway:track_class": "5", "railway:track_ref": null, "ref": null, "reporting_marks": null, "service": "none", "source": "Texas Department of Transportation", "spur": null, "start_date": null, "tiger:cfcc": null, "tiger:county": null, "tiger:name_base": null, "tiger:name_base_1": null, "tiger:name_base_2": null, "tiger:reviewed": null, "tiger:zip_left": null, "tiger:zip_right": null, "tracks": null, "tunnel": null, "usage": "main", "maxspeed_mph": 79.0 }, "geometry": { "type": "LineString", "coordinates": [ [ -95.439711, 29.7813574 ], [ -95.4394522, 29.7817259 ] ] } },
{ "type": "Feature", "properties": { "id": "way/102926596", "@id": "way/102926596", "access": null, "addr:city": null, "addr:state": null, "bridge": null, "bridge:movable": null, "covered": null, "crossing:barrier": null, "electrified": "no", "embankment": null, "fixme": null, "gauge": "1435", "highspeed": null, "layer": null, "length": null, "maxspeed": "79 mph", "name": "UP Houston Subdivision", "name_1": null, "note": null, "note:old_railway_operator": "H&TC", "old_railway_operator": "SP", "operator": "Union Pacific Railroad", "operator:wikidata": "Q725793", "owner": "Union Pacific Railroad", "railway": "rail", "railway:atc": "no", "railway:freight": null, "railway:ptc": "no", "railway:ref": null, "railway:track_class": "5", "railway:track_ref": null, "ref": null, "reporting_marks": null, "service": "none", "source": "Texas Department of Transportation", "spur": null, "start_date": null, "tiger:cfcc": null, "tiger:county": null, "tiger:name_base": null, "tiger:name_base_1": null, "tiger:name_base_2": null, "tiger:reviewed": null, "tiger:zip_left": null, "tiger:zip_right": null, "tracks": null, "tunnel": null, "usage": "main", "maxspeed_mph": 79.0 }, "geometry": { "type": "LineString", "coordinates": [ [ -95.4482223, 29.7687654 ], [ -95.4481386, 29.7689704 ], [ -95.4480378, 29.7691994 ], [ -95.4479412, 29.7693991 ], [ -95.4478495, 29.7695743 ], [ -95.4477185, 29.7698097 ], [ -95.4475844, 29.7700281 ], [ -95.4474294, 29.7702684 ], [ -95.4472597, 29.770514 ], [ -95.4459126, 29.7724585 ], [ -95.4417318, 29.7784986 ] ] } },
{ "type": "Feature", "properties": { "id": "way/102926598", "@id": "way/102926598", "access": null, "addr:city": null, "addr:state": null, "bridge": null, "bridge:movable": null, "covered": null, "crossing:barrier": null, "electrified": "no", "embankment": null, "fixme": null, "gauge": "1435", "highspeed": null, "layer": null, "length": null, "maxspeed": "79 mph", "name": "UP Houston Subdivision", "name_1": null, "note": null, "note:old_railway_operator": "GH&SA", "old_railway_operator": "SP", "operator": "Union Pacific Railroad", "operator:wikidata": "Q725793", "owner": "Union Pacific Railroad", "railway": "rail", "railway:atc": "no", "railway:freight": null, "railway:ptc": "no", "railway:ref": null, "railway:track_class": "5", "railway:track_ref": null, "ref": null, "reporting_marks": null, "service": "none", "source": "Texas Department of Transportation", "spur": null, "start_date": null, "tiger:cfcc": null, "tiger:county": null, "tiger:name_base": null, "tiger:name_base_1": null, "tiger:name_base_2": null, "tiger:reviewed": null, "tiger:zip_left": null, "tiger:zip_right": null, "tracks": null, "tunnel": null, "usage": "main", "maxspeed_mph": 79.0 }, "geometry": { "type": "LineString", "coordinates": [ [ -95.4412258, 29.779159 ], [ -95.439711, 29.7813574 ] ] } },
{ "type": "Feature", "properties": { "id": "way/102926599", "@id": "way/102926599", "access": null, "addr:city": null, "addr:state": null, "bridge": null, "bridge:movable": null, "covered": null, "crossing:barrier": null, "electrified": "no", "embankment": null, "fixme": null, "gauge": "1435", "highspeed": null, "layer": null, "length": null, "maxspeed": "79 mph", "name": "UP Houston Subdivision", "name_1": null, "note": null, "note:old_railway_operator": "H&TC", "old_railway_operator": "SP", "operator": "Union Pacific Railroad", "operator:wikidata": "Q725793", "owner": "Union Pacific Railroad", "railway": "rail", "railway:atc": "no", "railway:freight": null, "railway:ptc": "no", "railway:ref": null, "railway:track_class": "5", "railway:track_ref": null, "ref": null, "reporting_marks": null, "service": "none", "source": "Texas Department of Transportation", "spur": null, "start_date": null, "tiger:cfcc": null, "tiger:county": null, "tiger:name_base": null, "tiger:name_base_1": null, "tiger:name_base_2": null, "tiger:reviewed": null, "tiger:zip_left": null, "tiger:zip_right": null, "tracks": null, "tunnel": null, "usage": "main", "maxspeed_mph": 79.0 }, "geometry": { "type": "LineString", "coordinates": [ [ -95.4394938, 29.7817319 ], [ -95.4394262, 29.7818269 ], [ -95.4392114, 29.7821481 ], [ -95.4388172, 29.7827211 ], [ -95.4386797, 29.7829047 ], [ -95.4385773, 29.7830332 ], [ -95.4384882, 29.7831485 ], [ -95.4383824, 29.7832556 ], [ -95.4382673, 29.7833758 ], [ -95.4380303, 29.783536 ], [ -95.4379198, 29.783597 ], [ -95.4377073, 29.7836844 ], [ -95.4376098, 29.7837285 ], [ -95.4374643, 29.7837707 ], [ -95.4373361, 29.7837955 ], [ -95.4371627, 29.7838175 ], [ -95.4369952, 29.7838226 ] ] } },
{ "type": "Feature", "properties": { "id": "way/102926600", "@id": "way/102926600", "access": null, "addr:city": null, "addr:state": null, "bridge": "yes", "bridge:movable": null, "covered": null, "crossing:barrier": null, "electrified": "no", "embankment": null, "fixme": null, "gauge": "1435", "highspeed": null, "layer": "1", "length": null, "maxspeed": "79 mph", "name": "UP Houston Subdivision", "name_1": null, "note": null, "note:old_railway_operator": null, "old_railway_operator": "SP", "operator": "Union Pacific Railroad", "operator:wikidata": "Q725793", "owner": "Union Pacific Railroad", "railway": "rail", "railway:atc": "no", "railway:freight": null, "railway:ptc": "no", "railway:ref": null, "railway:track_class": "5", "railway:track_ref": null, "ref": null, "reporting_marks": null, "service": "none", "source": "Texas Department of Transportation", "spur": null, "start_date": null, "tiger:cfcc": null, "tiger:county": null, "tiger:name_base": null, "tiger:name_base_1": null, "tiger:name_base_2": null, "tiger:reviewed": null, "tiger:zip_left": null, "tiger:zip_right": null, "tracks": null, "tunnel": null, "usage": "main", "maxspeed_mph": 79.0 }, "geometry": { "type": "LineString", "coordinates": [ [ -95.4369873, 29.7837615 ], [ -95.4366938, 29.783734 ] ] } },
{ "type": "Feature", "properties": { "id": "way/102926603", "@id": "way/102926603", "access": null, "addr:city": null, "addr:state": null, "bridge": null, "bridge:movable": null, "covered": null, "crossing:barrier": null, "electrified": "no", "embankment": null, "fixme": null, "gauge": "1435", "highspeed": null, "layer": null, "length": null, "maxspeed": "79 mph", "name": "UP Houston Subdivision", "name_1": null, "note": null, "note:old_railway_operator": "GH&SA", "old_railway_operator": "SP", "operator": "Union Pacific Railroad", "operator:wikidata": "Q725793", "owner": "Union Pacific Railroad", "railway": "rail", "railway:atc": "no", "railway:freight": null, "railway:ptc": "no", "railway:ref": null, "railway:track_class": "5", "railway:track_ref": null, "ref": null, "reporting_marks": null, "service": "none", "source": "Texas Department of Transportation", "spur": null, "start_date": null, "tiger:cfcc": null, "tiger:county": null, "tiger:name_base": null, "tiger:name_base_1": null, "tiger:name_base_2": null, "tiger:reviewed": null, "tiger:zip_left": null, "tiger:zip_right": null, "tracks": null, "tunnel": null, "usage": "main", "maxspeed_mph": 79.0 }, "geometry": { "type": "LineString", "coordinates": [ [ -95.4394522, 29.7817259 ], [ -95.439395, 29.7818073 ], [ -95.4390595, 29.7822959 ], [ -95.4388593, 29.7825702 ] ] } },
{ "type": "Feature", "properties": { "id": "way/102926604", "@id": "way/102926604", "access": null, "addr:city": null, "addr:state": null, "bridge": "yes", "bridge:movable": null, "covered": null, "crossing:barrier": null, "electrified": "no", "embankment": null, "fixme": null, "gauge": "1435", "highspeed": null, "layer": "1", "length": null, "maxspeed": "79 mph", "name": "UP Houston Subdivision", "name_1": null, "note": null, "note:old_railway_operator": "H&TC", "old_railway_operator": "SP", "operator": "Union Pacific Railroad", "operator:wikidata": "Q725793", "owner": "Union Pacific Railroad", "railway": "rail", "railway:atc": "no", "railway:freight": null, "railway:ptc": "no", "railway:ref": null, "railway:track_class": "5", "railway:track_ref": null, "ref": null, "reporting_marks": null, "service": "none", "source": "Texas Department of Transportation", "spur": null, "start_date": null, "tiger:cfcc": null, "tiger:county": null, "tiger:name_base": null, "tiger:name_base_1": null, "tiger:name_base_2": null, "tiger:reviewed": null, "tiger:zip_left": null, "tiger:zip_right": null, "tracks": null, "tunnel": null, "usage": "main", "maxspeed_mph": 79.0 }, "geometry": { "type": "LineString", "coordinates": [ [ -95.4369952, 29.7838226 ], [ -95.4366808, 29.7837992 ] ] } },
{ "type": "Feature", "properties": { "id": "way/102926605", "@id": "way/102926605", "access": null, "addr:city": null, "addr:state": null, "bridge": null, "bridge:movable": null, "covered": null, "crossing:barrier": null, "electrified": "no", "embankment": null, "fixme": null, "gauge": "1435", "highspeed": null, "layer": null, "length": null, "maxspeed": "40 mph", "name": "UP Eureka Subdivision", "name_1": null, "note": null, "note:old_railway_operator": "H&TC", "old_railway_operator": "SP", "operator": "Union Pacific Railroad", "operator:wikidata": "Q725793", "owner": null, "railway": "rail", "railway:atc": null, "railway:freight": null, "railway:ptc": "yes", "railway:ref": null, "railway:track_class": "3", "railway:track_ref": null, "ref": null, "reporting_marks": null, "service": "none", "source": "Texas Department of Transportation", "spur": null, "start_date": null, "tiger:cfcc": null, "tiger:county": null, "tiger:name_base": null, "tiger:name_base_1": null, "tiger:name_base_2": null, "tiger:reviewed": null, "tiger:zip_left": null, "tiger:zip_right": null, "tracks": null, "tunnel": null, "usage": "main", "maxspeed_mph": 40.0 }, "geometry": { "type": "LineString", "coordinates": [ [ -95.4366782, 29.7840365 ], [ -95.4365115, 29.7839384 ], [ -95.4358568, 29.7835017 ], [ -95.4356874, 29.7834003 ], [ -95.4354834, 29.7832838 ], [ -95.4352388, 29.7831373 ], [ -95.4350869, 29.7830368 ], [ -95.4348703, 29.7828829 ], [ -95.43462, 29.7827037 ] ] } },
{ "type": "Feature", "properties": { "id": "way/102926608", "@id": "way/102926608", "access": null, "addr:city": null, "addr:state": null, "bridge": null, "bridge:movable": null, "covered": null, "crossing:barrier": null, "electrified": "no", "embankment": null, "fixme": null, "gauge": "1435", "highspeed": null, "layer": null, "length": null, "maxspeed": "79 mph", "name": "UP Houston Subdivision", "name_1": null, "note": null, "note:old_railway_operator": "H&TC", "old_railway_operator": "SP", "operator": "Union Pacific Railroad", "operator:wikidata": "Q725793", "owner": "Union Pacific Railroad", "railway": "rail", "railway:atc": "no", "railway:freight": null, "railway:ptc": "no", "railway:ref": null, "railway:track_class": "5", "railway:track_ref": null, "ref": null, "reporting_marks": null, "service": "none", "source": "Texas Department of Transportation", "spur": null, "start_date": null, "tiger:cfcc": null, "tiger:county": null, "tiger:name_base": null, "tiger:name_base_1": null, "tiger:name_base_2": null, "tiger:reviewed": null, "tiger:zip_left": null, "tiger:zip_right": null, "tracks": null, "tunnel": null, "usage": "main", "maxspeed_mph": 79.0 }, "geometry": { "type": "LineString", "coordinates": [ [ -95.4366808, 29.7837992 ], [ -95.436561, 29.7837718 ], [ -95.4364182, 29.7837237 ], [ -95.4362794, 29.7836757 ], [ -95.4361528, 29.7836131 ], [ -95.4360798, 29.7835816 ], [ -95.4358911, 29.78347 ], [ -95.4357644, 29.7833926 ], [ -95.4356163, 29.7833216 ], [ -95.4354692, 29.7832431 ], [ -95.4352957, 29.783137 ], [ -95.43462, 29.7827037 ] ] } },
{ "type": "Feature", "properties": { "id": "way/102926610", "@id": "way/102926610", "access": null, "addr:city": null, "addr:state": null, "bridge": null, "bridge:movable": null, "covered": null, "crossing:barrier": null, "electrified": "no", "embankment": null, "fixme": null, "gauge": "1435", "highspeed": null, "layer": null, "length": null, "maxspeed": "79 mph", "name": "UP Houston Subdivision", "name_1": null, "note": null, "note:old_railway_operator": null, "old_railway_operator": "SP", "operator": "Union Pacific Railroad", "operator:wikidata": "Q725793", "owner": "Union Pacific Railroad", "railway": "rail", "railway:atc": "no", "railway:freight": null, "railway:ptc": "no", "railway:ref": null, "railway:track_class": "5", "railway:track_ref": null, "ref": null, "reporting_marks": null, "service": "none", "source": "Texas Department of Transportation", "spur": null, "start_date": null, "tiger:cfcc": null, "tiger:county": null, "tiger:name_base": null, "tiger:name_base_1": null, "tiger:name_base_2": null, "tiger:reviewed": null, "tiger:zip_left": null, "tiger:zip_right": null, "tracks": null, "tunnel": null, "usage": "main", "maxspeed_mph": 79.0 }, "geometry": { "type": "LineString", "coordinates": [ [ -95.4366938, 29.783734 ], [ -95.4364913, 29.7836897 ], [ -95.4363516, 29.7836444 ], [ -95.4362045, 29.7835838 ], [ -95.4360706, 29.78352 ], [ -95.4359198, 29.783437 ], [ -95.4357626, 29.7833451 ], [ -95.4355986, 29.7832531 ], [ -95.4354325, 29.7831583 ], [ -95.4352453, 29.7830486 ] ] } },
{ "type": "Feature", "properties": { "id": "way/102927148", "@id": "way/102927148", "access": null, "addr:city": null, "addr:state": null, "bridge": "yes", "bridge:movable": null, "covered": null, "crossing:barrier": null, "electrified": "no", "embankment": null, "fixme": null, "gauge": "1435", "highspeed": null, "layer": "1", "length": null, "maxspeed": "60 mph", "name": "UP Houston Subdivision", "name_1": null, "note": null, "note:old_railway_operator": "H&TC", "old_railway_operator": "SP", "operator": "Union Pacific Railroad", "operator:wikidata": "Q725793", "owner": "Union Pacific Railroad", "railway": "rail", "railway:atc": null, "railway:freight": null, "railway:ptc": "yes", "railway:ref": null, "railway:track_class": "4", "railway:track_ref": null, "ref": null, "reporting_marks": null, "service": "none", "source": null, "spur": null, "start_date": null, "tiger:cfcc": null, "tiger:county": null, "tiger:name_base": null, "tiger:name_base_1": null, "tiger:name_base_2": null, "tiger:reviewed": null, "tiger:zip_left": null, "tiger:zip_right": null, "tracks": null, "tunnel": null, "usage": "main", "maxspeed_mph": 60.0 }, "geometry": { "type": "LineString", "coordinates": [ [ -95.4470252, 29.687084 ], [ -95.4470344, 29.6876771 ] ] } },
{ "type": "Feature", "properties": { "id": "way/102927151", "@id": "way/102927151", "access": null, "addr:city": null, "addr:state": null, "bridge": null, "bridge:movable": null, "covered": null, "crossing:barrier": null, "electrified": "no", "embankment": null, "fixme": null, "gauge": "1435", "highspeed": null, "layer": null, "length": null, "maxspeed": "79 mph", "name": "UP Houston Subdivision", "name_1": null, "note": null, "note:old_railway_operator": "GH&SA", "old_railway_operator": "SP", "operator": "Union Pacific Railroad", "operator:wikidata": "Q725793", "owner": "Union Pacific Railroad", "railway": "rail", "railway:atc": "no", "railway:freight": null, "railway:ptc": "no", "railway:ref": null, "railway:track_class": "5", "railway:track_ref": null, "ref": null, "reporting_marks": null, "service": "none", "source": "Texas Department of Transportation", "spur": null, "start_date": null, "tiger:cfcc": null, "tiger:county": null, "tiger:name_base": null, "tiger:name_base_1": null, "tiger:name_base_2": null, "tiger:reviewed": null, "tiger:zip_left": null, "tiger:zip_right": null, "tracks": null, "tunnel": null, "usage": "main", "maxspeed_mph": 79.0 }, "geometry": { "type": "LineString", "coordinates": [ [ -95.4484139, 29.7680402 ], [ -95.4483607, 29.7682255 ], [ -95.4483011, 29.7684128 ] ] } },
{ "type": "Feature", "properties": { "id": "way/102927152", "@id": "way/102927152", "access": null, "addr:city": null, "addr:state": null, "bridge": "yes", "bridge:movable": null, "covered": null, "crossing:barrier": null, "electrified": "no", "embankment": null, "fixme": null, "gauge": "1435", "highspeed": null, "layer": "1", "length": null, "maxspeed": "79 mph", "name": "UP Houston Subdivision", "name_1": null, "note": null, "note:old_railway_operator": "H&TC", "old_railway_operator": "SP", "operator": "Union Pacific Railroad", "operator:wikidata": "Q725793", "owner": "Union Pacific Railroad", "railway": "rail", "railway:atc": "no", "railway:freight": null, "railway:ptc": "no", "railway:ref": null, "railway:track_class": "5", "railway:track_ref": null, "ref": null, "reporting_marks": null, "service": "none", "source": "Texas Department of Transportation", "spur": null, "start_date": null, "tiger:cfcc": null, "tiger:county": null, "tiger:name_base": null, "tiger:name_base_1": null, "tiger:name_base_2": null, "tiger:reviewed": null, "tiger:zip_left": null, "tiger:zip_right": null, "tracks": null, "tunnel": null, "usage": "main", "maxspeed_mph": 79.0 }, "geometry": { "type": "LineString", "coordinates": [ [ -95.4485286, 29.7677626 ], [ -95.4484591, 29.7680472 ] ] } },
{ "type": "Feature", "properties": { "id": "way/102927153", "@id": "way/102927153", "access": null, "addr:city": null, "addr:state": null, "bridge": null, "bridge:movable": null, "covered": null, "crossing:barrier": null, "electrified": "no", "embankment": null, "fixme": null, "gauge": "1435", "highspeed": null, "layer": null, "length": null, "maxspeed": "60 mph", "name": "UP Houston Subdivision", "name_1": null, "note": null, "note:old_railway_operator": "GH&SA", "old_railway_operator": "SP", "operator": "Union Pacific Railroad", "operator:wikidata": "Q725793", "owner": "Union Pacific Railroad", "railway": "rail", "railway:atc": null, "railway:freight": null, "railway:ptc": "yes", "railway:ref": null, "railway:track_class": "4", "railway:track_ref": null, "ref": null, "reporting_marks": null, "service": "none", "source": null, "spur": null, "start_date": null, "tiger:cfcc": null, "tiger:county": null, "tiger:name_base": null, "tiger:name_base_1": null, "tiger:name_base_2": null, "tiger:reviewed": null, "tiger:zip_left": null, "tiger:zip_right": null, "tracks": null, "tunnel": null, "usage": "main", "maxspeed_mph": 60.0 }, "geometry": { "type": "LineString", "coordinates": [ [ -95.4469907, 29.687677 ], [ -95.4470202, 29.6889875 ] ] } },
{ "type": "Feature", "properties": { "id": "way/102927154", "@id": "way/102927154", "access": null, "addr:city": null, "addr:state": null, "bridge": "yes", "bridge:movable": null, "covered": null, "crossing:barrier": null, "electrified": "no", "embankment": null, "fixme": null, "gauge": "1435", "highspeed": null, "layer": "1", "length": null, "maxspeed": "60 mph", "name": "UP Houston Subdivision", "name_1": null, "note": null, "note:old_railway_operator": "H&TC", "old_railway_operator": "SP", "operator": "Union Pacific Railroad", "operator:wikidata": "Q725793", "owner": "Union Pacific Railroad", "railway": "rail", "railway:atc": null, "railway:freight": null, "railway:ptc": "yes", "railway:ref": null, "railway:track_class": "4", "railway:track_ref": null, "ref": null, "reporting_marks": null, "service": "none", "source": null, "spur": null, "start_date": null, "tiger:cfcc": null, "tiger:county": null, "tiger:name_base": null, "tiger:name_base_1": null, "tiger:name_base_2": null, "tiger:reviewed": null, "tiger:zip_left": null, "tiger:zip_right": null, "tracks": null, "tunnel": null, "usage": "main", "maxspeed_mph": 60.0 }, "geometry": { "type": "LineString", "coordinates": [ [ -95.4470626, 29.6889883 ], [ -95.4470679, 29.6892339 ] ] } },
{ "type": "Feature", "properties": { "id": "way/102927155", "@id": "way/102927155", "access": null, "addr:city": null, "addr:state": null, "bridge": "yes", "bridge:movable": null, "covered": null, "crossing:barrier": null, "electrified": "no", "embankment": null, "fixme": null, "gauge": "1435", "highspeed": null, "layer": "1", "length": null, "maxspeed": "79 mph", "name": "UP Houston Subdivision", "name_1": null, "note": null, "note:old_railway_operator": "H&TC", "old_railway_operator": "SP", "operator": "Union Pacific Railroad", "operator:wikidata": "Q725793", "owner": "Union Pacific Railroad", "railway": "rail", "railway:atc": "no", "railway:freight": null, "railway:ptc": "no", "railway:ref": null, "railway:track_class": "5", "railway:track_ref": null, "ref": null, "reporting_marks": null, "service": "none", "source": "Texas Department of Transportation", "spur": null, "start_date": null, "tiger:cfcc": null, "tiger:county": null, "tiger:name_base": null, "tiger:name_base_1": null, "tiger:name_base_2": null, "tiger:reviewed": null, "tiger:zip_left": null, "tiger:zip_right": null, "tracks": null, "tunnel": null, "usage": "main", "maxspeed_mph": 79.0 }, "geometry": { "type": "LineString", "coordinates": [ [ -95.4483459, 29.7684242 ], [ -95.4482223, 29.7687654 ] ] } },
{ "type": "Feature", "properties": { "id": "way/102927156", "@id": "way/102927156", "access": null, "addr:city": null, "addr:state": null, "bridge": "yes", "bridge:movable": null, "covered": null, "crossing:barrier": null, "electrified": "no", "embankment": null, "fixme": null, "gauge": "1435", "highspeed": null, "layer": "1", "length": null, "maxspeed": "60 mph", "name": "UP Houston Subdivision", "name_1": null, "note": null, "note:old_railway_operator": "GH&SA", "old_railway_operator": "SP", "operator": "Union Pacific Railroad", "operator:wikidata": "Q725793", "owner": "Union Pacific Railroad", "railway": "rail", "railway:atc": null, "railway:freight": null, "railway:ptc": "yes", "railway:ref": null, "railway:track_class": "4", "railway:track_ref": null, "ref": null, "reporting_marks": null, "service": "none", "source": null, "spur": null, "start_date": null, "tiger:cfcc": null, "tiger:county": null, "tiger:name_base": null, "tiger:name_base_1": null, "tiger:name_base_2": null, "tiger:reviewed": null, "tiger:zip_left": null, "tiger:zip_right": null, "tracks": null, "tunnel": null, "usage": "main", "maxspeed_mph": 60.0 }, "geometry": { "type": "LineString", "coordinates": [ [ -95.4470202, 29.6889875 ], [ -95.4470253, 29.6892343 ] ] } },
{ "type": "Feature", "properties": { "id": "way/102927157", "@id": "way/102927157", "access": null, "addr:city": null, "addr:state": null, "bridge": "yes", "bridge:movable": null, "covered": null, "crossing:barrier": null, "electrified": "no", "embankment": null, "fixme": null, "gauge": "1435", "highspeed": null, "layer": "1", "length": null, "maxspeed": "60 mph", "name": "UP Houston Subdivision", "name_1": null, "note": null, "note:old_railway_operator": "GH&SA", "old_railway_operator": "SP", "operator": "Union Pacific Railroad", "operator:wikidata": "Q725793", "owner": "Union Pacific Railroad", "railway": "rail", "railway:atc": null, "railway:freight": null, "railway:ptc": "yes", "railway:ref": null, "railway:track_class": "4", "railway:track_ref": null, "ref": null, "reporting_marks": null, "service": "none", "source": "Texas Department of Transportation", "spur": null, "start_date": null, "tiger:cfcc": null, "tiger:county": null, "tiger:name_base": null, "tiger:name_base_1": null, "tiger:name_base_2": null, "tiger:reviewed": null, "tiger:zip_left": null, "tiger:zip_right": null, "tracks": null, "tunnel": null, "usage": "main", "maxspeed_mph": 60.0 }, "geometry": { "type": "LineString", "coordinates": [ [ -95.4484352, 29.7555537 ], [ -95.4484504, 29.7564792 ] ] } },
{ "type": "Feature", "properties": { "id": "way/102927158", "@id": "way/102927158", "access": null, "addr:city": null, "addr:state": null, "bridge": "yes", "bridge:movable": null, "covered": null, "crossing:barrier": null, "electrified": "no", "embankment": null, "fixme": null, "gauge": "1435", "highspeed": null, "layer": "1", "length": null, "maxspeed": "79 mph", "name": "UP Houston Subdivision", "name_1": null, "note": null, "note:old_railway_operator": "GH&SA", "old_railway_operator": "SP", "operator": "Union Pacific Railroad", "operator:wikidata": "Q725793", "owner": "Union Pacific Railroad", "railway": "rail", "railway:atc": "no", "railway:freight": null, "railway:ptc": "no", "railway:ref": null, "railway:track_class": "5", "railway:track_ref": null, "ref": null, "reporting_marks": null, "service": "none", "source": "Texas Department of Transportation", "spur": null, "start_date": null, "tiger:cfcc": null, "tiger:county": null, "tiger:name_base": null, "tiger:name_base_1": null, "tiger:name_base_2": null, "tiger:reviewed": null, "tiger:zip_left": null, "tiger:zip_right": null, "tracks": null, "tunnel": null, "usage": "main", "maxspeed_mph": 79.0 }, "geometry": { "type": "LineString", "coordinates": [ [ -95.4483011, 29.7684128 ], [ -95.4481783, 29.7687524 ] ] } },
{ "type": "Feature", "properties": { "id": "way/102927159", "@id": "way/102927159", "access": null, "addr:city": null, "addr:state": null, "bridge": null, "bridge:movable": null, "covered": null, "crossing:barrier": null, "electrified": "no", "embankment": null, "fixme": null, "gauge": "1435", "highspeed": null, "layer": null, "length": null, "maxspeed": "79 mph", "name": "UP Houston Subdivision", "name_1": null, "note": null, "note:old_railway_operator": "H&TC", "old_railway_operator": "SP", "operator": "Union Pacific Railroad", "operator:wikidata": "Q725793", "owner": "Union Pacific Railroad", "railway": "rail", "railway:atc": "no", "railway:freight": null, "railway:ptc": "no", "railway:ref": null, "railway:track_class": "5", "railway:track_ref": null, "ref": null, "reporting_marks": null, "service": "none", "source": "Texas Department of Transportation", "spur": null, "start_date": null, "tiger:cfcc": null, "tiger:county": null, "tiger:name_base": null, "tiger:name_base_1": null, "tiger:name_base_2": null, "tiger:reviewed": null, "tiger:zip_left": null, "tiger:zip_right": null, "tracks": null, "tunnel": null, "usage": "main", "maxspeed_mph": 79.0 }, "geometry": { "type": "LineString", "coordinates": [ [ -95.4484591, 29.7680472 ], [ -95.4484013, 29.7682426 ], [ -95.4483459, 29.7684242 ] ] } },
{ "type": "Feature", "properties": { "id": "way/102927160", "@id": "way/102927160", "access": null, "addr:city": null, "addr:state": null, "bridge": null, "bridge:movable": null, "covered": null, "crossing:barrier": null, "electrified": "no", "embankment": null, "fixme": null, "gauge": "1435", "highspeed": null, "layer": null, "length": null, "maxspeed": "60 mph", "name": "UP Houston Subdivision", "name_1": null, "note": null, "note:old_railway_operator": "H&TC", "old_railway_operator": "SP", "operator": "Union Pacific Railroad", "operator:wikidata": "Q725793", "owner": "Union Pacific Railroad", "railway": "rail", "railway:atc": null, "railway:freight": null, "railway:ptc": "yes", "railway:ref": null, "railway:track_class": "4", "railway:track_ref": null, "ref": null, "reporting_marks": null, "service": "none", "source": null, "spur": null, "start_date": null, "tiger:cfcc": null, "tiger:county": null, "tiger:name_base": null, "tiger:name_base_1": null, "tiger:name_base_2": null, "tiger:reviewed": null, "tiger:zip_left": null, "tiger:zip_right": null, "tracks": null, "tunnel": null, "usage": "main", "maxspeed_mph": 60.0 }, "geometry": { "type": "LineString", "coordinates": [ [ -95.4470344, 29.6876771 ], [ -95.4470626, 29.6889883 ] ] } },
{ "type": "Feature", "properties": { "id": "way/102927161", "@id": "way/102927161", "access": null, "addr:city": null, "addr:state": null, "bridge": null, "bridge:movable": null, "covered": null, "crossing:barrier": null, "electrified": "no", "embankment": null, "fixme": null, "gauge": "1435", "highspeed": null, "layer": null, "length": null, "maxspeed": "60 mph", "name": "UP Houston Subdivision", "name_1": null, "note": null, "note:old_railway_operator": "H&TC", "old_railway_operator": "SP", "operator": "Union Pacific Railroad", "operator:wikidata": "Q725793", "owner": "Union Pacific Railroad", "railway": "rail", "railway:atc": null, "railway:freight": null, "railway:ptc": "yes", "railway:ref": null, "railway:track_class": "4", "railway:track_ref": null, "ref": null, "reporting_marks": null, "service": "none", "source": null, "spur": null, "start_date": null, "tiger:cfcc": null, "tiger:county": null, "tiger:name_base": null, "tiger:name_base_1": null, "tiger:name_base_2": null, "tiger:reviewed": null, "tiger:zip_left": null, "tiger:zip_right": null, "tracks": null, "tunnel": null, "usage": "main", "maxspeed_mph": 60.0 }, "geometry": { "type": "LineString", "coordinates": [ [ -95.4476438, 29.7162929 ], [ -95.4476745, 29.7176424 ], [ -95.44768, 29.7178849 ], [ -95.4476811, 29.7179406 ], [ -95.4476798, 29.7179928 ], [ -95.4476835, 29.7180475 ], [ -95.4477259, 29.7201044 ], [ -95.4477942, 29.7234161 ], [ -95.4478683, 29.7272355 ], [ -95.4478965, 29.7285139 ], [ -95.4479151, 29.7293608 ], [ -95.447916, 29.7294024 ], [ -95.4479365, 29.7302971 ], [ -95.4479378, 29.7303429 ], [ -95.4479917, 29.7323092 ], [ -95.4479928, 29.732359 ], [ -95.4479962, 29.7326124 ], [ -95.4479974, 29.7326661 ], [ -95.4480397, 29.7346125 ], [ -95.4481165, 29.7381405 ], [ -95.4481445, 29.7394301 ], [ -95.4481611, 29.7404904 ], [ -95.4481777, 29.7415443 ], [ -95.4481782, 29.7415784 ], [ -95.4481798, 29.7416753 ], [ -95.4481809, 29.7417273 ], [ -95.4482897, 29.7465842 ], [ -95.4482906, 29.7466261 ], [ -95.4482919, 29.7466863 ], [ -95.4482928, 29.7467253 ], [ -95.4483578, 29.7497037 ], [ -95.4484754, 29.7555509 ] ] } },
{ "type": "Feature", "properties": { "id": "way/102927162", "@id": "way/102927162", "access": null, "addr:city": null, "addr:state": null, "bridge": null, "bridge:movable": null, "covered": null, "crossing:barrier": null, "electrified": "no", "embankment": null, "fixme": null, "gauge": "1435", "highspeed": null, "layer": null, "length": null, "maxspeed": "60 mph", "name": "UP Houston Subdivision", "name_1": null, "note": null, "note:old_railway_operator": "GH&SA", "old_railway_operator": "SP", "operator": "Union Pacific Railroad", "operator:wikidata": "Q725793", "owner": "Union Pacific Railroad", "railway": "rail", "railway:atc": null, "railway:freight": null, "railway:ptc": "yes", "railway:ref": null, "railway:track_class": "4", "railway:track_ref": null, "ref": null, "reporting_marks": null, "service": "none", "source": null, "spur": null, "start_date": null, "tiger:cfcc": null, "tiger:county": null, "tiger:name_base": null, "tiger:name_base_1": null, "tiger:name_base_2": null, "tiger:reviewed": null, "tiger:zip_left": null, "tiger:zip_right": null, "tracks": null, "tunnel": null, "usage": "main", "maxspeed_mph": 60.0 }, "geometry": { "type": "LineString", "coordinates": [ [ -95.4476189, 29.7175094 ], [ -95.4476213, 29.7176448 ], [ -95.4476261, 29.7179127 ], [ -95.4476257, 29.7179686 ], [ -95.447625, 29.718022 ], [ -95.4476294, 29.7180758 ], [ -95.4476747, 29.7201023 ], [ -95.4477961, 29.7255292 ], [ -95.4478272, 29.727226 ], [ -95.447875, 29.7293539 ], [ -95.4478759, 29.7293954 ], [ -95.447893, 29.7302897 ], [ -95.4478942, 29.7303357 ], [ -95.4479458, 29.7323105 ], [ -95.4479464, 29.7323605 ], [ -95.4479513, 29.7326133 ], [ -95.4479529, 29.7326668 ], [ -95.4479927, 29.7346092 ], [ -95.4480651, 29.7381411 ], [ -95.4481132, 29.7404873 ], [ -95.4481349, 29.7415456 ], [ -95.4481356, 29.7415806 ], [ -95.4481378, 29.7416772 ], [ -95.4481387, 29.7417293 ], [ -95.4482395, 29.7465838 ], [ -95.4482404, 29.7466266 ], [ -95.4482416, 29.7466868 ], [ -95.4482425, 29.7467262 ], [ -95.4483131, 29.7497032 ], [ -95.4483653, 29.75239 ], [ -95.4483867, 29.7534939 ], [ -95.4484123, 29.7546701 ], [ -95.4484352, 29.7555537 ] ] } },
{ "type": "Feature", "properties": { "id": "way/102927163", "@id": "way/102927163", "access": null, "addr:city": null, "addr:state": null, "bridge": "yes", "bridge:movable": null, "covered": null, "crossing:barrier": null, "electrified": "no", "embankment": null, "fixme": null, "gauge": "1435", "highspeed": null, "layer": "1", "length": null, "maxspeed": "60 mph", "name": "UP Houston Subdivision", "name_1": null, "note": null, "note:old_railway_operator": "H&TC", "old_railway_operator": "SP", "operator": "Union Pacific Railroad", "operator:wikidata": "Q725793", "owner": "Union Pacific Railroad", "railway": "rail", "railway:atc": null, "railway:freight": null, "railway:ptc": "yes", "railway:ref": null, "railway:track_class": "4", "railway:track_ref": null, "ref": null, "reporting_marks": null, "service": "none", "source": "Texas Department of Transportation", "spur": null, "start_date": null, "tiger:cfcc": null, "tiger:county": null, "tiger:name_base": null, "tiger:name_base_1": null, "tiger:name_base_2": null, "tiger:reviewed": null, "tiger:zip_left": null, "tiger:zip_right": null, "tracks": null, "tunnel": null, "usage": "main", "maxspeed_mph": 60.0 }, "geometry": { "type": "LineString", "coordinates": [ [ -95.4484754, 29.7555509 ], [ -95.448493, 29.7564787 ] ] } },
{ "type": "Feature", "properties": { "id": "way/102927164", "@id": "way/102927164", "access": null, "addr:city": null, "addr:state": null, "bridge": null, "bridge:movable": null, "covered": null, "crossing:barrier": null, "electrified": "no", "embankment": null, "fixme": null, "gauge": "1435", "highspeed": null, "layer": null, "length": null, "maxspeed": "79 mph", "name": "UP Houston Subdivision", "name_1": null, "note": null, "note:old_railway_operator": "GH&SA", "old_railway_operator": "SP", "operator": "Union Pacific Railroad", "operator:wikidata": "Q725793", "owner": "Union Pacific Railroad", "railway": "rail", "railway:atc": "no", "railway:freight": null, "railway:ptc": "no", "railway:ref": null, "railway:track_class": "5", "railway:track_ref": null, "ref": null, "reporting_marks": null, "service": "none", "source": "Texas Department of Transportation", "spur": null, "start_date": null, "tiger:cfcc": null, "tiger:county": null, "tiger:name_base": null, "tiger:name_base_1": null, "tiger:name_base_2": null, "tiger:reviewed": null, "tiger:zip_left": null, "tiger:zip_right": null, "tracks": null, "tunnel": null, "usage": "main", "maxspeed_mph": 79.0 }, "geometry": { "type": "LineString", "coordinates": [ [ -95.4481783, 29.7687524 ], [ -95.4481216, 29.768898 ], [ -95.4480064, 29.7691554 ], [ -95.4478912, 29.7693939 ], [ -95.4478052, 29.7695594 ], [ -95.4476532, 29.7698264 ], [ -95.4475462, 29.7700056 ], [ -95.4474123, 29.7702116 ], [ -95.447259, 29.7704346 ], [ -95.4416791, 29.7784931 ] ] } },
{ "type": "Feature", "properties": { "id": "way/102927165", "@id": "way/102927165", "access": null, "addr:city": null, "addr:state": null, "bridge": null, "bridge:movable": null, "covered": null, "crossing:barrier": null, "electrified": "no", "embankment": null, "fixme": null, "gauge": "1435", "highspeed": null, "layer": null, "length": null, "maxspeed": "79 mph", "name": "UP Houston Subdivision", "name_1": null, "note": null, "note:old_railway_operator": "H&TC", "old_railway_operator": "SP", "operator": "Union Pacific Railroad", "operator:wikidata": "Q725793", "owner": "Union Pacific Railroad", "railway": "rail", "railway:atc": "no", "railway:freight": null, "railway:ptc": "no", "railway:ref": null, "railway:track_class": "5", "railway:track_ref": null, "ref": null, "reporting_marks": null, "service": "none", "source": "Texas Department of Transportation", "spur": null, "start_date": null, "tiger:cfcc": null, "tiger:county": null, "tiger:name_base": null, "tiger:name_base_1": null, "tiger:name_base_2": null, "tiger:reviewed": null, "tiger:zip_left": null, "tiger:zip_right": null, "tracks": null, "tunnel": null, "usage": "main", "maxspeed_mph": 79.0 }, "geometry": { "type": "LineString", "coordinates": [ [ -95.448493, 29.7564787 ], [ -95.4486948, 29.7659733 ], [ -95.4486959, 29.7664144 ], [ -95.4486861, 29.7666675 ], [ -95.4486701, 29.7668715 ], [ -95.4486424, 29.7671342 ], [ -95.4486117, 29.7673349 ], [ -95.4485741, 29.7675603 ], [ -95.4485286, 29.7677626 ] ] } },
{ "type": "Feature", "properties": { "id": "way/102927166", "@id": "way/102927166", "access": null, "addr:city": null, "addr:state": null, "bridge": null, "bridge:movable": null, "covered": null, "crossing:barrier": null, "electrified": "no", "embankment": null, "fixme": null, "gauge": "1435", "highspeed": null, "layer": null, "length": null, "maxspeed": "79 mph", "name": "UP Houston Subdivision", "name_1": null, "note": null, "note:old_railway_operator": "GH&SA", "old_railway_operator": "SP", "operator": "Union Pacific Railroad", "operator:wikidata": "Q725793", "owner": "Union Pacific Railroad", "railway": "rail", "railway:atc": "no", "railway:freight": null, "railway:ptc": "no", "railway:ref": null, "railway:track_class": "5", "railway:track_ref": null, "ref": null, "reporting_marks": null, "service": "none", "source": "Texas Department of Transportation", "spur": null, "start_date": null, "tiger:cfcc": null, "tiger:county": null, "tiger:name_base": null, "tiger:name_base_1": null, "tiger:name_base_2": null, "tiger:reviewed": null, "tiger:zip_left": null, "tiger:zip_right": null, "tracks": null, "tunnel": null, "usage": "main", "maxspeed_mph": 79.0 }, "geometry": { "type": "LineString", "coordinates": [ [ -95.4484504, 29.7564792 ], [ -95.4484701, 29.7574215 ], [ -95.44865, 29.7659846 ], [ -95.4486506, 29.76624 ], [ -95.4486455, 29.7665026 ], [ -95.4486385, 29.7666601 ], [ -95.4486274, 29.7668124 ], [ -95.4486122, 29.7669946 ], [ -95.4485847, 29.7672032 ], [ -95.4485566, 29.7673895 ], [ -95.448528, 29.7675438 ], [ -95.4484835, 29.767754 ] ] } },
{ "type": "Feature", "properties": { "id": "way/102927167", "@id": "way/102927167", "access": null, "addr:city": null, "addr:state": null, "bridge": "yes", "bridge:movable": null, "covered": null, "crossing:barrier": null, "electrified": "no", "embankment": null, "fixme": null, "gauge": "1435", "highspeed": null, "layer": "1", "length": null, "maxspeed": "60 mph", "name": "UP Houston Subdivision", "name_1": null, "note": null, "note:old_railway_operator": "GH&SA", "old_railway_operator": "SP", "operator": "Union Pacific Railroad", "operator:wikidata": "Q725793", "owner": "Union Pacific Railroad", "railway": "rail", "railway:atc": null, "railway:freight": null, "railway:ptc": "yes", "railway:ref": null, "railway:track_class": "4", "railway:track_ref": null, "ref": null, "reporting_marks": null, "service": "none", "source": null, "spur": null, "start_date": null, "tiger:cfcc": null, "tiger:county": null, "tiger:name_base": null, "tiger:name_base_1": null, "tiger:name_base_2": null, "tiger:reviewed": null, "tiger:zip_left": null, "tiger:zip_right": null, "tracks": null, "tunnel": null, "usage": "main", "maxspeed_mph": 60.0 }, "geometry": { "type": "LineString", "coordinates": [ [ -95.4469803, 29.687086 ], [ -95.4469907, 29.687677 ] ] } },
{ "type": "Feature", "properties": { "id": "way/102927168", "@id": "way/102927168", "access": null, "addr:city": null, "addr:state": null, "bridge": "yes", "bridge:movable": null, "covered": null, "crossing:barrier": null, "electrified": "no", "embankment": null, "fixme": null, "gauge": "1435", "highspeed": null, "layer": "1", "length": null, "maxspeed": "79 mph", "name": "UP Houston Subdivision", "name_1": null, "note": null, "note:old_railway_operator": "GH&SA", "old_railway_operator": "SP", "operator": "Union Pacific Railroad", "operator:wikidata": "Q725793", "owner": "Union Pacific Railroad", "railway": "rail", "railway:atc": "no", "railway:freight": null, "railway:ptc": "no", "railway:ref": null, "railway:track_class": "5", "railway:track_ref": null, "ref": null, "reporting_marks": null, "service": "none", "source": "Texas Department of Transportation", "spur": null, "start_date": null, "tiger:cfcc": null, "tiger:county": null, "tiger:name_base": null, "tiger:name_base_1": null, "tiger:name_base_2": null, "tiger:reviewed": null, "tiger:zip_left": null, "tiger:zip_right": null, "tracks": null, "tunnel": null, "usage": "main", "maxspeed_mph": 79.0 }, "geometry": { "type": "LineString", "coordinates": [ [ -95.4484835, 29.767754 ], [ -95.4484139, 29.7680402 ] ] } },
{ "type": "Feature", "properties": { "id": "way/103021958", "@id": "way/103021958", "access": null, "addr:city": null, "addr:state": null, "bridge": null, "bridge:movable": null, "covered": null, "crossing:barrier": null, "electrified": "no", "embankment": null, "fixme": null, "gauge": "1435", "highspeed": null, "layer": null, "length": null, "maxspeed": "79 mph", "name": "UP Houston Subdivision", "name_1": null, "note": null, "note:old_railway_operator": "H&TC", "old_railway_operator": "SP", "operator": "Union Pacific Railroad", "operator:wikidata": "Q725793", "owner": "Union Pacific Railroad", "railway": "rail", "railway:atc": null, "railway:freight": null, "railway:ptc": "yes", "railway:ref": null, "railway:track_class": "5", "railway:track_ref": null, "ref": null, "reporting_marks": null, "service": "none", "source": "Texas Department of Transportation", "spur": null, "start_date": null, "tiger:cfcc": null, "tiger:county": null, "tiger:name_base": null, "tiger:name_base_1": null, "tiger:name_base_2": null, "tiger:reviewed": null, "tiger:zip_left": null, "tiger:zip_right": null, "tracks": null, "tunnel": null, "usage": "main", "maxspeed_mph": 79.0 }, "geometry": { "type": "LineString", "coordinates": [ [ -95.4338154, 29.7821445 ], [ -95.4337966, 29.7821326 ], [ -95.4332988, 29.7818253 ], [ -95.4323656, 29.7812627 ], [ -95.4317128, 29.780881 ], [ -95.4309341, 29.7804353 ], [ -95.4303542, 29.7801143 ], [ -95.4298558, 29.7798398 ], [ -95.4294009, 29.7795913 ], [ -95.428875, 29.7793091 ], [ -95.4284158, 29.7790656 ], [ -95.4279494, 29.7788212 ], [ -95.4275358, 29.7786116 ], [ -95.4272162, 29.7784527 ], [ -95.4269043, 29.7782972 ], [ -95.4265982, 29.7781534 ], [ -95.4262238, 29.7779791 ], [ -95.4258565, 29.7778167 ], [ -95.4255099, 29.7776777 ] ] } },
{ "type": "Feature", "properties": { "id": "way/103021963", "@id": "way/103021963", "access": null, "addr:city": null, "addr:state": null, "bridge": null, "bridge:movable": null, "covered": null, "crossing:barrier": null, "electrified": "no", "embankment": null, "fixme": null, "gauge": "1435", "highspeed": null, "layer": null, "length": null, "maxspeed": "60 mph", "name": "UP Houston Subdivision", "name_1": null, "note": null, "note:old_railway_operator": "GH&SA", "old_railway_operator": "SP", "operator": "Union Pacific Railroad", "operator:wikidata": "Q725793", "owner": "Union Pacific Railroad", "railway": "rail", "railway:atc": null, "railway:freight": null, "railway:ptc": "yes", "railway:ref": null, "railway:track_class": "4", "railway:track_ref": "2", "ref": null, "reporting_marks": null, "service": "none", "source": null, "spur": null, "start_date": null, "tiger:cfcc": null, "tiger:county": null, "tiger:name_base": null, "tiger:name_base_1": null, "tiger:name_base_2": null, "tiger:reviewed": null, "tiger:zip_left": null, "tiger:zip_right": null, "tracks": null, "tunnel": null, "usage": "main", "maxspeed_mph": 60.0 }, "geometry": { "type": "LineString", "coordinates": [ [ -95.4465965, 29.6694426 ], [ -95.4465999, 29.669591 ], [ -95.4466812, 29.673146 ], [ -95.4466821, 29.6731841 ], [ -95.4466827, 29.6732872 ], [ -95.4466841, 29.6733501 ], [ -95.4467544, 29.6766212 ], [ -95.4468051, 29.6789762 ], [ -95.4468204, 29.6796598 ], [ -95.4468222, 29.679747 ], [ -95.4469632, 29.686409 ], [ -95.446964, 29.6864473 ], [ -95.4469764, 29.6869239 ], [ -95.4469791, 29.6869727 ], [ -95.4469803, 29.687086 ] ] } },
{ "type": "Feature", "properties": { "id": "way/103021968", "@id": "way/103021968", "access": null, "addr:city": null, "addr:state": null, "bridge": null, "bridge:movable": null, "covered": null, "crossing:barrier": null, "electrified": "no", "embankment": null, "fixme": null, "gauge": "1435", "highspeed": null, "layer": null, "length": null, "maxspeed": "20 mph", "name": "UP Houston West Belt Subdivision", "name_1": null, "note": null, "note:old_railway_operator": null, "old_railway_operator": "MP", "operator": "Union Pacific Railroad", "operator:wikidata": "Q725793", "owner": null, "railway": "rail", "railway:atc": null, "railway:freight": null, "railway:ptc": "yes", "railway:ref": null, "railway:track_class": "2", "railway:track_ref": null, "ref": null, "reporting_marks": null, "service": "none", "source": "Texas Department of Transportation", "spur": null, "start_date": null, "tiger:cfcc": null, "tiger:county": null, "tiger:name_base": null, "tiger:name_base_1": null, "tiger:name_base_2": null, "tiger:reviewed": null, "tiger:zip_left": null, "tiger:zip_right": null, "tracks": null, "tunnel": null, "usage": "main", "maxspeed_mph": 20.0 }, "geometry": { "type": "LineString", "coordinates": [ [ -95.3448048, 29.7714647 ], [ -95.3447737, 29.7711491 ], [ -95.3447425, 29.7708993 ], [ -95.3447154, 29.7705929 ], [ -95.3447025, 29.7704192 ], [ -95.3446989, 29.7702834 ], [ -95.3446968, 29.770156 ] ] } },
{ "type": "Feature", "properties": { "id": "way/103022034", "@id": "way/103022034", "access": null, "addr:city": null, "addr:state": null, "bridge": null, "bridge:movable": null, "covered": null, "crossing:barrier": null, "electrified": "no", "embankment": null, "fixme": null, "gauge": "1435", "highspeed": null, "layer": null, "length": null, "maxspeed": "20 mph", "name": "UP Houston East Belt Subdivision", "name_1": null, "note": null, "note:old_railway_operator": null, "old_railway_operator": "HB&T", "operator": "Union Pacific Railroad", "operator:wikidata": "Q725793", "owner": "HB&T", "railway": "rail", "railway:atc": null, "railway:freight": null, "railway:ptc": "yes", "railway:ref": null, "railway:track_class": "2", "railway:track_ref": null, "ref": null, "reporting_marks": null, "service": "none", "source": "Texas Department of Transportation", "spur": null, "start_date": null, "tiger:cfcc": null, "tiger:county": null, "tiger:name_base": null, "tiger:name_base_1": null, "tiger:name_base_2": null, "tiger:reviewed": null, "tiger:zip_left": null, "tiger:zip_right": null, "tracks": null, "tunnel": null, "usage": "main", "maxspeed_mph": 20.0 }, "geometry": { "type": "LineString", "coordinates": [ [ -95.3497275, 29.8198017 ], [ -95.3487811, 29.8198099 ], [ -95.3469412, 29.8198297 ] ] } },
{ "type": "Feature", "properties": { "id": "way/103022105", "@id": "way/103022105", "access": null, "addr:city": null, "addr:state": null, "bridge": null, "bridge:movable": null, "covered": null, "crossing:barrier": null, "electrified": "no", "embankment": null, "fixme": null, "gauge": "1435", "highspeed": null, "layer": null, "length": null, "maxspeed": "40 mph", "name": "UP Harrisburg Subdivision", "name_1": null, "note": null, "note:old_railway_operator": "GH&SA", "old_railway_operator": "SP", "operator": "Union Pacific Railroad", "operator:wikidata": "Q725793", "owner": null, "railway": "rail", "railway:atc": null, "railway:freight": null, "railway:ptc": "yes", "railway:ref": null, "railway:track_class": "3", "railway:track_ref": null, "ref": null, "reporting_marks": null, "service": "none", "source": "Texas Department of Transportation", "spur": null, "start_date": null, "tiger:cfcc": "B11", "tiger:county": "Harris, TX", "tiger:name_base": "Southern Pacific Railroad", "tiger:name_base_1": null, "tiger:name_base_2": null, "tiger:reviewed": null, "tiger:zip_left": null, "tiger:zip_right": null, "tracks": null, "tunnel": null, "usage": "main", "maxspeed_mph": 40.0 }, "geometry": { "type": "LineString", "coordinates": [ [ -95.3869334, 29.6736576 ], [ -95.3860028, 29.6739411 ], [ -95.3850158, 29.6742481 ], [ -95.3834299, 29.674725 ], [ -95.3833846, 29.674742 ], [ -95.3828206, 29.6749079 ], [ -95.382061, 29.675139 ], [ -95.381783, 29.675222 ], [ -95.381586, 29.675273 ], [ -95.38128, 29.675351 ], [ -95.3806729, 29.6755549 ], [ -95.3801499, 29.675711 ], [ -95.3800108, 29.6757525 ], [ -95.3794079, 29.6759243 ], [ -95.3789264, 29.6760768 ], [ -95.3782415, 29.6762858 ], [ -95.3777331, 29.676438 ], [ -95.3771654, 29.6766041 ], [ -95.37696, 29.6766677 ], [ -95.3768682, 29.6766961 ] ] } },
{ "type": "Feature", "properties": { "id": "way/103022112", "@id": "way/103022112", "access": null, "addr:city": null, "addr:state": null, "bridge": null, "bridge:movable": null, "covered": null, "crossing:barrier": null, "electrified": "no", "embankment": null, "fixme": null, "gauge": "1435", "highspeed": null, "layer": null, "length": null, "maxspeed": "20 mph", "name": "UP Houston West Belt Subdivision", "name_1": null, "note": null, "note:old_railway_operator": null, "old_railway_operator": "MP", "operator": "Union Pacific Railroad", "operator:wikidata": "Q725793", "owner": null, "railway": "rail", "railway:atc": null, "railway:freight": null, "railway:ptc": "yes", "railway:ref": null, "railway:track_class": "2", "railway:track_ref": null, "ref": null, "reporting_marks": null, "service": "none", "source": "Texas Department of Transportation", "spur": null, "start_date": null, "tiger:cfcc": null, "tiger:county": null, "tiger:name_base": null, "tiger:name_base_1": null, "tiger:name_base_2": null, "tiger:reviewed": null, "tiger:zip_left": null, "tiger:zip_right": null, "tracks": null, "tunnel": null, "usage": "main", "maxspeed_mph": 20.0 }, "geometry": { "type": "LineString", "coordinates": [ [ -95.3486482, 29.7782215 ], [ -95.3486382, 29.7781043 ], [ -95.3486238, 29.7780047 ], [ -95.3486077, 29.7779165 ], [ -95.3485866, 29.7778279 ], [ -95.3485604, 29.7777396 ], [ -95.3485281, 29.7776436 ], [ -95.3484877, 29.7775397 ], [ -95.348441, 29.7774396 ], [ -95.348376, 29.7773183 ], [ -95.3483175, 29.7772159 ], [ -95.3482466, 29.7771055 ], [ -95.3481885, 29.7770223 ], [ -95.3481227, 29.7769362 ], [ -95.3480466, 29.7768456 ], [ -95.3479435, 29.7767294 ], [ -95.3478507, 29.7766271 ], [ -95.3476925, 29.7764588 ], [ -95.3473208, 29.7760649 ], [ -95.3469933, 29.7757187 ], [ -95.3467339, 29.7754464 ], [ -95.346324, 29.775011 ], [ -95.346127, 29.7747993 ], [ -95.3461008, 29.7747717 ], [ -95.3459371, 29.7745956 ], [ -95.3458503, 29.7744938 ], [ -95.3457704, 29.7743989 ], [ -95.3457168, 29.774334 ], [ -95.3456323, 29.7742211 ], [ -95.3455464, 29.774102 ], [ -95.3454448, 29.7739445 ], [ -95.3453492, 29.7737832 ], [ -95.3452782, 29.7736469 ], [ -95.3452213, 29.7735294 ], [ -95.3451758, 29.7734248 ], [ -95.3451378, 29.7733353 ], [ -95.345086, 29.7731933 ], [ -95.3450368, 29.7730328 ], [ -95.3449878, 29.7728567 ], [ -95.3449437, 29.7726646 ], [ -95.3449108, 29.7724864 ], [ -95.3448887, 29.7723229 ], [ -95.3448729, 29.7721706 ], [ -95.3448664, 29.7720874 ], [ -95.3448545, 29.771975 ], [ -95.3448048, 29.7714647 ] ] } },
{ "type": "Feature", "properties": { "id": "way/103022113", "@id": "way/103022113", "access": null, "addr:city": null, "addr:state": null, "bridge": null, "bridge:movable": null, "covered": null, "crossing:barrier": null, "electrified": "no", "embankment": null, "fixme": null, "gauge": "1435", "highspeed": null, "layer": null, "length": null, "maxspeed": "20 mph", "name": "UP Houston West Belt Subdivision", "name_1": null, "note": null, "note:old_railway_operator": null, "old_railway_operator": "MP", "operator": "Union Pacific Railroad", "operator:wikidata": "Q725793", "owner": null, "railway": "rail", "railway:atc": null, "railway:freight": null, "railway:ptc": "yes", "railway:ref": null, "railway:track_class": "2", "railway:track_ref": null, "ref": null, "reporting_marks": null, "service": "none", "source": "Texas Department of Transportation", "spur": null, "start_date": null, "tiger:cfcc": null, "tiger:county": null, "tiger:name_base": null, "tiger:name_base_1": null, "tiger:name_base_2": null, "tiger:reviewed": null, "tiger:zip_left": null, "tiger:zip_right": null, "tracks": null, "tunnel": null, "usage": "main", "maxspeed_mph": 20.0 }, "geometry": { "type": "LineString", "coordinates": [ [ -95.3487069, 29.7782103 ], [ -95.3487018, 29.7781384 ], [ -95.3486886, 29.7780459 ], [ -95.348669, 29.7779495 ], [ -95.3486437, 29.7778455 ], [ -95.3486154, 29.777745 ], [ -95.3485862, 29.7776521 ], [ -95.3485514, 29.7775565 ], [ -95.3485147, 29.7774662 ], [ -95.3484796, 29.7773903 ], [ -95.3484378, 29.777308 ], [ -95.3483898, 29.7772247 ], [ -95.348347, 29.777157 ], [ -95.3482894, 29.7770704 ], [ -95.3482297, 29.77699 ], [ -95.3481739, 29.7769178 ], [ -95.348106, 29.7768408 ], [ -95.3479838, 29.7767048 ], [ -95.3478296, 29.7765396 ], [ -95.3475999, 29.7762939 ], [ -95.347344, 29.7760221 ], [ -95.3471048, 29.7757696 ], [ -95.3468064, 29.7754538 ], [ -95.3466706, 29.7753105 ], [ -95.3465657, 29.7751989 ], [ -95.3464382, 29.7750649 ], [ -95.3463664, 29.7749877 ], [ -95.3462761, 29.7748898 ], [ -95.3461709, 29.7747804 ], [ -95.3461448, 29.7747516 ], [ -95.3460563, 29.7746557 ], [ -95.3459359, 29.7745285 ], [ -95.3458477, 29.7744216 ], [ -95.3457706, 29.7743257 ], [ -95.3457016, 29.7742365 ], [ -95.3456107, 29.7741087 ], [ -95.3455415, 29.7740032 ], [ -95.3454874, 29.7739179 ], [ -95.3454439, 29.7738418 ], [ -95.3453743, 29.7737157 ], [ -95.3453111, 29.7735952 ], [ -95.3452534, 29.773477 ], [ -95.3452113, 29.7733791 ], [ -95.3451766, 29.7732903 ], [ -95.3451378, 29.7731893 ], [ -95.3450975, 29.773067 ], [ -95.3450643, 29.7729585 ], [ -95.3450329, 29.7728425 ], [ -95.345008, 29.7727309 ], [ -95.3449845, 29.7726256 ], [ -95.3449652, 29.7725115 ], [ -95.3449476, 29.7723823 ], [ -95.3449293, 29.7722584 ], [ -95.3449209, 29.7721572 ], [ -95.3449129, 29.7720715 ], [ -95.3449011, 29.7719128 ], [ -95.3448555, 29.7714615 ], [ -95.3448262, 29.7711418 ], [ -95.344781, 29.7707422 ], [ -95.3447661, 29.7705602 ], [ -95.3447574, 29.7704035 ], [ -95.3447538, 29.7701485 ] ] } },
{ "type": "Feature", "properties": { "id": "way/103022118", "@id": "way/103022118", "access": null, "addr:city": null, "addr:state": null, "bridge": null, "bridge:movable": null, "covered": null, "crossing:barrier": null, "electrified": "no", "embankment": null, "fixme": null, "gauge": "1435", "highspeed": null, "layer": null, "length": null, "maxspeed": "79 mph", "name": "UP Houston Subdivision", "name_1": null, "note": null, "note:old_railway_operator": "H&TC", "old_railway_operator": "SP", "operator": "Union Pacific Railroad", "operator:wikidata": "Q725793", "owner": "Union Pacific Railroad", "railway": "rail", "railway:atc": null, "railway:freight": null, "railway:ptc": "yes", "railway:ref": null, "railway:track_class": "5", "railway:track_ref": null, "ref": null, "reporting_marks": null, "service": "none", "source": "Texas Department of Transportation", "spur": null, "start_date": null, "tiger:cfcc": null, "tiger:county": null, "tiger:name_base": null, "tiger:name_base_1": null, "tiger:name_base_2": null, "tiger:reviewed": null, "tiger:zip_left": null, "tiger:zip_right": null, "tracks": null, "tunnel": null, "usage": "main", "maxspeed_mph": 79.0 }, "geometry": { "type": "LineString", "coordinates": [ [ -95.4345247, 29.7826427 ], [ -95.4337995, 29.7821843 ], [ -95.4333916, 29.7819314 ], [ -95.4324018, 29.7813305 ], [ -95.4308539, 29.7804345 ], [ -95.4303501, 29.7801537 ], [ -95.4297108, 29.7798063 ], [ -95.4291517, 29.7795054 ], [ -95.4284803, 29.7791449 ], [ -95.4275406, 29.7786606 ], [ -95.4265965, 29.7781983 ], [ -95.4261522, 29.7779946 ], [ -95.4257618, 29.7778192 ], [ -95.4254315, 29.7776881 ] ] } },
{ "type": "Feature", "properties": { "id": "way/103022136", "@id": "way/103022136", "access": null, "addr:city": null, "addr:state": null, "bridge": null, "bridge:movable": null, "covered": null, "crossing:barrier": null, "electrified": "no", "embankment": null, "fixme": null, "gauge": "1435", "highspeed": null, "layer": null, "length": null, "maxspeed": "20 mph", "name": "UP Houston East Belt Subdivision", "name_1": null, "note": null, "note:old_railway_operator": null, "old_railway_operator": "HB&T", "operator": "Union Pacific Railroad", "operator:wikidata": "Q725793", "owner": "HB&T", "railway": "rail", "railway:atc": null, "railway:freight": null, "railway:ptc": "yes", "railway:ref": null, "railway:track_class": "2", "railway:track_ref": null, "ref": null, "reporting_marks": null, "service": "none", "source": "Texas Department of Transportation", "spur": null, "start_date": null, "tiger:cfcc": null, "tiger:county": null, "tiger:name_base": null, "tiger:name_base_1": null, "tiger:name_base_2": null, "tiger:reviewed": null, "tiger:zip_left": null, "tiger:zip_right": null, "tracks": null, "tunnel": null, "usage": "main", "maxspeed_mph": 20.0 }, "geometry": { "type": "LineString", "coordinates": [ [ -95.3495557, 29.8197576 ], [ -95.3498973, 29.8197641 ], [ -95.3500806, 29.8197745 ], [ -95.3502443, 29.8197905 ], [ -95.3504181, 29.8198169 ], [ -95.3504724, 29.819828 ], [ -95.3505881, 29.8198516 ], [ -95.3507378, 29.8198901 ], [ -95.3509065, 29.819943 ], [ -95.351088, 29.8200128 ], [ -95.3512427, 29.8200822 ], [ -95.3513962, 29.8201631 ], [ -95.3515459, 29.8202544 ], [ -95.3517077, 29.8203667 ], [ -95.3518339, 29.8204696 ], [ -95.35195, 29.8205797 ], [ -95.3520445, 29.8206776 ], [ -95.3521663, 29.820818 ], [ -95.3522564, 29.8209407 ], [ -95.3522678, 29.8209571 ], [ -95.3523391, 29.8210594 ], [ -95.3524113, 29.8211848 ], [ -95.3524773, 29.8213322 ], [ -95.3525308, 29.8214603 ], [ -95.3525678, 29.821616 ], [ -95.3526105, 29.8217318 ], [ -95.3526266, 29.8217979 ], [ -95.352713, 29.8220751 ] ] } },
{ "type": "Feature", "properties": { "id": "way/103022172", "@id": "way/103022172", "access": null, "addr:city": null, "addr:state": null, "bridge": null, "bridge:movable": null, "covered": null, "crossing:barrier": null, "electrified": "no", "embankment": null, "fixme": null, "gauge": "1435", "highspeed": null, "layer": null, "length": null, "maxspeed": "79 mph", "name": "UP Houston Subdivision", "name_1": null, "note": null, "note:old_railway_operator": "HE&WT", "old_railway_operator": "SP", "operator": "Union Pacific Railroad", "operator:wikidata": "Q725793", "owner": "Union Pacific Railroad", "railway": "rail", "railway:atc": null, "railway:freight": null, "railway:ptc": "yes", "railway:ref": null, "railway:track_class": "5", "railway:track_ref": null, "ref": null, "reporting_marks": null, "service": "none", "source": "Texas Department of Transportation", "spur": null, "start_date": null, "tiger:cfcc": null, "tiger:county": null, "tiger:name_base": null, "tiger:name_base_1": null, "tiger:name_base_2": null, "tiger:reviewed": null, "tiger:zip_left": null, "tiger:zip_right": null, "tracks": null, "tunnel": null, "usage": "main", "maxspeed_mph": 79.0 }, "geometry": { "type": "LineString", "coordinates": [ [ -95.3488404, 29.7727218 ], [ -95.3488387, 29.7725772 ], [ -95.3488327, 29.7720939 ], [ -95.3488218, 29.7715928 ], [ -95.34881, 29.7705907 ], [ -95.3488063, 29.7704528 ] ] } },
{ "type": "Feature", "properties": { "id": "way/103022196", "@id": "way/103022196", "access": null, "addr:city": null, "addr:state": null, "bridge": null, "bridge:movable": null, "covered": null, "crossing:barrier": null, "electrified": "no", "embankment": null, "fixme": null, "gauge": "1435", "highspeed": null, "layer": null, "length": null, "maxspeed": "70 mph", "name": "UP Houston Subdivision", "name_1": null, "note": null, "note:old_railway_operator": "GH&SA", "old_railway_operator": "SP", "operator": "Union Pacific Railroad", "operator:wikidata": "Q725793", "owner": "Union Pacific Railroad", "railway": "rail", "railway:atc": null, "railway:freight": null, "railway:ptc": "yes", "railway:ref": null, "railway:track_class": "5", "railway:track_ref": null, "ref": null, "reporting_marks": null, "service": "none", "source": "Texas Department of Transportation", "spur": null, "start_date": null, "tiger:cfcc": null, "tiger:county": null, "tiger:name_base": null, "tiger:name_base_1": null, "tiger:name_base_2": null, "tiger:reviewed": null, "tiger:zip_left": null, "tiger:zip_right": null, "tracks": null, "tunnel": null, "usage": "main", "maxspeed_mph": 70.0 }, "geometry": { "type": "LineString", "coordinates": [ [ -95.3884328, 29.7713487 ], [ -95.3882177, 29.7714497 ], [ -95.3880061, 29.7715447 ], [ -95.3877892, 29.7716345 ], [ -95.3876251, 29.7716971 ], [ -95.3874685, 29.771753 ], [ -95.3872591, 29.7718182 ], [ -95.3870615, 29.7718755 ], [ -95.3868505, 29.7719266 ], [ -95.3866565, 29.7719682 ], [ -95.3864512, 29.7720078 ], [ -95.3862864, 29.7720356 ], [ -95.3861646, 29.7720554 ], [ -95.3861131, 29.7720597 ], [ -95.385915, 29.7720815 ], [ -95.3856591, 29.7721034 ], [ -95.3853509, 29.7721246 ], [ -95.3849488, 29.7721419 ], [ -95.3845723, 29.7721491 ], [ -95.3844681, 29.7721511 ], [ -95.3837422, 29.7721604 ], [ -95.3836414, 29.7721614 ], [ -95.3828796, 29.7721693 ], [ -95.3828288, 29.7721698 ], [ -95.3827635, 29.7721705 ], [ -95.3793098, 29.772205 ], [ -95.3792374, 29.7722057 ], [ -95.3777791, 29.7722174 ], [ -95.37706, 29.7722252 ], [ -95.37701, 29.7722257 ], [ -95.3725347, 29.7722663 ], [ -95.372448, 29.7722671 ], [ -95.3723331, 29.7722691 ], [ -95.3722424, 29.7722702 ], [ -95.3710718, 29.7722837 ], [ -95.3699847, 29.7722939 ], [ -95.3692508, 29.7723033 ], [ -95.3690095, 29.7723154 ], [ -95.3687758, 29.772328 ], [ -95.3685371, 29.7723472 ], [ -95.3682774, 29.7723715 ], [ -95.3680457, 29.7723924 ], [ -95.3678572, 29.7724072 ], [ -95.3676589, 29.7724157 ], [ -95.3674308, 29.7724161 ] ] } },
{ "type": "Feature", "properties": { "id": "way/103022197", "@id": "way/103022197", "access": null, "addr:city": null, "addr:state": null, "bridge": null, "bridge:movable": null, "covered": null, "crossing:barrier": null, "electrified": "no", "embankment": null, "fixme": null, "gauge": "1435", "highspeed": null, "layer": null, "length": null, "maxspeed": "79 mph", "name": "UP Houston Subdivision", "name_1": null, "note": null, "note:old_railway_operator": null, "old_railway_operator": "SP", "operator": "Union Pacific Railroad", "operator:wikidata": "Q725793", "owner": "Union Pacific Railroad", "railway": "rail", "railway:atc": null, "railway:freight": null, "railway:ptc": "yes", "railway:ref": null, "railway:track_class": "5", "railway:track_ref": null, "ref": null, "reporting_marks": null, "service": "none", "source": "Texas Department of Transportation", "spur": null, "start_date": null, "tiger:cfcc": null, "tiger:county": null, "tiger:name_base": null, "tiger:name_base_1": null, "tiger:name_base_2": null, "tiger:reviewed": null, "tiger:zip_left": null, "tiger:zip_right": null, "tracks": null, "tunnel": null, "usage": "main", "maxspeed_mph": 79.0 }, "geometry": { "type": "LineString", "coordinates": [ [ -95.3468936, 29.7744324 ], [ -95.3470797, 29.7743541 ], [ -95.3476731, 29.7740987 ], [ -95.3479191, 29.7739911 ], [ -95.3480742, 29.7739151 ], [ -95.3481742, 29.77386 ], [ -95.3482728, 29.7737977 ], [ -95.3483512, 29.7737459 ], [ -95.3484482, 29.7736691 ], [ -95.3485259, 29.7735919 ], [ -95.3485972, 29.7735092 ], [ -95.3486546, 29.7734309 ], [ -95.3487072, 29.7733378 ], [ -95.3487511, 29.7732528 ], [ -95.3487846, 29.773155 ], [ -95.3488091, 29.7730662 ], [ -95.3488239, 29.7729839 ], [ -95.3488359, 29.7728944 ], [ -95.3488404, 29.7727218 ] ] } },
{ "type": "Feature", "properties": { "id": "way/103022249", "@id": "way/103022249", "access": null, "addr:city": null, "addr:state": null, "bridge": null, "bridge:movable": null, "covered": null, "crossing:barrier": null, "electrified": "no", "embankment": null, "fixme": null, "gauge": "1435", "highspeed": null, "layer": null, "length": null, "maxspeed": "20 mph", "name": "UP Houston West Belt Subdivision", "name_1": null, "note": null, "note:old_railway_operator": null, "old_railway_operator": "HB&T", "operator": "Union Pacific Railroad", "operator:wikidata": "Q725793", "owner": null, "railway": "rail", "railway:atc": null, "railway:freight": null, "railway:ptc": "yes", "railway:ref": null, "railway:track_class": "2", "railway:track_ref": null, "ref": null, "reporting_marks": null, "service": "none", "source": "Texas Department of Transportation", "spur": null, "start_date": null, "tiger:cfcc": null, "tiger:county": null, "tiger:name_base": null, "tiger:name_base_1": null, "tiger:name_base_2": null, "tiger:reviewed": null, "tiger:zip_left": null, "tiger:zip_right": null, "tracks": null, "tunnel": null, "usage": "main", "maxspeed_mph": 20.0 }, "geometry": { "type": "LineString", "coordinates": [ [ -95.3486621, 29.7838729 ], [ -95.3486549, 29.7834229 ], [ -95.3486477, 29.7827312 ], [ -95.3486459, 29.7825975 ], [ -95.3486354, 29.7818398 ], [ -95.3486108, 29.780221 ], [ -95.348603, 29.7797085 ], [ -95.348592, 29.7789759 ], [ -95.3485933, 29.7784548 ], [ -95.3485911, 29.7784231 ] ] } },
{ "type": "Feature", "properties": { "id": "way/103022268", "@id": "way/103022268", "access": null, "addr:city": null, "addr:state": null, "bridge": null, "bridge:movable": null, "covered": null, "crossing:barrier": null, "electrified": "no", "embankment": null, "fixme": null, "gauge": "1435", "highspeed": null, "layer": null, "length": null, "maxspeed": "20 mph", "name": "UP Houston West Belt Subdivision", "name_1": null, "note": null, "note:old_railway_operator": null, "old_railway_operator": "MP", "operator": "Union Pacific Railroad", "operator:wikidata": "Q725793", "owner": null, "railway": "rail", "railway:atc": null, "railway:freight": null, "railway:ptc": "yes", "railway:ref": null, "railway:track_class": "2", "railway:track_ref": null, "ref": null, "reporting_marks": null, "service": "none", "source": "Texas Department of Transportation", "spur": null, "start_date": null, "tiger:cfcc": null, "tiger:county": null, "tiger:name_base": null, "tiger:name_base_1": null, "tiger:name_base_2": null, "tiger:reviewed": null, "tiger:zip_left": null, "tiger:zip_right": null, "tracks": null, "tunnel": null, "usage": "main", "maxspeed_mph": 20.0 }, "geometry": { "type": "LineString", "coordinates": [ [ -95.3467221, 29.7923842 ], [ -95.3463005, 29.7934489 ], [ -95.3462336, 29.7936202 ], [ -95.3461945, 29.7937515 ], [ -95.3461583, 29.793904 ], [ -95.3461422, 29.7940087 ], [ -95.3461261, 29.7941333 ], [ -95.3461154, 29.7942799 ], [ -95.3461127, 29.7944149 ], [ -95.3461154, 29.7945336 ], [ -95.3461154, 29.7946547 ], [ -95.3461278, 29.7948325 ], [ -95.3461627, 29.7951072 ], [ -95.3462029, 29.7954005 ], [ -95.3462217, 29.795575 ], [ -95.3462458, 29.7957985 ], [ -95.3462834, 29.7960173 ], [ -95.3463263, 29.7962663 ], [ -95.3463692, 29.7964456 ], [ -95.3464228, 29.7966946 ], [ -95.3464738, 29.7969297 ], [ -95.3467608, 29.7980795 ], [ -95.347029, 29.7991345 ], [ -95.3472892, 29.8001865 ], [ -95.3475467, 29.8013061 ], [ -95.3477921, 29.8024105 ], [ -95.3479806, 29.8031614 ], [ -95.3480185, 29.8033122 ], [ -95.348059, 29.8034746 ], [ -95.3482708, 29.8043194 ], [ -95.3484941, 29.8052143 ], [ -95.3486613, 29.8058831 ], [ -95.3489693, 29.8071153 ], [ -95.3492617, 29.8082804 ], [ -95.349632, 29.8097653 ], [ -95.3499659, 29.8110851 ], [ -95.3501444, 29.81182 ], [ -95.3503329, 29.8125752 ] ] } },
{ "type": "Feature", "properties": { "id": "way/103022269", "@id": "way/103022269", "access": null, "addr:city": null, "addr:state": null, "bridge": null, "bridge:movable": null, "covered": null, "crossing:barrier": null, "electrified": "no", "embankment": null, "fixme": null, "gauge": "1435", "highspeed": null, "layer": null, "length": null, "maxspeed": "79 mph", "name": "UP Houston Subdivision", "name_1": null, "note": null, "note:old_railway_operator": "H&TC", "old_railway_operator": "SP", "operator": "Union Pacific Railroad", "operator:wikidata": "Q725793", "owner": "Union Pacific Railroad", "railway": "rail", "railway:atc": null, "railway:freight": null, "railway:ptc": "yes", "railway:ref": null, "railway:track_class": "5", "railway:track_ref": null, "ref": null, "reporting_marks": null, "service": "none", "source": "Texas Department of Transportation", "spur": null, "start_date": null, "tiger:cfcc": null, "tiger:county": null, "tiger:name_base": null, "tiger:name_base_1": null, "tiger:name_base_2": null, "tiger:reviewed": null, "tiger:zip_left": null, "tiger:zip_right": null, "tracks": null, "tunnel": null, "usage": "main", "maxspeed_mph": 79.0 }, "geometry": { "type": "LineString", "coordinates": [ [ -95.3503674, 29.766982 ], [ -95.3507433, 29.7668726 ], [ -95.351665, 29.7666215 ], [ -95.3519775, 29.7665392 ], [ -95.352002, 29.7665328 ], [ -95.3520316, 29.7665243 ], [ -95.3520856, 29.7665092 ], [ -95.3521177, 29.7665003 ], [ -95.3521458, 29.766492 ], [ -95.3521718, 29.7664843 ], [ -95.3523383, 29.7664315 ], [ -95.3524837, 29.7663809 ], [ -95.3526859, 29.7663125 ], [ -95.3528457, 29.766261 ], [ -95.3530014, 29.7662162 ], [ -95.3533949, 29.766107 ], [ -95.3542132, 29.765881 ], [ -95.3551887, 29.7656138 ], [ -95.3559651, 29.7654077 ], [ -95.3562009, 29.7653461 ], [ -95.3564119, 29.7653008 ], [ -95.356631, 29.7652582 ], [ -95.3568218, 29.7652273 ], [ -95.3568684, 29.76522 ], [ -95.3569569, 29.765206 ], [ -95.3570912, 29.7651943 ], [ -95.3573111, 29.7651818 ], [ -95.3574699, 29.7651796 ], [ -95.3576303, 29.7651912 ], [ -95.3578118, 29.7652127 ], [ -95.3579963, 29.7652458 ], [ -95.3580989, 29.7652672 ] ] } },
{ "type": "Feature", "properties": { "id": "way/103029339", "@id": "way/103029339", "access": null, "addr:city": null, "addr:state": null, "bridge": null, "bridge:movable": null, "covered": null, "crossing:barrier": null, "electrified": "no", "embankment": null, "fixme": null, "gauge": "1435", "highspeed": null, "layer": null, "length": null, "maxspeed": "20 mph", "name": "UP Houston West Belt Subdivision", "name_1": null, "note": "was leased to HB&T", "note:old_railway_operator": null, "old_railway_operator": "AT&SF", "operator": "Union Pacific Railroad", "operator:wikidata": "Q725793", "owner": null, "railway": "rail", "railway:atc": null, "railway:freight": null, "railway:ptc": "yes", "railway:ref": null, "railway:track_class": "2", "railway:track_ref": null, "ref": null, "reporting_marks": null, "service": "none", "source": "Texas Department of Transportation", "spur": null, "start_date": null, "tiger:cfcc": null, "tiger:county": null, "tiger:name_base": null, "tiger:name_base_1": null, "tiger:name_base_2": null, "tiger:reviewed": null, "tiger:zip_left": null, "tiger:zip_right": null, "tracks": null, "tunnel": null, "usage": "main", "maxspeed_mph": 20.0 }, "geometry": { "type": "LineString", "coordinates": [ [ -95.3449118, 29.7460022 ], [ -95.3445319, 29.7457729 ], [ -95.344279, 29.7456207 ], [ -95.3441424, 29.7455338 ], [ -95.3440117, 29.7454458 ], [ -95.3438879, 29.7453509 ], [ -95.3437867, 29.7452665 ], [ -95.3436892, 29.745183 ], [ -95.3436115, 29.7451077 ], [ -95.3435359, 29.74503 ], [ -95.3434411, 29.7449244 ], [ -95.3433302, 29.744789 ], [ -95.343237, 29.7446704 ], [ -95.3431802, 29.7445918 ], [ -95.3431268, 29.7445115 ], [ -95.3430666, 29.7444206 ], [ -95.3430077, 29.7443224 ], [ -95.3429359, 29.7441931 ], [ -95.34287, 29.7440568 ], [ -95.3428228, 29.7439498 ], [ -95.3427887, 29.7438662 ], [ -95.3427495, 29.7437703 ], [ -95.3427214, 29.7436934 ], [ -95.3425924, 29.7433409 ], [ -95.3423058, 29.7425548 ], [ -95.3420745, 29.7418948 ], [ -95.341871, 29.7413559 ], [ -95.3416944, 29.7408809 ] ] } },
{ "type": "Feature", "properties": { "id": "way/103029342", "@id": "way/103029342", "access": null, "addr:city": null, "addr:state": null, "bridge": null, "bridge:movable": null, "covered": null, "crossing:barrier": null, "electrified": "no", "embankment": null, "fixme": null, "gauge": "1435", "highspeed": null, "layer": null, "length": null, "maxspeed": "20 mph", "name": "UP Houston West Belt Subdivision", "name_1": null, "note": null, "note:old_railway_operator": null, "old_railway_operator": null, "operator": "Union Pacific Railroad", "operator:wikidata": "Q725793", "owner": null, "railway": "rail", "railway:atc": null, "railway:freight": null, "railway:ptc": "yes", "railway:ref": null, "railway:track_class": "2", "railway:track_ref": null, "ref": null, "reporting_marks": null, "service": "none", "source": "Texas Department of Transportation", "spur": null, "start_date": null, "tiger:cfcc": null, "tiger:county": null, "tiger:name_base": null, "tiger:name_base_1": null, "tiger:name_base_2": null, "tiger:reviewed": null, "tiger:zip_left": null, "tiger:zip_right": null, "tracks": null, "tunnel": null, "usage": "main", "maxspeed_mph": 20.0 }, "geometry": { "type": "LineString", "coordinates": [ [ -95.3449183, 29.7459572 ], [ -95.3450506, 29.7460381 ], [ -95.3451612, 29.7461118 ], [ -95.3452832, 29.7462003 ], [ -95.3454019, 29.7462963 ], [ -95.345507, 29.7463941 ], [ -95.3456067, 29.746492 ], [ -95.3456862, 29.7465814 ], [ -95.3457821, 29.7467039 ], [ -95.3458502, 29.7467961 ], [ -95.345921, 29.7469115 ], [ -95.3459686, 29.7469991 ], [ -95.3459765, 29.7470136 ], [ -95.346025, 29.7471077 ], [ -95.3460675, 29.7472056 ], [ -95.3461072, 29.747312 ], [ -95.3461443, 29.7474198 ], [ -95.346171, 29.7475192 ], [ -95.3462011, 29.7476876 ], [ -95.3462345, 29.7479192 ] ] } },
{ "type": "Feature", "properties": { "id": "way/103033205", "@id": "way/103033205", "access": null, "addr:city": null, "addr:state": null, "bridge": null, "bridge:movable": null, "covered": null, "crossing:barrier": null, "electrified": null, "embankment": null, "fixme": null, "gauge": "1435", "highspeed": null, "layer": null, "length": null, "maxspeed": "15 mph", "name": "UP Houston East Belt Subdivision", "name_1": null, "note": null, "note:old_railway_operator": null, "old_railway_operator": "HB&T", "operator": "Union Pacific Railroad", "operator:wikidata": "Q725793", "owner": null, "railway": "rail", "railway:atc": null, "railway:freight": null, "railway:ptc": "yes", "railway:ref": null, "railway:track_class": null, "railway:track_ref": null, "ref": null, "reporting_marks": null, "service": "none", "source": null, "spur": null, "start_date": null, "tiger:cfcc": null, "tiger:county": null, "tiger:name_base": null, "tiger:name_base_1": null, "tiger:name_base_2": null, "tiger:reviewed": null, "tiger:zip_left": null, "tiger:zip_right": null, "tracks": null, "tunnel": null, "usage": "main", "maxspeed_mph": 15.0 }, "geometry": { "type": "LineString", "coordinates": [ [ -95.3548702, 29.8196987 ], [ -95.3535343, 29.8197123 ], [ -95.3527962, 29.8197198 ], [ -95.3526385, 29.8197248 ], [ -95.3524436, 29.8197256 ], [ -95.3523481, 29.8197281 ], [ -95.3521239, 29.8197369 ], [ -95.3520725, 29.8197364 ], [ -95.3508964, 29.8197463 ], [ -95.3504824, 29.8197498 ], [ -95.3495557, 29.8197576 ] ] } },
{ "type": "Feature", "properties": { "id": "way/103050493", "@id": "way/103050493", "access": null, "addr:city": null, "addr:state": null, "bridge": null, "bridge:movable": null, "covered": null, "crossing:barrier": null, "electrified": "no", "embankment": null, "fixme": null, "gauge": "1435", "highspeed": null, "layer": null, "length": null, "maxspeed": "20 mph", "name": "UP Houston West Belt Subdivision", "name_1": null, "note": null, "note:old_railway_operator": null, "old_railway_operator": null, "operator": "Union Pacific Railroad", "operator:wikidata": "Q725793", "owner": null, "railway": "rail", "railway:atc": null, "railway:freight": null, "railway:ptc": "yes", "railway:ref": null, "railway:track_class": "2", "railway:track_ref": null, "ref": null, "reporting_marks": null, "service": "none", "source": "Texas Department of Transportation", "spur": null, "start_date": null, "tiger:cfcc": null, "tiger:county": null, "tiger:name_base": null, "tiger:name_base_1": null, "tiger:name_base_2": null, "tiger:reviewed": null, "tiger:zip_left": null, "tiger:zip_right": null, "tracks": null, "tunnel": null, "usage": "main", "maxspeed_mph": 20.0 }, "geometry": { "type": "LineString", "coordinates": [ [ -95.3462178, 29.7481028 ], [ -95.3461792, 29.7478651 ], [ -95.3461586, 29.7477339 ], [ -95.3461404, 29.747623 ], [ -95.3461164, 29.7475179 ], [ -95.346084, 29.7474033 ], [ -95.3460454, 29.747293 ], [ -95.3459886, 29.7471604 ], [ -95.3459356, 29.7470483 ], [ -95.3458751, 29.7469376 ], [ -95.3458065, 29.7468246 ], [ -95.3457401, 29.7467288 ], [ -95.3456533, 29.746619 ], [ -95.3455649, 29.7465167 ], [ -95.3454759, 29.746425 ], [ -95.3453843, 29.7463399 ], [ -95.3452782, 29.7462515 ], [ -95.3451791, 29.7461748 ], [ -95.3450671, 29.7460989 ], [ -95.3449118, 29.7460022 ] ] } },
{ "type": "Feature", "properties": { "id": "way/103050500", "@id": "way/103050500", "access": null, "addr:city": null, "addr:state": null, "bridge": null, "bridge:movable": null, "covered": null, "crossing:barrier": null, "electrified": "no", "embankment": null, "fixme": null, "gauge": "1435", "highspeed": null, "layer": null, "length": null, "maxspeed": "20 mph", "name": "UP Houston West Belt Subdivision", "name_1": null, "note": null, "note:old_railway_operator": null, "old_railway_operator": "MP", "operator": "Union Pacific Railroad", "operator:wikidata": "Q725793", "owner": null, "railway": "rail", "railway:atc": null, "railway:freight": null, "railway:ptc": "yes", "railway:ref": null, "railway:track_class": "2", "railway:track_ref": null, "ref": null, "reporting_marks": null, "service": "none", "source": "Texas Department of Transportation", "spur": null, "start_date": null, "tiger:cfcc": null, "tiger:county": null, "tiger:name_base": null, "tiger:name_base_1": null, "tiger:name_base_2": null, "tiger:reviewed": null, "tiger:zip_left": null, "tiger:zip_right": null, "tracks": null, "tunnel": null, "usage": "main", "maxspeed_mph": 20.0 }, "geometry": { "type": "LineString", "coordinates": [ [ -95.3462345, 29.7479192 ], [ -95.3462695, 29.7481378 ], [ -95.3463117, 29.7483442 ], [ -95.3463546, 29.7485171 ], [ -95.3463976, 29.7486642 ], [ -95.3464608, 29.7488569 ], [ -95.3465538, 29.7491258 ], [ -95.3466977, 29.7495508 ], [ -95.3469705, 29.7503529 ], [ -95.3471179, 29.7507886 ], [ -95.3473381, 29.7514299 ], [ -95.3475373, 29.7520195 ], [ -95.3476548, 29.7523655 ], [ -95.3477795, 29.7527324 ], [ -95.3479672, 29.7532877 ], [ -95.3480788, 29.7536129 ], [ -95.3482304, 29.7540549 ], [ -95.3486686, 29.7553343 ], [ -95.3489637, 29.7562171 ], [ -95.3491813, 29.7568665 ], [ -95.3492793, 29.7571837 ], [ -95.3493141, 29.7573129 ], [ -95.3493363, 29.7574287 ], [ -95.3493459, 29.7574714 ], [ -95.3493541, 29.7575475 ], [ -95.3493619, 29.7576152 ], [ -95.3493675, 29.7576954 ], [ -95.3493528, 29.757936 ], [ -95.3493421, 29.7581165 ], [ -95.3493223, 29.75827 ], [ -95.349294, 29.7584161 ], [ -95.349233, 29.7586319 ], [ -95.3491788, 29.7587855 ], [ -95.3491358, 29.7588924 ], [ -95.3490861, 29.7590062 ], [ -95.3490121, 29.7591489 ], [ -95.3489438, 29.7592671 ], [ -95.3488483, 29.7594059 ], [ -95.3487342, 29.7595589 ], [ -95.3485581, 29.7597819 ], [ -95.3479638, 29.7605348 ], [ -95.3479442, 29.7605596 ], [ -95.3478956, 29.7606208 ], [ -95.3478663, 29.7606577 ], [ -95.3474933, 29.7611276 ], [ -95.3467604, 29.7620486 ] ] } },
{ "type": "Feature", "properties": { "id": "way/103083877", "@id": "way/103083877", "access": null, "addr:city": null, "addr:state": null, "bridge": "yes", "bridge:movable": null, "covered": null, "crossing:barrier": null, "electrified": "no", "embankment": null, "fixme": null, "gauge": "1435", "highspeed": null, "layer": "1", "length": null, "maxspeed": "79 mph", "name": "UP Glidden Subdivision", "name_1": null, "note": null, "note:old_railway_operator": null, "old_railway_operator": "SP", "operator": "Union Pacific Railroad", "operator:wikidata": "Q725793", "owner": "Union Pacific Railroad", "railway": "rail", "railway:atc": null, "railway:freight": null, "railway:ptc": "yes", "railway:ref": null, "railway:track_class": "5", "railway:track_ref": "2", "ref": null, "reporting_marks": null, "service": "none", "source": "Texas Department of Transportation", "spur": null, "start_date": null, "tiger:cfcc": "B11", "tiger:county": "Fort Bend, TX", "tiger:name_base": null, "tiger:name_base_1": null, "tiger:name_base_2": null, "tiger:reviewed": null, "tiger:zip_left": null, "tiger:zip_right": null, "tracks": null, "tunnel": null, "usage": "main", "maxspeed_mph": 79.0 }, "geometry": { "type": "LineString", "coordinates": [ [ -95.5648419, 29.6198621 ], [ -95.5644874, 29.6196946 ] ] } },
{ "type": "Feature", "properties": { "id": "way/103083903", "@id": "way/103083903", "access": null, "addr:city": null, "addr:state": null, "bridge": "yes", "bridge:movable": null, "covered": null, "crossing:barrier": null, "electrified": "no", "embankment": null, "fixme": null, "gauge": "1435", "highspeed": null, "layer": "1", "length": null, "maxspeed": "79 mph", "name": "UP Glidden Subdivision", "name_1": null, "note": null, "note:old_railway_operator": null, "old_railway_operator": "SP", "operator": "Union Pacific Railroad", "operator:wikidata": "Q725793", "owner": "Union Pacific Railroad", "railway": "rail", "railway:atc": null, "railway:freight": null, "railway:ptc": "yes", "railway:ref": null, "railway:track_class": "5", "railway:track_ref": "2", "ref": null, "reporting_marks": null, "service": "none", "source": "Texas Department of Transportation", "spur": null, "start_date": null, "tiger:cfcc": "B11", "tiger:county": "Fort Bend, TX", "tiger:name_base": null, "tiger:name_base_1": null, "tiger:name_base_2": null, "tiger:reviewed": null, "tiger:zip_left": null, "tiger:zip_right": null, "tracks": null, "tunnel": null, "usage": "main", "maxspeed_mph": 79.0 }, "geometry": { "type": "LineString", "coordinates": [ [ -95.5570242, 29.6164238 ], [ -95.5567817, 29.616355 ] ] } },
{ "type": "Feature", "properties": { "id": "way/103093002", "@id": "way/103093002", "access": null, "addr:city": null, "addr:state": null, "bridge": null, "bridge:movable": null, "covered": null, "crossing:barrier": null, "electrified": "no", "embankment": null, "fixme": null, "gauge": "1435", "highspeed": null, "layer": null, "length": null, "maxspeed": "60 mph", "name": "UP Houston Subdivision", "name_1": null, "note": null, "note:old_railway_operator": "H&TC", "old_railway_operator": "SP", "operator": "Union Pacific Railroad", "operator:wikidata": "Q725793", "owner": "Union Pacific Railroad", "railway": "rail", "railway:atc": null, "railway:freight": null, "railway:ptc": "yes", "railway:ref": null, "railway:track_class": "4", "railway:track_ref": "1", "ref": null, "reporting_marks": null, "service": "none", "source": null, "spur": null, "start_date": null, "tiger:cfcc": null, "tiger:county": null, "tiger:name_base": null, "tiger:name_base_1": null, "tiger:name_base_2": null, "tiger:reviewed": null, "tiger:zip_left": null, "tiger:zip_right": null, "tracks": null, "tunnel": null, "usage": "main", "maxspeed_mph": 60.0 }, "geometry": { "type": "LineString", "coordinates": [ [ -95.4466391, 29.6689168 ], [ -95.4467261, 29.6730223 ], [ -95.4467287, 29.6731451 ], [ -95.4467295, 29.6731824 ], [ -95.4467308, 29.6732859 ], [ -95.4467323, 29.6733552 ], [ -95.4468015, 29.6766189 ], [ -95.4468515, 29.6789755 ], [ -95.4468704, 29.6796593 ], [ -95.4468722, 29.6797467 ], [ -95.4470062, 29.6863959 ], [ -95.447007, 29.686438 ], [ -95.4470184, 29.6869117 ], [ -95.4470213, 29.6869609 ], [ -95.4470252, 29.687084 ] ] } },
{ "type": "Feature", "properties": { "id": "way/103093003", "@id": "way/103093003", "access": null, "addr:city": null, "addr:state": null, "bridge": null, "bridge:movable": null, "covered": null, "crossing:barrier": null, "electrified": "no", "embankment": null, "fixme": null, "gauge": "1435", "highspeed": null, "layer": null, "length": null, "maxspeed": "70 mph", "name": "UP Houston Subdivision", "name_1": null, "note": null, "note:old_railway_operator": "T&NO", "old_railway_operator": "SP", "operator": "Union Pacific Railroad", "operator:wikidata": "Q725793", "owner": "Union Pacific Railroad", "railway": "rail", "railway:atc": null, "railway:freight": null, "railway:ptc": "yes", "railway:ref": null, "railway:track_class": "5", "railway:track_ref": null, "ref": null, "reporting_marks": null, "service": "none", "source": "Texas Department of Transportation", "spur": null, "start_date": null, "tiger:cfcc": null, "tiger:county": null, "tiger:name_base": null, "tiger:name_base_1": null, "tiger:name_base_2": null, "tiger:reviewed": null, "tiger:zip_left": null, "tiger:zip_right": null, "tracks": null, "tunnel": null, "usage": "main", "maxspeed_mph": 70.0 }, "geometry": { "type": "LineString", "coordinates": [ [ -95.3508765, 29.7727715 ], [ -95.3502339, 29.7730433 ], [ -95.3499158, 29.7731792 ], [ -95.3497029, 29.7732757 ], [ -95.3496491, 29.7732995 ], [ -95.3485187, 29.7737807 ], [ -95.3476914, 29.7741339 ] ] } },
{ "type": "Feature", "properties": { "id": "way/103093004", "@id": "way/103093004", "access": null, "addr:city": null, "addr:state": null, "bridge": null, "bridge:movable": null, "covered": null, "crossing:barrier": null, "electrified": "no", "embankment": null, "fixme": null, "gauge": "1435", "highspeed": null, "layer": null, "length": null, "maxspeed": "79 mph", "name": "UP Houston Subdivision", "name_1": null, "note": null, "note:old_railway_operator": null, "old_railway_operator": "SP", "operator": "Union Pacific Railroad", "operator:wikidata": "Q725793", "owner": "Union Pacific Railroad", "railway": "rail", "railway:atc": "no", "railway:freight": null, "railway:ptc": "no", "railway:ref": null, "railway:track_class": "5", "railway:track_ref": null, "ref": null, "reporting_marks": null, "service": "none", "source": "Texas Department of Transportation", "spur": null, "start_date": null, "tiger:cfcc": null, "tiger:county": null, "tiger:name_base": null, "tiger:name_base_1": null, "tiger:name_base_2": null, "tiger:reviewed": null, "tiger:zip_left": null, "tiger:zip_right": null, "tracks": null, "tunnel": null, "usage": "main", "maxspeed_mph": 79.0 }, "geometry": { "type": "LineString", "coordinates": [ [ -95.4388593, 29.7825702 ], [ -95.4387451, 29.782737 ], [ -95.4386284, 29.782903 ], [ -95.4385437, 29.7830202 ], [ -95.4384564, 29.7831211 ], [ -95.4383024, 29.7832882 ], [ -95.4381116, 29.7834401 ], [ -95.4378943, 29.7835669 ], [ -95.4377396, 29.7836354 ], [ -95.4375492, 29.7836965 ], [ -95.4373433, 29.7837422 ], [ -95.437163, 29.7837588 ], [ -95.4369873, 29.7837615 ] ] } },
{ "type": "Feature", "properties": { "id": "way/103094473", "@id": "way/103094473", "access": null, "addr:city": null, "addr:state": null, "bridge": "yes", "bridge:movable": null, "covered": null, "crossing:barrier": null, "electrified": "no", "embankment": null, "fixme": null, "gauge": "1435", "highspeed": null, "layer": "1", "length": null, "maxspeed": "20 mph", "name": "UP Houston West Belt Subdivision", "name_1": null, "note": "was leased to HB&T", "note:old_railway_operator": null, "old_railway_operator": "AT&SF", "operator": "Union Pacific Railroad", "operator:wikidata": "Q725793", "owner": null, "railway": "rail", "railway:atc": null, "railway:freight": null, "railway:ptc": "yes", "railway:ref": null, "railway:track_class": "2", "railway:track_ref": null, "ref": null, "reporting_marks": null, "service": "none", "source": "Texas Department of Transportation", "spur": null, "start_date": null, "tiger:cfcc": null, "tiger:county": null, "tiger:name_base": null, "tiger:name_base_1": null, "tiger:name_base_2": null, "tiger:reviewed": null, "tiger:zip_left": null, "tiger:zip_right": null, "tracks": null, "tunnel": null, "usage": "main", "maxspeed_mph": 20.0 }, "geometry": { "type": "LineString", "coordinates": [ [ -95.337215, 29.727409 ], [ -95.3370453, 29.7269025 ] ] } },
{ "type": "Feature", "properties": { "id": "way/103094474", "@id": "way/103094474", "access": null, "addr:city": null, "addr:state": null, "bridge": null, "bridge:movable": null, "covered": null, "crossing:barrier": null, "electrified": "no", "embankment": null, "fixme": null, "gauge": "1435", "highspeed": null, "layer": null, "length": null, "maxspeed": "20 mph", "name": "UP Houston West Belt Subdivision", "name_1": null, "note": "was leased to HB&T", "note:old_railway_operator": null, "old_railway_operator": "AT&SF", "operator": "Union Pacific Railroad", "operator:wikidata": "Q725793", "owner": null, "railway": "rail", "railway:atc": null, "railway:freight": null, "railway:ptc": "yes", "railway:ref": null, "railway:track_class": "2", "railway:track_ref": null, "ref": null, "reporting_marks": null, "service": "none", "source": "Texas Department of Transportation", "spur": null, "start_date": null, "tiger:cfcc": null, "tiger:county": null, "tiger:name_base": null, "tiger:name_base_1": null, "tiger:name_base_2": null, "tiger:reviewed": null, "tiger:zip_left": null, "tiger:zip_right": null, "tracks": null, "tunnel": null, "usage": "main", "maxspeed_mph": 20.0 }, "geometry": { "type": "LineString", "coordinates": [ [ -95.3370453, 29.7269025 ], [ -95.3369521, 29.7266246 ], [ -95.3366714, 29.7257881 ], [ -95.3363429, 29.7247757 ], [ -95.3360149, 29.7237904 ], [ -95.3357227, 29.7229274 ], [ -95.3354582, 29.7221272 ], [ -95.3351771, 29.7212615 ], [ -95.3349059, 29.7204486 ], [ -95.3345561, 29.7193981 ], [ -95.334188, 29.7182851 ], [ -95.3338766, 29.7173491 ], [ -95.3337757, 29.7170441 ], [ -95.3334877, 29.716173 ], [ -95.3332908, 29.71558 ], [ -95.333237, 29.7154179 ], [ -95.3330914, 29.7149784 ] ] } },
{ "type": "Feature", "properties": { "id": "way/103094475", "@id": "way/103094475", "access": null, "addr:city": null, "addr:state": null, "bridge": "yes", "bridge:movable": null, "covered": null, "crossing:barrier": null, "electrified": "no", "embankment": null, "fixme": null, "gauge": "1435", "highspeed": null, "layer": "1", "length": null, "maxspeed": "20 mph", "name": "UP Houston West Belt Subdivision", "name_1": null, "note": "was leased to HB&T", "note:old_railway_operator": null, "old_railway_operator": "AT&SF", "operator": "Union Pacific Railroad", "operator:wikidata": "Q725793", "owner": null, "railway": "rail", "railway:atc": null, "railway:freight": null, "railway:ptc": "yes", "railway:ref": null, "railway:track_class": "2", "railway:track_ref": null, "ref": null, "reporting_marks": null, "service": "none", "source": "Texas Department of Transportation", "spur": null, "start_date": null, "tiger:cfcc": null, "tiger:county": null, "tiger:name_base": null, "tiger:name_base_1": null, "tiger:name_base_2": null, "tiger:reviewed": null, "tiger:zip_left": null, "tiger:zip_right": null, "tracks": null, "tunnel": null, "usage": "main", "maxspeed_mph": 20.0 }, "geometry": { "type": "LineString", "coordinates": [ [ -95.3370785, 29.7268661 ], [ -95.33725, 29.7273774 ] ] } },
{ "type": "Feature", "properties": { "id": "way/103094478", "@id": "way/103094478", "access": null, "addr:city": null, "addr:state": null, "bridge": null, "bridge:movable": null, "covered": null, "crossing:barrier": null, "electrified": "no", "embankment": null, "fixme": null, "gauge": "1435", "highspeed": null, "layer": null, "length": null, "maxspeed": "20 mph", "name": "UP Houston West Belt Subdivision", "name_1": null, "note": "was leased to HB&T", "note:old_railway_operator": null, "old_railway_operator": "AT&SF", "operator": "Union Pacific Railroad", "operator:wikidata": "Q725793", "owner": null, "railway": "rail", "railway:atc": null, "railway:freight": null, "railway:ptc": "yes", "railway:ref": null, "railway:track_class": "2", "railway:track_ref": null, "ref": null, "reporting_marks": null, "service": "none", "source": "Texas Department of Transportation", "spur": null, "start_date": null, "tiger:cfcc": null, "tiger:county": null, "tiger:name_base": null, "tiger:name_base_1": null, "tiger:name_base_2": null, "tiger:reviewed": null, "tiger:zip_left": null, "tiger:zip_right": null, "tracks": null, "tunnel": null, "usage": "main", "maxspeed_mph": 20.0 }, "geometry": { "type": "LineString", "coordinates": [ [ -95.33725, 29.7273774 ], [ -95.3374674, 29.7280385 ], [ -95.3377269, 29.7288329 ], [ -95.3378768, 29.7292743 ], [ -95.3381209, 29.7300069 ], [ -95.3383733, 29.7307709 ], [ -95.3387009, 29.7317567 ], [ -95.338961, 29.7325433 ], [ -95.3392305, 29.7333586 ], [ -95.3395867, 29.7344359 ], [ -95.3398432, 29.7352112 ], [ -95.340058, 29.7358542 ], [ -95.3401538, 29.7361498 ], [ -95.3402117, 29.7363156 ], [ -95.3402459, 29.7364137 ], [ -95.3402801, 29.7365224 ], [ -95.3403276, 29.7366734 ], [ -95.3406711, 29.7377052 ], [ -95.341003, 29.7387076 ], [ -95.3411751, 29.7392288 ], [ -95.3412944, 29.7395886 ], [ -95.3414081, 29.7399265 ], [ -95.3415437, 29.7402996 ], [ -95.3416799, 29.7406912 ] ] } },
{ "type": "Feature", "properties": { "id": "way/103240269", "@id": "way/103240269", "access": null, "addr:city": null, "addr:state": null, "bridge": "yes", "bridge:movable": null, "covered": null, "crossing:barrier": null, "electrified": "no", "embankment": null, "fixme": null, "gauge": "1435", "highspeed": null, "layer": "1", "length": null, "maxspeed": "79 mph", "name": "UP Houston Subdivision", "name_1": null, "note": null, "note:old_railway_operator": "H&TC", "old_railway_operator": "SP", "operator": "Union Pacific Railroad", "operator:wikidata": "Q725793", "owner": "Union Pacific Railroad", "railway": "rail", "railway:atc": null, "railway:freight": null, "railway:ptc": "yes", "railway:ref": null, "railway:track_class": "5", "railway:track_ref": null, "ref": null, "reporting_marks": null, "service": "none", "source": "Texas Department of Transportation", "spur": null, "start_date": null, "tiger:cfcc": null, "tiger:county": null, "tiger:name_base": null, "tiger:name_base_1": null, "tiger:name_base_2": null, "tiger:reviewed": null, "tiger:zip_left": null, "tiger:zip_right": null, "tracks": null, "tunnel": null, "usage": "main", "maxspeed_mph": 79.0 }, "geometry": { "type": "LineString", "coordinates": [ [ -95.4254315, 29.7776881 ], [ -95.4237887, 29.7770017 ] ] } },
{ "type": "Feature", "properties": { "id": "way/103240272", "@id": "way/103240272", "access": null, "addr:city": null, "addr:state": null, "bridge": null, "bridge:movable": null, "covered": null, "crossing:barrier": null, "electrified": "no", "embankment": null, "fixme": null, "gauge": "1435", "highspeed": null, "layer": null, "length": null, "maxspeed": "79 mph", "name": "UP Houston Subdivision", "name_1": null, "note": null, "note:old_railway_operator": "H&TC", "old_railway_operator": "SP", "operator": "Union Pacific Railroad", "operator:wikidata": "Q725793", "owner": "Union Pacific Railroad", "railway": "rail", "railway:atc": null, "railway:freight": null, "railway:ptc": "yes", "railway:ref": null, "railway:track_class": "5", "railway:track_ref": null, "ref": null, "reporting_marks": null, "service": "none", "source": "Texas Department of Transportation", "spur": null, "start_date": null, "tiger:cfcc": null, "tiger:county": null, "tiger:name_base": null, "tiger:name_base_1": null, "tiger:name_base_2": null, "tiger:reviewed": null, "tiger:zip_left": null, "tiger:zip_right": null, "tracks": null, "tunnel": null, "usage": "main", "maxspeed_mph": 79.0 }, "geometry": { "type": "LineString", "coordinates": [ [ -95.423908, 29.7770059 ], [ -95.4232323, 29.7767342 ], [ -95.4226172, 29.7764969 ], [ -95.4218989, 29.7762302 ], [ -95.421245, 29.7759906 ], [ -95.4203416, 29.775676 ], [ -95.4194215, 29.7753576 ], [ -95.4188037, 29.7751524 ], [ -95.4181535, 29.7749443 ], [ -95.4180999, 29.7749271 ], [ -95.4179242, 29.774871 ], [ -95.4178521, 29.7748482 ], [ -95.417527, 29.7747451 ], [ -95.4169971, 29.7745844 ], [ -95.4165674, 29.7744567 ], [ -95.4165302, 29.7744462 ], [ -95.4156149, 29.7741869 ], [ -95.4148022, 29.7739691 ], [ -95.4139771, 29.7737558 ], [ -95.4132794, 29.7735868 ], [ -95.412596, 29.7734261 ], [ -95.4125431, 29.7734124 ], [ -95.4119636, 29.773295 ], [ -95.4113475, 29.7731734 ], [ -95.4107252, 29.7730576 ], [ -95.4106336, 29.7730405 ], [ -95.4105503, 29.7730251 ], [ -95.4104239, 29.7730018 ], [ -95.4100592, 29.7729344 ], [ -95.4096146, 29.7728598 ], [ -95.4095283, 29.7728453 ], [ -95.409435, 29.7728294 ], [ -95.4089032, 29.7727385 ], [ -95.4084214, 29.7726622 ], [ -95.4083752, 29.7726565 ], [ -95.4078908, 29.7725801 ], [ -95.4072874, 29.7724893 ], [ -95.4066053, 29.7723981 ], [ -95.4062092, 29.7723542 ], [ -95.4061555, 29.7723482 ], [ -95.4061074, 29.7723425 ], [ -95.4051163, 29.7722289 ], [ -95.4040575, 29.7721161 ], [ -95.4022655, 29.7719276 ], [ -95.4004951, 29.7717418 ], [ -95.3987265, 29.7715522 ], [ -95.3986971, 29.7715504 ] ] } },
{ "type": "Feature", "properties": { "id": "way/103240273", "@id": "way/103240273", "access": null, "addr:city": null, "addr:state": null, "bridge": "yes", "bridge:movable": null, "covered": null, "crossing:barrier": null, "electrified": "no", "embankment": null, "fixme": null, "gauge": "1435", "highspeed": null, "layer": "1", "length": null, "maxspeed": "79 mph", "name": "UP Houston Subdivision", "name_1": null, "note": null, "note:old_railway_operator": "H&TC", "old_railway_operator": "SP", "operator": "Union Pacific Railroad", "operator:wikidata": "Q725793", "owner": "Union Pacific Railroad", "railway": "rail", "railway:atc": null, "railway:freight": null, "railway:ptc": "yes", "railway:ref": null, "railway:track_class": "5", "railway:track_ref": null, "ref": null, "reporting_marks": null, "service": "none", "source": "Texas Department of Transportation", "spur": null, "start_date": null, "tiger:cfcc": null, "tiger:county": null, "tiger:name_base": null, "tiger:name_base_1": null, "tiger:name_base_2": null, "tiger:reviewed": null, "tiger:zip_left": null, "tiger:zip_right": null, "tracks": null, "tunnel": null, "usage": "main", "maxspeed_mph": 79.0 }, "geometry": { "type": "LineString", "coordinates": [ [ -95.4255099, 29.7776777 ], [ -95.423908, 29.7770059 ] ] } },
{ "type": "Feature", "properties": { "id": "way/103240274", "@id": "way/103240274", "access": null, "addr:city": null, "addr:state": null, "bridge": null, "bridge:movable": null, "covered": null, "crossing:barrier": null, "electrified": "no", "embankment": null, "fixme": null, "gauge": "1435", "highspeed": null, "layer": null, "length": null, "maxspeed": "79 mph", "name": "UP Houston Subdivision", "name_1": null, "note": null, "note:old_railway_operator": "H&TC", "old_railway_operator": "SP", "operator": "Union Pacific Railroad", "operator:wikidata": "Q725793", "owner": "Union Pacific Railroad", "railway": "rail", "railway:atc": null, "railway:freight": null, "railway:ptc": "yes", "railway:ref": null, "railway:track_class": "5", "railway:track_ref": null, "ref": null, "reporting_marks": null, "service": "none", "source": "Texas Department of Transportation", "spur": null, "start_date": null, "tiger:cfcc": null, "tiger:county": null, "tiger:name_base": null, "tiger:name_base_1": null, "tiger:name_base_2": null, "tiger:reviewed": null, "tiger:zip_left": null, "tiger:zip_right": null, "tracks": null, "tunnel": null, "usage": "main", "maxspeed_mph": 79.0 }, "geometry": { "type": "LineString", "coordinates": [ [ -95.4237887, 29.7770017 ], [ -95.4230756, 29.7767192 ], [ -95.4222128, 29.7763888 ], [ -95.4214239, 29.7761035 ], [ -95.420732, 29.7758559 ], [ -95.4200653, 29.7756229 ], [ -95.41945, 29.7754113 ], [ -95.4187445, 29.7751754 ], [ -95.4181548, 29.7749838 ], [ -95.4180966, 29.7749649 ], [ -95.4179277, 29.7749126 ], [ -95.4178527, 29.7748894 ], [ -95.4172805, 29.7747124 ], [ -95.4165146, 29.7744874 ], [ -95.4162501, 29.7744097 ], [ -95.4150133, 29.7740696 ], [ -95.4137205, 29.7737349 ], [ -95.4125942, 29.7734656 ], [ -95.4125459, 29.773456 ], [ -95.4119809, 29.773339 ], [ -95.4113688, 29.7732175 ], [ -95.4107267, 29.7730942 ], [ -95.4106331, 29.7730762 ], [ -95.4105518, 29.773062 ], [ -95.4104222, 29.7730393 ], [ -95.4100703, 29.7729778 ], [ -95.409617, 29.7729022 ], [ -95.4095315, 29.7728879 ], [ -95.4094285, 29.7728701 ], [ -95.4089486, 29.7727872 ], [ -95.4084212, 29.7726989 ], [ -95.4083732, 29.7726925 ], [ -95.4079238, 29.7726272 ], [ -95.4072827, 29.7725316 ], [ -95.4065993, 29.7724407 ], [ -95.4062102, 29.7723936 ], [ -95.4061561, 29.7723871 ], [ -95.4061086, 29.772382 ], [ -95.4040619, 29.7721548 ], [ -95.4022659, 29.7719661 ], [ -95.4016293, 29.7718991 ], [ -95.4004912, 29.7717778 ], [ -95.3987269, 29.7715884 ], [ -95.3986986, 29.7715854 ] ] } },
{ "type": "Feature", "properties": { "id": "way/103242299", "@id": "way/103242299", "access": null, "addr:city": null, "addr:state": null, "bridge": null, "bridge:movable": null, "covered": null, "crossing:barrier": null, "electrified": "no", "embankment": null, "fixme": null, "gauge": "1435", "highspeed": null, "layer": null, "length": null, "maxspeed": "20 mph", "name": "UP Houston West Belt Subdivision", "name_1": null, "note": "was leased to HB&T", "note:old_railway_operator": null, "old_railway_operator": "AT&SF", "operator": "Union Pacific Railroad", "operator:wikidata": "Q725793", "owner": null, "railway": "rail", "railway:atc": null, "railway:freight": null, "railway:ptc": "yes", "railway:ref": null, "railway:track_class": "2", "railway:track_ref": null, "ref": null, "reporting_marks": null, "service": "none", "source": "Texas Department of Transportation", "spur": null, "start_date": null, "tiger:cfcc": null, "tiger:county": null, "tiger:name_base": null, "tiger:name_base_1": null, "tiger:name_base_2": null, "tiger:reviewed": null, "tiger:zip_left": null, "tiger:zip_right": null, "tracks": null, "tunnel": null, "usage": "main", "maxspeed_mph": 20.0 }, "geometry": { "type": "LineString", "coordinates": [ [ -95.3330914, 29.7149784 ], [ -95.3330338, 29.7148116 ] ] } },
{ "type": "Feature", "properties": { "id": "way/103242300", "@id": "way/103242300", "access": null, "addr:city": null, "addr:state": null, "bridge": null, "bridge:movable": null, "covered": null, "crossing:barrier": null, "electrified": "no", "embankment": null, "fixme": null, "gauge": "1435", "highspeed": null, "layer": null, "length": null, "maxspeed": "20 mph", "name": "UP Houston East Belt Subdivision", "name_1": null, "note": null, "note:old_railway_operator": null, "old_railway_operator": "HB&T", "operator": "Union Pacific Railroad", "operator:wikidata": "Q725793", "owner": "HB&T", "railway": "rail", "railway:atc": null, "railway:freight": null, "railway:ptc": "yes", "railway:ref": null, "railway:track_class": "2", "railway:track_ref": null, "ref": null, "reporting_marks": null, "service": "none", "source": "Texas Department of Transportation", "spur": null, "start_date": null, "tiger:cfcc": null, "tiger:county": null, "tiger:name_base": null, "tiger:name_base_1": null, "tiger:name_base_2": null, "tiger:reviewed": null, "tiger:zip_left": null, "tiger:zip_right": null, "tracks": null, "tunnel": null, "usage": "main", "maxspeed_mph": 20.0 }, "geometry": { "type": "LineString", "coordinates": [ [ -95.3484879, 29.8197689 ], [ -95.3495557, 29.8197576 ] ] } },
{ "type": "Feature", "properties": { "id": "way/103242305", "@id": "way/103242305", "access": null, "addr:city": null, "addr:state": null, "bridge": null, "bridge:movable": null, "covered": null, "crossing:barrier": null, "electrified": "no", "embankment": null, "fixme": null, "gauge": "1435", "highspeed": null, "layer": null, "length": null, "maxspeed": "20 mph", "name": "UP Houston East Belt Subdivision", "name_1": null, "note": null, "note:old_railway_operator": null, "old_railway_operator": "HB&T", "operator": "Union Pacific Railroad", "operator:wikidata": "Q725793", "owner": "HB&T", "railway": "rail", "railway:atc": null, "railway:freight": null, "railway:ptc": "yes", "railway:ref": null, "railway:track_class": "2", "railway:track_ref": null, "ref": null, "reporting_marks": null, "service": "none", "source": "Texas Department of Transportation", "spur": null, "start_date": null, "tiger:cfcc": null, "tiger:county": null, "tiger:name_base": null, "tiger:name_base_1": null, "tiger:name_base_2": null, "tiger:reviewed": null, "tiger:zip_left": null, "tiger:zip_right": null, "tracks": null, "tunnel": null, "usage": "main", "maxspeed_mph": 20.0 }, "geometry": { "type": "LineString", "coordinates": [ [ -95.2886842, 29.8045848 ], [ -95.288698, 29.8048481 ], [ -95.2887078, 29.8049354 ], [ -95.2887204, 29.8050284 ], [ -95.2887358, 29.8051113 ], [ -95.2887523, 29.8051901 ], [ -95.2887794, 29.8052896 ], [ -95.2888011, 29.805353 ], [ -95.2888304, 29.8054408 ], [ -95.28886, 29.8055182 ], [ -95.2889014, 29.8056154 ], [ -95.2889488, 29.8057154 ], [ -95.2890053, 29.8058228 ], [ -95.2890775, 29.8059429 ], [ -95.2891418, 29.806044 ], [ -95.2892171, 29.8061467 ], [ -95.2892917, 29.8062436 ], [ -95.2893809, 29.8063483 ], [ -95.2894792, 29.8064495 ], [ -95.2895564, 29.8065269 ], [ -95.2896643, 29.8066239 ], [ -95.2897694, 29.8067076 ], [ -95.2898817, 29.8067929 ], [ -95.2899946, 29.8068704 ], [ -95.2901226, 29.8069525 ], [ -95.2902471, 29.8070232 ], [ -95.2903638, 29.8070828 ], [ -95.290498, 29.8071469 ], [ -95.2906701, 29.8072189 ], [ -95.2908547, 29.8072867 ], [ -95.2913907, 29.8074708 ], [ -95.2915691, 29.8075347 ], [ -95.2924413, 29.8078486 ], [ -95.2944655, 29.808557 ], [ -95.2951451, 29.8087982 ], [ -95.2952372, 29.808831 ], [ -95.2971775, 29.8095117 ], [ -95.2979596, 29.8097862 ], [ -95.2997868, 29.8104315 ], [ -95.3010793, 29.8108844 ], [ -95.301469, 29.8110209 ], [ -95.3020866, 29.8112394 ], [ -95.3032487, 29.8116467 ], [ -95.3056423, 29.8124877 ], [ -95.3094333, 29.8138205 ], [ -95.3110005, 29.8143741 ], [ -95.3127552, 29.8149906 ], [ -95.3171679, 29.8165434 ], [ -95.3177679, 29.816755 ], [ -95.3181726, 29.8168969 ], [ -95.3190283, 29.8171944 ], [ -95.3213867, 29.8180243 ], [ -95.3235225, 29.8187738 ], [ -95.3247832, 29.8192174 ], [ -95.3256112, 29.8195086 ], [ -95.3261588, 29.8197017 ], [ -95.3263487, 29.8197657 ], [ -95.3264956, 29.8198124 ], [ -95.326624, 29.8198486 ], [ -95.3267965, 29.8198927 ], [ -95.3269327, 29.8199226 ], [ -95.3270854, 29.819952 ], [ -95.3272465, 29.8199778 ], [ -95.3273774, 29.8199942 ], [ -95.3275155, 29.8200088 ], [ -95.327684, 29.8200203 ], [ -95.327826, 29.8200275 ], [ -95.3280044, 29.8200299 ], [ -95.3281711, 29.820033 ], [ -95.3283357, 29.8200331 ], [ -95.3286005, 29.8200324 ] ] } },
{ "type": "Feature", "properties": { "id": "way/103242316", "@id": "way/103242316", "access": null, "addr:city": null, "addr:state": null, "bridge": null, "bridge:movable": null, "covered": null, "crossing:barrier": null, "electrified": "no", "embankment": null, "fixme": null, "gauge": "1435", "highspeed": null, "layer": null, "length": null, "maxspeed": "20 mph", "name": "UP Houston West Belt Subdivision", "name_1": null, "note": "was leased to HB&T", "note:old_railway_operator": null, "old_railway_operator": "AT&SF", "operator": "Union Pacific Railroad", "operator:wikidata": "Q725793", "owner": null, "railway": "rail", "railway:atc": null, "railway:freight": null, "railway:ptc": "yes", "railway:ref": null, "railway:track_class": "2", "railway:track_ref": null, "ref": null, "reporting_marks": null, "service": "none", "source": "Texas Department of Transportation", "spur": null, "start_date": null, "tiger:cfcc": null, "tiger:county": null, "tiger:name_base": null, "tiger:name_base_1": null, "tiger:name_base_2": null, "tiger:reviewed": null, "tiger:zip_left": null, "tiger:zip_right": null, "tracks": null, "tunnel": null, "usage": "main", "maxspeed_mph": 20.0 }, "geometry": { "type": "LineString", "coordinates": [ [ -95.327447, 29.6977842 ], [ -95.327263, 29.6972106 ], [ -95.3270784, 29.6965834 ], [ -95.3270632, 29.6965449 ], [ -95.3267949, 29.6956601 ], [ -95.326792, 29.6956505 ], [ -95.3267745, 29.6955931 ], [ -95.326761, 29.6955488 ], [ -95.3267446, 29.695495 ] ] } },
{ "type": "Feature", "properties": { "id": "way/103242317", "@id": "way/103242317", "access": null, "addr:city": null, "addr:state": null, "bridge": null, "bridge:movable": null, "covered": null, "crossing:barrier": null, "electrified": "no", "embankment": null, "fixme": null, "gauge": "1435", "highspeed": null, "layer": null, "length": null, "maxspeed": "20 mph", "name": "UP Houston West Belt Subdivision", "name_1": null, "note": null, "note:old_railway_operator": null, "old_railway_operator": "MP", "operator": "Union Pacific Railroad", "operator:wikidata": "Q725793", "owner": null, "railway": "rail", "railway:atc": null, "railway:freight": null, "railway:ptc": "yes", "railway:ref": null, "railway:track_class": "2", "railway:track_ref": null, "ref": null, "reporting_marks": null, "service": "none", "source": "Texas Department of Transportation", "spur": null, "start_date": null, "tiger:cfcc": null, "tiger:county": null, "tiger:name_base": null, "tiger:name_base_1": null, "tiger:name_base_2": null, "tiger:reviewed": null, "tiger:zip_left": null, "tiger:zip_right": null, "tracks": null, "tunnel": null, "usage": "main", "maxspeed_mph": 20.0 }, "geometry": { "type": "LineString", "coordinates": [ [ -95.351542, 29.8174012 ], [ -95.3518579, 29.8186974 ], [ -95.3519477, 29.8190292 ], [ -95.3521239, 29.8197369 ], [ -95.3524514, 29.8208878 ], [ -95.3524764, 29.8209826 ], [ -95.3526911, 29.8217973 ], [ -95.353248, 29.8240936 ], [ -95.3534229, 29.8248316 ] ] } },
{ "type": "Feature", "properties": { "id": "way/103242319", "@id": "way/103242319", "access": null, "addr:city": null, "addr:state": null, "bridge": null, "bridge:movable": null, "covered": null, "crossing:barrier": null, "electrified": null, "embankment": null, "fixme": null, "gauge": "1435", "highspeed": null, "layer": null, "length": null, "maxspeed": null, "name": null, "name_1": null, "note": null, "note:old_railway_operator": null, "old_railway_operator": null, "operator": "Union Pacific Railroad", "operator:wikidata": "Q725793", "owner": null, "railway": "rail", "railway:atc": null, "railway:freight": null, "railway:ptc": null, "railway:ref": null, "railway:track_class": null, "railway:track_ref": null, "ref": null, "reporting_marks": null, "service": "none", "source": null, "spur": null, "start_date": null, "tiger:cfcc": null, "tiger:county": null, "tiger:name_base": null, "tiger:name_base_1": null, "tiger:name_base_2": null, "tiger:reviewed": null, "tiger:zip_left": null, "tiger:zip_right": null, "tracks": null, "tunnel": null, "usage": "main", "maxspeed_mph": 0.0 }, "geometry": { "type": "LineString", "coordinates": [ [ -95.3498449, 29.7732506 ], [ -95.3497037, 29.7733167 ], [ -95.3496495, 29.7733385 ], [ -95.348358, 29.7738999 ] ] } },
{ "type": "Feature", "properties": { "id": "way/103242321", "@id": "way/103242321", "access": null, "addr:city": null, "addr:state": null, "bridge": null, "bridge:movable": null, "covered": null, "crossing:barrier": null, "electrified": "no", "embankment": null, "fixme": null, "gauge": "1435", "highspeed": null, "layer": null, "length": null, "maxspeed": "20 mph", "name": "UP Houston East Belt Subdivision", "name_1": null, "note": null, "note:old_railway_operator": null, "old_railway_operator": "HB&T", "operator": "Union Pacific Railroad", "operator:wikidata": "Q725793", "owner": "HB&T", "railway": "rail", "railway:atc": null, "railway:freight": null, "railway:ptc": "yes", "railway:ref": null, "railway:track_class": "2", "railway:track_ref": null, "ref": null, "reporting_marks": null, "service": "none", "source": "Texas Department of Transportation", "spur": null, "start_date": null, "tiger:cfcc": null, "tiger:county": null, "tiger:name_base": null, "tiger:name_base_1": null, "tiger:name_base_2": null, "tiger:reviewed": null, "tiger:zip_left": null, "tiger:zip_right": null, "tracks": null, "tunnel": null, "usage": "main", "maxspeed_mph": 20.0 }, "geometry": { "type": "LineString", "coordinates": [ [ -95.3307314, 29.8199705 ], [ -95.3309489, 29.819967 ], [ -95.3320648, 29.819956 ], [ -95.3340739, 29.8199298 ], [ -95.3354233, 29.8199164 ], [ -95.3359896, 29.8199108 ], [ -95.3372889, 29.8198968 ], [ -95.3387753, 29.8198804 ], [ -95.3408362, 29.8198545 ], [ -95.3423383, 29.8198382 ] ] } },
{ "type": "Feature", "properties": { "id": "way/103242324", "@id": "way/103242324", "access": null, "addr:city": null, "addr:state": null, "bridge": null, "bridge:movable": null, "covered": null, "crossing:barrier": null, "electrified": "no", "embankment": null, "fixme": null, "gauge": "1435", "highspeed": null, "layer": null, "length": null, "maxspeed": "20 mph", "name": "UP Houston West Belt Subdivision", "name_1": null, "note": "was leased to HB&T", "note:old_railway_operator": null, "old_railway_operator": "AT&SF", "operator": "Union Pacific Railroad", "operator:wikidata": "Q725793", "owner": null, "railway": "rail", "railway:atc": null, "railway:freight": null, "railway:ptc": "yes", "railway:ref": null, "railway:track_class": "2", "railway:track_ref": null, "ref": null, "reporting_marks": null, "service": "none", "source": "Texas Department of Transportation", "spur": null, "start_date": null, "tiger:cfcc": null, "tiger:county": null, "tiger:name_base": null, "tiger:name_base_1": null, "tiger:name_base_2": null, "tiger:reviewed": null, "tiger:zip_left": null, "tiger:zip_right": null, "tracks": null, "tunnel": null, "usage": "main", "maxspeed_mph": 20.0 }, "geometry": { "type": "LineString", "coordinates": [ [ -95.3319716, 29.7112599 ], [ -95.3316236, 29.7102091 ] ] } },
{ "type": "Feature", "properties": { "id": "way/103242338", "@id": "way/103242338", "access": null, "addr:city": null, "addr:state": null, "bridge": null, "bridge:movable": null, "covered": null, "crossing:barrier": null, "electrified": "no", "embankment": null, "fixme": null, "gauge": "1435", "highspeed": null, "layer": null, "length": null, "maxspeed": "20 mph", "name": "UP Houston East Belt Subdivision", "name_1": null, "note": null, "note:old_railway_operator": null, "old_railway_operator": "HB&T", "operator": "Union Pacific Railroad", "operator:wikidata": "Q725793", "owner": "HB&T", "railway": "rail", "railway:atc": null, "railway:freight": null, "railway:ptc": "yes", "railway:ref": null, "railway:track_class": "2", "railway:track_ref": null, "ref": null, "reporting_marks": null, "service": "none", "source": "Texas Department of Transportation", "spur": null, "start_date": null, "tiger:cfcc": null, "tiger:county": null, "tiger:name_base": null, "tiger:name_base_1": null, "tiger:name_base_2": null, "tiger:reviewed": null, "tiger:zip_left": null, "tiger:zip_right": null, "tracks": null, "tunnel": null, "usage": "main", "maxspeed_mph": 20.0 }, "geometry": { "type": "LineString", "coordinates": [ [ -95.3469412, 29.8198297 ], [ -95.3468018, 29.8198309 ], [ -95.3459628, 29.8198385 ], [ -95.344717, 29.8198512 ], [ -95.3426668, 29.819873 ] ] } },
{ "type": "Feature", "properties": { "id": "way/103242341", "@id": "way/103242341", "access": null, "addr:city": null, "addr:state": null, "bridge": null, "bridge:movable": null, "covered": null, "crossing:barrier": null, "electrified": "no", "embankment": null, "fixme": null, "gauge": "1435", "highspeed": null, "layer": null, "length": null, "maxspeed": "20 mph", "name": "UP Houston East Belt Subdivision", "name_1": null, "note": null, "note:old_railway_operator": null, "old_railway_operator": "HB&T", "operator": "Union Pacific Railroad", "operator:wikidata": "Q725793", "owner": "HB&T", "railway": "rail", "railway:atc": null, "railway:freight": null, "railway:ptc": "yes", "railway:ref": null, "railway:track_class": "2", "railway:track_ref": null, "ref": null, "reporting_marks": null, "service": "none", "source": "Texas Department of Transportation", "spur": null, "start_date": null, "tiger:cfcc": null, "tiger:county": null, "tiger:name_base": null, "tiger:name_base_1": null, "tiger:name_base_2": null, "tiger:reviewed": null, "tiger:zip_left": null, "tiger:zip_right": null, "tracks": null, "tunnel": null, "usage": "main", "maxspeed_mph": 20.0 }, "geometry": { "type": "LineString", "coordinates": [ [ -95.2886869, 29.8030743 ], [ -95.2887053, 29.8035897 ], [ -95.2887267, 29.803964 ], [ -95.2887371, 29.8041297 ], [ -95.2887533, 29.8043157 ], [ -95.2887746, 29.8044735 ], [ -95.2887972, 29.8045827 ], [ -95.2888275, 29.8047064 ], [ -95.2888595, 29.8048384 ], [ -95.2888844, 29.8049168 ], [ -95.2889051, 29.804982 ], [ -95.2889616, 29.8051301 ], [ -95.2890066, 29.8052415 ], [ -95.2890618, 29.8053636 ], [ -95.2891219, 29.8054802 ], [ -95.2891805, 29.8055912 ], [ -95.2892414, 29.8056945 ], [ -95.2893142, 29.8058093 ], [ -95.2893841, 29.8059081 ], [ -95.2894729, 29.80603 ], [ -95.2895584, 29.8061364 ], [ -95.2896582, 29.8062526 ], [ -95.2897642, 29.8063655 ], [ -95.289865, 29.806463 ], [ -95.2899932, 29.8065817 ], [ -95.2900974, 29.8066708 ], [ -95.2902205, 29.8067701 ], [ -95.2903449, 29.8068624 ], [ -95.2904766, 29.8069524 ], [ -95.2905901, 29.8070266 ], [ -95.290711, 29.8070978 ], [ -95.2908295, 29.8071659 ], [ -95.2909616, 29.8072332 ], [ -95.2911192, 29.8073096 ], [ -95.2912458, 29.807365 ], [ -95.2914335, 29.8074406 ], [ -95.2915519, 29.8074852 ], [ -95.2917882, 29.8075728 ], [ -95.292281, 29.8077475 ], [ -95.2933561, 29.8081254 ], [ -95.2936168, 29.8082161 ], [ -95.2954618, 29.8088643 ], [ -95.2963653, 29.8091807 ], [ -95.2975607, 29.8096067 ], [ -95.2986184, 29.8099765 ], [ -95.3021044, 29.811198 ], [ -95.3032903, 29.8116139 ], [ -95.3056655, 29.812457 ], [ -95.3094489, 29.8137854 ], [ -95.3113497, 29.8144561 ], [ -95.3127711, 29.814954 ], [ -95.3139723, 29.8153793 ], [ -95.3171829, 29.8165064 ], [ -95.3190851, 29.8171723 ], [ -95.321412, 29.8179906 ], [ -95.3235385, 29.8187378 ], [ -95.3240103, 29.8189015 ], [ -95.3242351, 29.8189766 ], [ -95.3244664, 29.819051 ], [ -95.3246598, 29.819112 ], [ -95.324888, 29.8191778 ], [ -95.3251719, 29.8192581 ], [ -95.3254166, 29.8193242 ], [ -95.3256751, 29.8193886 ], [ -95.3260034, 29.8194684 ], [ -95.3263507, 29.8195501 ], [ -95.3267896, 29.8196506 ], [ -95.3269507, 29.8196835 ], [ -95.3271038, 29.819711 ], [ -95.3271936, 29.8197253 ], [ -95.3273183, 29.8197424 ], [ -95.3275336, 29.8197695 ], [ -95.3280397, 29.8198275 ], [ -95.328221, 29.8198492 ], [ -95.3284109, 29.8198695 ], [ -95.3286736, 29.8198959 ], [ -95.3290903, 29.8199312 ], [ -95.3293217, 29.8199459 ], [ -95.3295895, 29.8199614 ], [ -95.3297885, 29.8199691 ], [ -95.3300401, 29.8199747 ], [ -95.3302585, 29.8199761 ], [ -95.3307314, 29.8199705 ] ] } },
{ "type": "Feature", "properties": { "id": "way/103242343", "@id": "way/103242343", "access": null, "addr:city": null, "addr:state": null, "bridge": null, "bridge:movable": null, "covered": null, "crossing:barrier": null, "electrified": "no", "embankment": null, "fixme": null, "gauge": "1435", "highspeed": null, "layer": null, "length": null, "maxspeed": "20 mph", "name": "UP Houston East Belt Subdivision", "name_1": null, "note": null, "note:old_railway_operator": null, "old_railway_operator": "HB&T", "operator": "Union Pacific Railroad", "operator:wikidata": "Q725793", "owner": "HB&T", "railway": "rail", "railway:atc": null, "railway:freight": null, "railway:ptc": "yes", "railway:ref": null, "railway:track_class": "2", "railway:track_ref": null, "ref": null, "reporting_marks": null, "service": "none", "source": "Texas Department of Transportation", "spur": null, "start_date": null, "tiger:cfcc": null, "tiger:county": null, "tiger:name_base": null, "tiger:name_base_1": null, "tiger:name_base_2": null, "tiger:reviewed": null, "tiger:zip_left": null, "tiger:zip_right": null, "tracks": null, "tunnel": null, "usage": "main", "maxspeed_mph": 20.0 }, "geometry": { "type": "LineString", "coordinates": [ [ -95.3286005, 29.8200324 ], [ -95.3297858, 29.8200229 ], [ -95.3310014, 29.8200072 ], [ -95.3319156, 29.819998 ], [ -95.33207, 29.8199977 ], [ -95.3334803, 29.8199798 ], [ -95.3347334, 29.8199657 ], [ -95.3354064, 29.8199583 ], [ -95.3360028, 29.8199517 ], [ -95.3392427, 29.8199134 ], [ -95.3409967, 29.8198914 ], [ -95.3423383, 29.8198766 ] ] } },
{ "type": "Feature", "properties": { "id": "way/103631546", "@id": "way/103631546", "access": null, "addr:city": null, "addr:state": null, "bridge": null, "bridge:movable": null, "covered": null, "crossing:barrier": null, "electrified": "no", "embankment": null, "fixme": null, "gauge": "1435", "highspeed": null, "layer": null, "length": null, "maxspeed": "40 mph", "name": "UP Eureka Subdivision", "name_1": null, "note": null, "note:old_railway_operator": "H&TC", "old_railway_operator": "SP", "operator": "Union Pacific Railroad", "operator:wikidata": "Q725793", "owner": null, "railway": "rail", "railway:atc": null, "railway:freight": null, "railway:ptc": "yes", "railway:ref": null, "railway:track_class": "3", "railway:track_ref": null, "ref": null, "reporting_marks": null, "service": "none", "source": "Texas Department of Transportation", "spur": null, "start_date": null, "tiger:cfcc": "B11", "tiger:county": "Grimes, TX:Harris, TX:Waller, TX", "tiger:name_base": "Railroad:Southern Pacific Railroad", "tiger:name_base_1": null, "tiger:name_base_2": null, "tiger:reviewed": null, "tiger:zip_left": null, "tiger:zip_right": null, "tracks": null, "tunnel": null, "usage": "main", "maxspeed_mph": 40.0 }, "geometry": { "type": "LineString", "coordinates": [ [ -95.5414827, 29.8594281 ], [ -95.5385108, 29.8573105 ], [ -95.5380528, 29.8569855 ], [ -95.5321003, 29.8527612 ], [ -95.5318073, 29.8525523 ], [ -95.5291558, 29.8506622 ], [ -95.5290965, 29.8506199 ], [ -95.5289548, 29.8505302 ], [ -95.5288998, 29.8504906 ], [ -95.5274377, 29.8494374 ], [ -95.5243125, 29.8472309 ], [ -95.5241311, 29.847106 ], [ -95.5230352, 29.8463223 ], [ -95.5221055, 29.8456569 ], [ -95.5159718, 29.8412988 ], [ -95.5153094, 29.8408281 ], [ -95.5139095, 29.8398334 ], [ -95.50516, 29.8336079 ], [ -95.5051017, 29.8335664 ], [ -95.5049627, 29.8334668 ], [ -95.5049107, 29.8334298 ], [ -95.4954612, 29.8267046 ], [ -95.4939864, 29.8256029 ], [ -95.4938618, 29.8255166 ], [ -95.4910803, 29.8235908 ] ] } },
{ "type": "Feature", "properties": { "id": "way/103631552", "@id": "way/103631552", "access": null, "addr:city": null, "addr:state": null, "bridge": "yes", "bridge:movable": null, "covered": null, "crossing:barrier": null, "electrified": "no", "embankment": null, "fixme": null, "gauge": "1435", "highspeed": null, "layer": "1", "length": null, "maxspeed": "40 mph", "name": "UP Eureka Subdivision", "name_1": null, "note": null, "note:old_railway_operator": "H&TC", "old_railway_operator": "SP", "operator": "Union Pacific Railroad", "operator:wikidata": "Q725793", "owner": null, "railway": "rail", "railway:atc": null, "railway:freight": null, "railway:ptc": "yes", "railway:ref": null, "railway:track_class": "3", "railway:track_ref": null, "ref": null, "reporting_marks": null, "service": "none", "source": "Texas Department of Transportation", "spur": null, "start_date": null, "tiger:cfcc": null, "tiger:county": null, "tiger:name_base": null, "tiger:name_base_1": null, "tiger:name_base_2": null, "tiger:reviewed": null, "tiger:zip_left": null, "tiger:zip_right": null, "tracks": null, "tunnel": null, "usage": "main", "maxspeed_mph": 40.0 }, "geometry": { "type": "LineString", "coordinates": [ [ -95.564197, 29.8754504 ], [ -95.5633521, 29.8748521 ] ] } },
{ "type": "Feature", "properties": { "id": "way/125437678", "@id": "way/125437678", "access": null, "addr:city": null, "addr:state": null, "bridge": "yes", "bridge:movable": null, "covered": null, "crossing:barrier": null, "electrified": "no", "embankment": null, "fixme": null, "gauge": "1435", "highspeed": null, "layer": "1", "length": null, "maxspeed": "79 mph", "name": "UP Glidden Subdivision", "name_1": null, "note": null, "note:old_railway_operator": null, "old_railway_operator": "SP", "operator": "Union Pacific Railroad", "operator:wikidata": "Q725793", "owner": "Union Pacific Railroad", "railway": "rail", "railway:atc": null, "railway:freight": null, "railway:ptc": "yes", "railway:ref": null, "railway:track_class": "5", "railway:track_ref": "2", "ref": null, "reporting_marks": null, "service": "none", "source": "Texas Department of Transportation", "spur": null, "start_date": null, "tiger:cfcc": "B11", "tiger:county": "Fort Bend, TX", "tiger:name_base": null, "tiger:name_base_1": null, "tiger:name_base_2": null, "tiger:reviewed": null, "tiger:zip_left": null, "tiger:zip_right": null, "tracks": null, "tunnel": null, "usage": "main", "maxspeed_mph": 79.0 }, "geometry": { "type": "LineString", "coordinates": [ [ -95.6342465, 29.6204981 ], [ -95.6338199, 29.6205848 ] ] } },
{ "type": "Feature", "properties": { "id": "way/125437681", "@id": "way/125437681", "access": null, "addr:city": null, "addr:state": null, "bridge": null, "bridge:movable": null, "covered": null, "crossing:barrier": null, "electrified": "no", "embankment": null, "fixme": null, "gauge": "1435", "highspeed": null, "layer": null, "length": null, "maxspeed": "79 mph", "name": "UP Glidden Subdivision", "name_1": null, "note": null, "note:old_railway_operator": null, "old_railway_operator": "SP", "operator": "Union Pacific Railroad", "operator:wikidata": "Q725793", "owner": "Union Pacific Railroad", "railway": "rail", "railway:atc": null, "railway:freight": null, "railway:ptc": "yes", "railway:ref": null, "railway:track_class": "5", "railway:track_ref": "2", "ref": null, "reporting_marks": null, "service": "none", "source": "Texas Department of Transportation", "spur": null, "start_date": null, "tiger:cfcc": "B11", "tiger:county": "Fort Bend, TX", "tiger:name_base": null, "tiger:name_base_1": null, "tiger:name_base_2": null, "tiger:reviewed": null, "tiger:zip_left": null, "tiger:zip_right": null, "tracks": null, "tunnel": null, "usage": "main", "maxspeed_mph": 79.0 }, "geometry": { "type": "LineString", "coordinates": [ [ -95.6338199, 29.6205848 ], [ -95.6335191, 29.6206424 ], [ -95.6332867, 29.6206868 ], [ -95.6331735, 29.6207075 ], [ -95.6321437, 29.6209132 ], [ -95.6300242, 29.6213357 ], [ -95.6298244, 29.6213733 ], [ -95.6189318, 29.6235353 ], [ -95.6187933, 29.6235613 ], [ -95.6138577, 29.6245411 ], [ -95.6101781, 29.6252729 ], [ -95.6100188, 29.6253037 ], [ -95.6096499, 29.6253764 ], [ -95.605981, 29.6260995 ], [ -95.6058536, 29.6261263 ], [ -95.6032359, 29.6266499 ], [ -95.6031847, 29.6266601 ], [ -95.6030514, 29.6266876 ], [ -95.6028462, 29.6267288 ], [ -95.6027025, 29.626757 ], [ -95.6022409, 29.6268481 ], [ -95.6020988, 29.6268762 ], [ -95.597894, 29.6277062 ], [ -95.5977687, 29.6277309 ], [ -95.5943224, 29.6284113 ], [ -95.5936496, 29.6285441 ] ] } },
{ "type": "Feature", "properties": { "id": "way/126140282", "@id": "way/126140282", "access": null, "addr:city": null, "addr:state": null, "bridge": null, "bridge:movable": null, "covered": null, "crossing:barrier": null, "electrified": "no", "embankment": null, "fixme": null, "gauge": "1435", "highspeed": null, "layer": null, "length": null, "maxspeed": "40 mph", "name": "UP Eureka Subdivision", "name_1": null, "note": null, "note:old_railway_operator": "H&TC", "old_railway_operator": "SP", "operator": "Union Pacific Railroad", "operator:wikidata": "Q725793", "owner": null, "railway": "rail", "railway:atc": null, "railway:freight": null, "railway:ptc": "yes", "railway:ref": null, "railway:track_class": "3", "railway:track_ref": null, "ref": null, "reporting_marks": null, "service": "none", "source": "Texas Department of Transportation", "spur": null, "start_date": null, "tiger:cfcc": "B11", "tiger:county": "Grimes, TX:Harris, TX:Waller, TX", "tiger:name_base": "Railroad:Southern Pacific Railroad", "tiger:name_base_1": null, "tiger:name_base_2": null, "tiger:reviewed": null, "tiger:zip_left": null, "tiger:zip_right": null, "tracks": null, "tunnel": null, "usage": "main", "maxspeed_mph": 40.0 }, "geometry": { "type": "LineString", "coordinates": [ [ -95.7276807, 29.9825265 ], [ -95.717398, 29.9786509 ], [ -95.7172145, 29.9785817 ], [ -95.713745, 29.977274 ], [ -95.7107916, 29.9761568 ], [ -95.707205, 29.9748 ], [ -95.705795, 29.974211 ], [ -95.705274, 29.973966 ], [ -95.704821, 29.973724 ], [ -95.704458, 29.973515 ], [ -95.704094, 29.973296 ], [ -95.7039099, 29.9731621 ], [ -95.702474, 29.972195 ], [ -95.701283, 29.971367 ], [ -95.7011317, 29.9712548 ], [ -95.69887, 29.9696903 ], [ -95.697519, 29.968742 ], [ -95.697211, 29.96852 ], [ -95.6950723, 29.9670645 ], [ -95.6934815, 29.9659607 ], [ -95.689099, 29.9629209 ], [ -95.6871662, 29.9615943 ], [ -95.685598, 29.960518 ], [ -95.6843842, 29.9596609 ], [ -95.6840318, 29.9594166 ] ] } },
{ "type": "Feature", "properties": { "id": "way/126499502", "@id": "way/126499502", "access": null, "addr:city": null, "addr:state": null, "bridge": "yes", "bridge:movable": null, "covered": null, "crossing:barrier": null, "electrified": "no", "embankment": null, "fixme": null, "gauge": "1435", "highspeed": null, "layer": "1", "length": null, "maxspeed": "40 mph", "name": "UP Eureka Subdivision", "name_1": null, "note": null, "note:old_railway_operator": "H&TC", "old_railway_operator": "SP", "operator": "Union Pacific Railroad", "operator:wikidata": "Q725793", "owner": null, "railway": "rail", "railway:atc": null, "railway:freight": null, "railway:ptc": "yes", "railway:ref": null, "railway:track_class": "3", "railway:track_ref": null, "ref": null, "reporting_marks": null, "service": "none", "source": "Texas Department of Transportation", "spur": null, "start_date": null, "tiger:cfcc": "B11", "tiger:county": "Grimes, TX:Harris, TX:Waller, TX", "tiger:name_base": "Railroad:Southern Pacific Railroad", "tiger:name_base_1": null, "tiger:name_base_2": null, "tiger:reviewed": null, "tiger:zip_left": null, "tiger:zip_right": null, "tracks": null, "tunnel": null, "usage": "main", "maxspeed_mph": 40.0 }, "geometry": { "type": "LineString", "coordinates": [ [ -95.5815132, 29.8876274 ], [ -95.5813836, 29.8875363 ] ] } },
{ "type": "Feature", "properties": { "id": "way/126499503", "@id": "way/126499503", "access": null, "addr:city": null, "addr:state": null, "bridge": "yes", "bridge:movable": null, "covered": null, "crossing:barrier": null, "electrified": "no", "embankment": null, "fixme": null, "gauge": "1435", "highspeed": null, "layer": "1", "length": null, "maxspeed": "40 mph", "name": "UP Eureka Subdivision", "name_1": null, "note": null, "note:old_railway_operator": "H&TC", "old_railway_operator": "SP", "operator": "Union Pacific Railroad", "operator:wikidata": "Q725793", "owner": null, "railway": "rail", "railway:atc": null, "railway:freight": null, "railway:ptc": "yes", "railway:ref": null, "railway:track_class": "3", "railway:track_ref": null, "ref": null, "reporting_marks": null, "service": "none", "source": "Texas Department of Transportation", "spur": null, "start_date": null, "tiger:cfcc": "B11", "tiger:county": "Grimes, TX:Harris, TX:Waller, TX", "tiger:name_base": "Railroad:Southern Pacific Railroad", "tiger:name_base_1": null, "tiger:name_base_2": null, "tiger:reviewed": null, "tiger:zip_left": null, "tiger:zip_right": null, "tracks": null, "tunnel": null, "usage": "main", "maxspeed_mph": 40.0 }, "geometry": { "type": "LineString", "coordinates": [ [ -95.5960976, 29.8979004 ], [ -95.5958646, 29.8977376 ] ] } },
{ "type": "Feature", "properties": { "id": "way/126499505", "@id": "way/126499505", "access": null, "addr:city": null, "addr:state": null, "bridge": "yes", "bridge:movable": null, "covered": null, "crossing:barrier": null, "electrified": "no", "embankment": null, "fixme": null, "gauge": "1435", "highspeed": null, "layer": "1", "length": null, "maxspeed": "40 mph", "name": "UP Eureka Subdivision", "name_1": null, "note": null, "note:old_railway_operator": "H&TC", "old_railway_operator": "SP", "operator": "Union Pacific Railroad", "operator:wikidata": "Q725793", "owner": null, "railway": "rail", "railway:atc": null, "railway:freight": null, "railway:ptc": "yes", "railway:ref": null, "railway:track_class": "3", "railway:track_ref": null, "ref": null, "reporting_marks": null, "service": "none", "source": "Texas Department of Transportation", "spur": null, "start_date": null, "tiger:cfcc": "B11", "tiger:county": "Grimes, TX:Harris, TX:Waller, TX", "tiger:name_base": "Railroad:Southern Pacific Railroad", "tiger:name_base_1": null, "tiger:name_base_2": null, "tiger:reviewed": "no", "tiger:zip_left": null, "tiger:zip_right": null, "tracks": null, "tunnel": null, "usage": "main", "maxspeed_mph": 40.0 }, "geometry": { "type": "LineString", "coordinates": [ [ -95.5701614, 29.8796447 ], [ -95.5696833, 29.8793033 ] ] } },
{ "type": "Feature", "properties": { "id": "way/126499512", "@id": "way/126499512", "access": null, "addr:city": null, "addr:state": null, "bridge": null, "bridge:movable": null, "covered": null, "crossing:barrier": null, "electrified": "no", "embankment": null, "fixme": null, "gauge": "1435", "highspeed": null, "layer": null, "length": null, "maxspeed": "40 mph", "name": "UP Eureka Subdivision", "name_1": null, "note": null, "note:old_railway_operator": "H&TC", "old_railway_operator": "SP", "operator": "Union Pacific Railroad", "operator:wikidata": "Q725793", "owner": null, "railway": "rail", "railway:atc": null, "railway:freight": null, "railway:ptc": "yes", "railway:ref": null, "railway:track_class": "3", "railway:track_ref": null, "ref": null, "reporting_marks": null, "service": "none", "source": "Texas Department of Transportation", "spur": null, "start_date": null, "tiger:cfcc": "B11", "tiger:county": "Grimes, TX:Harris, TX:Waller, TX", "tiger:name_base": "Railroad:Southern Pacific Railroad", "tiger:name_base_1": null, "tiger:name_base_2": null, "tiger:reviewed": "no", "tiger:zip_left": null, "tiger:zip_right": null, "tracks": null, "tunnel": null, "usage": "main", "maxspeed_mph": 40.0 }, "geometry": { "type": "LineString", "coordinates": [ [ -95.5696833, 29.8793033 ], [ -95.5675517, 29.8778049 ], [ -95.56599, 29.876722 ], [ -95.564197, 29.8754504 ] ] } },
{ "type": "Feature", "properties": { "id": "way/126499515", "@id": "way/126499515", "access": null, "addr:city": null, "addr:state": null, "bridge": null, "bridge:movable": null, "covered": null, "crossing:barrier": null, "electrified": "no", "embankment": null, "fixme": null, "gauge": "1435", "highspeed": null, "layer": null, "length": null, "maxspeed": "40 mph", "name": "UP Eureka Subdivision", "name_1": null, "note": null, "note:old_railway_operator": "H&TC", "old_railway_operator": "SP", "operator": "Union Pacific Railroad", "operator:wikidata": "Q725793", "owner": null, "railway": "rail", "railway:atc": null, "railway:freight": null, "railway:ptc": "yes", "railway:ref": null, "railway:track_class": "3", "railway:track_ref": null, "ref": null, "reporting_marks": null, "service": "none", "source": "Texas Department of Transportation", "spur": null, "start_date": null, "tiger:cfcc": "B11", "tiger:county": "Grimes, TX:Harris, TX:Waller, TX", "tiger:name_base": "Railroad:Southern Pacific Railroad", "tiger:name_base_1": null, "tiger:name_base_2": null, "tiger:reviewed": null, "tiger:zip_left": null, "tiger:zip_right": null, "tracks": null, "tunnel": null, "usage": "main", "maxspeed_mph": 40.0 }, "geometry": { "type": "LineString", "coordinates": [ [ -95.5958646, 29.8977376 ], [ -95.5953652, 29.8973886 ], [ -95.592674, 29.895508 ], [ -95.5901752, 29.8937393 ], [ -95.5899091, 29.8935509 ], [ -95.5898104, 29.893481 ], [ -95.589627, 29.8933516 ], [ -95.5851783, 29.8902129 ], [ -95.5850286, 29.8900988 ], [ -95.5815132, 29.8876274 ] ] } },
{ "type": "Feature", "properties": { "id": "way/126499518", "@id": "way/126499518", "access": null, "addr:city": null, "addr:state": null, "bridge": null, "bridge:movable": null, "covered": null, "crossing:barrier": null, "electrified": "no", "embankment": null, "fixme": null, "gauge": "1435", "highspeed": null, "layer": null, "length": null, "maxspeed": "40 mph", "name": "UP Eureka Subdivision", "name_1": null, "note": null, "note:old_railway_operator": "H&TC", "old_railway_operator": "SP", "operator": "Union Pacific Railroad", "operator:wikidata": "Q725793", "owner": null, "railway": "rail", "railway:atc": null, "railway:freight": null, "railway:ptc": "yes", "railway:ref": null, "railway:track_class": "3", "railway:track_ref": null, "ref": null, "reporting_marks": null, "service": "none", "source": "Texas Department of Transportation", "spur": null, "start_date": null, "tiger:cfcc": "B11", "tiger:county": "Grimes, TX:Harris, TX:Waller, TX", "tiger:name_base": "Railroad:Southern Pacific Railroad", "tiger:name_base_1": null, "tiger:name_base_2": null, "tiger:reviewed": null, "tiger:zip_left": null, "tiger:zip_right": null, "tracks": null, "tunnel": null, "usage": "main", "maxspeed_mph": 40.0 }, "geometry": { "type": "LineString", "coordinates": [ [ -95.5813836, 29.8875363 ], [ -95.579003, 29.885873 ], [ -95.5761789, 29.8838825 ], [ -95.574607, 29.882783 ], [ -95.5713396, 29.8804683 ], [ -95.571068, 29.880267 ], [ -95.570486, 29.879844 ], [ -95.5701614, 29.8796447 ] ] } },
{ "type": "Feature", "properties": { "id": "way/129144364", "@id": "way/129144364", "access": null, "addr:city": null, "addr:state": null, "bridge": null, "bridge:movable": null, "covered": null, "crossing:barrier": null, "electrified": "no", "embankment": null, "fixme": null, "gauge": "1435", "highspeed": null, "layer": null, "length": null, "maxspeed": "40 mph", "name": "BNSF Houston Subdivision", "name_1": null, "note": null, "note:old_railway_operator": null, "old_railway_operator": "CB&Q;CRI&P", "operator": "BNSF Railway", "operator:wikidata": "Q267122", "owner": null, "railway": "rail", "railway:atc": null, "railway:freight": null, "railway:ptc": "yes", "railway:ref": null, "railway:track_class": "3", "railway:track_ref": null, "ref": "492", "reporting_marks": "BNSF", "service": "none", "source": null, "spur": null, "start_date": null, "tiger:cfcc": null, "tiger:county": null, "tiger:name_base": "Burlington Northern Railroad:Chicago Rock Island and Pacifi:Houston Belt and Terminal Ry", "tiger:name_base_1": "Chicago Rock Island and Pacifi", "tiger:name_base_2": "Fort Worth and Denver Railway", "tiger:reviewed": null, "tiger:zip_left": null, "tiger:zip_right": null, "tracks": null, "tunnel": null, "usage": "main", "maxspeed_mph": 40.0 }, "geometry": { "type": "LineString", "coordinates": [ [ -95.4101628, 29.8190862 ], [ -95.4088234, 29.8190718 ], [ -95.4063413, 29.8191004 ], [ -95.4061679, 29.8191023 ], [ -95.404671, 29.8191162 ], [ -95.4039721, 29.8191215 ], [ -95.4034836, 29.819133 ], [ -95.4022784, 29.8191394 ], [ -95.4012809, 29.8191527 ], [ -95.399785, 29.8191733 ], [ -95.3996304, 29.8191754 ], [ -95.3995341, 29.8191767 ], [ -95.3994456, 29.8191783 ], [ -95.3985597, 29.8191947 ] ] } },
{ "type": "Feature", "properties": { "id": "way/129144429", "@id": "way/129144429", "access": null, "addr:city": null, "addr:state": null, "bridge": "yes", "bridge:movable": null, "covered": null, "crossing:barrier": null, "electrified": "no", "embankment": null, "fixme": null, "gauge": "1435", "highspeed": null, "layer": "1", "length": null, "maxspeed": "20 mph", "name": "BNSF Houston Subdivision", "name_1": null, "note": null, "note:old_railway_operator": null, "old_railway_operator": "CB&Q;CRI&P", "operator": "BNSF Railway", "operator:wikidata": "Q267122", "owner": null, "railway": "rail", "railway:atc": null, "railway:freight": null, "railway:ptc": "yes", "railway:ref": null, "railway:track_class": "3", "railway:track_ref": null, "ref": "492", "reporting_marks": "BNSF", "service": "none", "source": null, "spur": null, "start_date": null, "tiger:cfcc": null, "tiger:county": null, "tiger:name_base": "Burlington Northern Railroad:Chicago Rock Island and Pacifi:Houston Belt and Terminal Ry", "tiger:name_base_1": "Chicago Rock Island and Pacifi", "tiger:name_base_2": "Fort Worth and Denver Railway", "tiger:reviewed": null, "tiger:zip_left": null, "tiger:zip_right": null, "tracks": null, "tunnel": null, "usage": "main", "maxspeed_mph": 20.0 }, "geometry": { "type": "LineString", "coordinates": [ [ -95.3788339, 29.8194085 ], [ -95.378238, 29.819422 ] ] } },
{ "type": "Feature", "properties": { "id": "way/129144432", "@id": "way/129144432", "access": null, "addr:city": null, "addr:state": null, "bridge": null, "bridge:movable": null, "covered": null, "crossing:barrier": null, "electrified": "no", "embankment": null, "fixme": null, "gauge": "1435", "highspeed": null, "layer": null, "length": null, "maxspeed": "20 mph", "name": "BNSF Houston Subdivision", "name_1": null, "note": null, "note:old_railway_operator": null, "old_railway_operator": "CB&Q;CRI&P", "operator": "BNSF Railway", "operator:wikidata": "Q267122", "owner": null, "railway": "rail", "railway:atc": null, "railway:freight": null, "railway:ptc": "yes", "railway:ref": null, "railway:track_class": "3", "railway:track_ref": null, "ref": "492", "reporting_marks": "BNSF", "service": "none", "source": null, "spur": null, "start_date": null, "tiger:cfcc": null, "tiger:county": null, "tiger:name_base": "Burlington Northern Railroad:Chicago Rock Island and Pacifi:Houston Belt and Terminal Ry", "tiger:name_base_1": "Chicago Rock Island and Pacifi", "tiger:name_base_2": "Fort Worth and Denver Railway", "tiger:reviewed": null, "tiger:zip_left": null, "tiger:zip_right": null, "tracks": null, "tunnel": null, "usage": "main", "maxspeed_mph": 20.0 }, "geometry": { "type": "LineString", "coordinates": [ [ -95.378238, 29.819422 ], [ -95.3749176, 29.819459 ], [ -95.374871, 29.8194595 ], [ -95.3747816, 29.8194624 ], [ -95.3709273, 29.8195124 ], [ -95.3663627, 29.8195696 ], [ -95.3655635, 29.8195773 ], [ -95.3613235, 29.8196236 ], [ -95.3612566, 29.8196244 ], [ -95.3611036, 29.8196264 ], [ -95.3610263, 29.8196265 ], [ -95.3609735, 29.8196282 ], [ -95.357762, 29.819677 ], [ -95.355945, 29.8196906 ], [ -95.3550302, 29.8196975 ], [ -95.3548702, 29.8196987 ] ] } },
{ "type": "Feature", "properties": { "id": "way/129144435", "@id": "way/129144435", "access": null, "addr:city": null, "addr:state": null, "bridge": "yes", "bridge:movable": null, "covered": null, "crossing:barrier": null, "electrified": "no", "embankment": null, "fixme": null, "gauge": "1435", "highspeed": null, "layer": "1", "length": null, "maxspeed": "40 mph", "name": "BNSF Houston Subdivision", "name_1": null, "note": null, "note:old_railway_operator": null, "old_railway_operator": "CB&Q;CRI&P", "operator": "BNSF Railway", "operator:wikidata": "Q267122", "owner": null, "railway": "rail", "railway:atc": null, "railway:freight": null, "railway:ptc": "yes", "railway:ref": null, "railway:track_class": "3", "railway:track_ref": null, "ref": "492", "reporting_marks": "BNSF", "service": "none", "source": null, "spur": null, "start_date": null, "tiger:cfcc": null, "tiger:county": null, "tiger:name_base": "Burlington Northern Railroad:Chicago Rock Island and Pacifi:Houston Belt and Terminal Ry", "tiger:name_base_1": "Chicago Rock Island and Pacifi", "tiger:name_base_2": "Fort Worth and Denver Railway", "tiger:reviewed": null, "tiger:zip_left": null, "tiger:zip_right": null, "tracks": null, "tunnel": null, "usage": "main", "maxspeed_mph": 40.0 }, "geometry": { "type": "LineString", "coordinates": [ [ -95.4107351, 29.8190993 ], [ -95.4104617, 29.819093 ], [ -95.4101628, 29.8190862 ] ] } },
{ "type": "Feature", "properties": { "id": "way/129144442", "@id": "way/129144442", "access": null, "addr:city": null, "addr:state": null, "bridge": "yes", "bridge:movable": null, "covered": null, "crossing:barrier": null, "electrified": "no", "embankment": null, "fixme": null, "gauge": "1435", "highspeed": null, "layer": "1", "length": null, "maxspeed": "40 mph", "name": "BNSF Houston Subdivision", "name_1": null, "note": null, "note:old_railway_operator": null, "old_railway_operator": "CB&Q;CRI&P", "operator": "BNSF Railway", "operator:wikidata": "Q267122", "owner": null, "railway": "rail", "railway:atc": null, "railway:freight": null, "railway:ptc": "yes", "railway:ref": null, "railway:track_class": "3", "railway:track_ref": null, "ref": "492", "reporting_marks": "BNSF", "service": "none", "source": null, "spur": null, "start_date": null, "tiger:cfcc": null, "tiger:county": null, "tiger:name_base": "Burlington Northern Railroad:Chicago Rock Island and Pacifi:Houston Belt and Terminal Ry", "tiger:name_base_1": "Chicago Rock Island and Pacifi", "tiger:name_base_2": "Fort Worth and Denver Railway", "tiger:reviewed": null, "tiger:zip_left": null, "tiger:zip_right": null, "tracks": null, "tunnel": null, "usage": "main", "maxspeed_mph": 40.0 }, "geometry": { "type": "LineString", "coordinates": [ [ -95.4597516, 29.8271103 ], [ -95.459573, 29.8267512 ] ] } },
{ "type": "Feature", "properties": { "id": "way/129144469", "@id": "way/129144469", "access": null, "addr:city": null, "addr:state": null, "bridge": "yes", "bridge:movable": null, "covered": null, "crossing:barrier": null, "electrified": "no", "embankment": null, "fixme": null, "gauge": "1435", "highspeed": null, "layer": "1", "length": null, "maxspeed": "40 mph", "name": "BNSF Houston Subdivision", "name_1": null, "note": null, "note:old_railway_operator": null, "old_railway_operator": "CB&Q;CRI&P", "operator": "BNSF Railway", "operator:wikidata": "Q267122", "owner": null, "railway": "rail", "railway:atc": null, "railway:freight": null, "railway:ptc": "yes", "railway:ref": null, "railway:track_class": "3", "railway:track_ref": null, "ref": "492", "reporting_marks": "BNSF", "service": "none", "source": null, "spur": null, "start_date": null, "tiger:cfcc": null, "tiger:county": null, "tiger:name_base": "Burlington Northern Railroad:Chicago Rock Island and Pacifi:Houston Belt and Terminal Ry", "tiger:name_base_1": "Chicago Rock Island and Pacifi", "tiger:name_base_2": "Fort Worth and Denver Railway", "tiger:reviewed": null, "tiger:zip_left": null, "tiger:zip_right": null, "tracks": null, "tunnel": null, "usage": "main", "maxspeed_mph": 40.0 }, "geometry": { "type": "LineString", "coordinates": [ [ -95.4513582, 29.8199098 ], [ -95.4509954, 29.8198587 ], [ -95.450625, 29.8198399 ] ] } },
{ "type": "Feature", "properties": { "id": "way/129144484", "@id": "way/129144484", "access": null, "addr:city": null, "addr:state": null, "bridge": null, "bridge:movable": null, "covered": null, "crossing:barrier": null, "electrified": "no", "embankment": null, "fixme": null, "gauge": "1435", "highspeed": null, "layer": null, "length": null, "maxspeed": "40 mph", "name": "BNSF Houston Subdivision", "name_1": null, "note": null, "note:old_railway_operator": null, "old_railway_operator": "CB&Q;CRI&P", "operator": "BNSF Railway", "operator:wikidata": "Q267122", "owner": null, "railway": "rail", "railway:atc": null, "railway:freight": null, "railway:ptc": "yes", "railway:ref": null, "railway:track_class": "3", "railway:track_ref": null, "ref": "492", "reporting_marks": "BNSF", "service": "none", "source": null, "spur": null, "start_date": null, "tiger:cfcc": null, "tiger:county": null, "tiger:name_base": "Burlington Northern Railroad:Chicago Rock Island and Pacifi:Houston Belt and Terminal Ry", "tiger:name_base_1": "Chicago Rock Island and Pacifi", "tiger:name_base_2": "Fort Worth and Denver Railway", "tiger:reviewed": null, "tiger:zip_left": null, "tiger:zip_right": null, "tracks": null, "tunnel": null, "usage": "main", "maxspeed_mph": 40.0 }, "geometry": { "type": "LineString", "coordinates": [ [ -95.459573, 29.8267512 ], [ -95.4589966, 29.8257444 ], [ -95.458962, 29.825684 ], [ -95.4588548, 29.825495 ], [ -95.4588226, 29.8254382 ], [ -95.458136, 29.824228 ], [ -95.457818, 29.8237143 ], [ -95.4573577, 29.8231147 ], [ -95.45691, 29.822577 ], [ -95.4563567, 29.8220882 ], [ -95.4557637, 29.8216231 ], [ -95.4550989, 29.8211945 ], [ -95.4544898, 29.820848 ], [ -95.4537314, 29.8205193 ], [ -95.4529739, 29.8202578 ], [ -95.452192, 29.820055 ], [ -95.4513582, 29.8199098 ] ] } },
{ "type": "Feature", "properties": { "id": "way/129144495", "@id": "way/129144495", "access": null, "addr:city": null, "addr:state": null, "bridge": null, "bridge:movable": null, "covered": null, "crossing:barrier": null, "electrified": "no", "embankment": null, "fixme": null, "gauge": "1435", "highspeed": null, "layer": null, "length": null, "maxspeed": "40 mph", "name": "BNSF Houston Subdivision", "name_1": null, "note": null, "note:old_railway_operator": null, "old_railway_operator": "CB&Q;CRI&P", "operator": "BNSF Railway", "operator:wikidata": "Q267122", "owner": null, "railway": "rail", "railway:atc": null, "railway:freight": null, "railway:ptc": "yes", "railway:ref": null, "railway:track_class": "3", "railway:track_ref": null, "ref": "492", "reporting_marks": "BNSF", "service": "none", "source": null, "spur": null, "start_date": null, "tiger:cfcc": null, "tiger:county": null, "tiger:name_base": "Burlington Northern Railroad:Chicago Rock Island and Pacifi:Houston Belt and Terminal Ry", "tiger:name_base_1": "Chicago Rock Island and Pacifi", "tiger:name_base_2": "Fort Worth and Denver Railway", "tiger:reviewed": null, "tiger:zip_left": null, "tiger:zip_right": null, "tracks": null, "tunnel": null, "usage": "main", "maxspeed_mph": 40.0 }, "geometry": { "type": "LineString", "coordinates": [ [ -95.4700418, 29.8452961 ], [ -95.468707, 29.842976 ], [ -95.4685192, 29.8426407 ], [ -95.4683581, 29.8423209 ], [ -95.468337, 29.8422858 ], [ -95.4679521, 29.841628 ] ] } },
{ "type": "Feature", "properties": { "id": "way/129144513", "@id": "way/129144513", "access": null, "addr:city": null, "addr:state": null, "bridge": null, "bridge:movable": null, "covered": null, "crossing:barrier": null, "electrified": "no", "embankment": null, "fixme": null, "gauge": "1435", "highspeed": null, "layer": null, "length": null, "maxspeed": "40 mph", "name": "BNSF Houston Subdivision", "name_1": null, "note": null, "note:old_railway_operator": null, "old_railway_operator": "CB&Q;CRI&P", "operator": "BNSF Railway", "operator:wikidata": "Q267122", "owner": null, "railway": "rail", "railway:atc": null, "railway:freight": null, "railway:ptc": "yes", "railway:ref": null, "railway:track_class": "3", "railway:track_ref": null, "ref": "492", "reporting_marks": "BNSF", "service": "none", "source": null, "spur": null, "start_date": null, "tiger:cfcc": null, "tiger:county": null, "tiger:name_base": "Burlington Northern Railroad:Chicago Rock Island and Pacifi:Houston Belt and Terminal Ry", "tiger:name_base_1": "Chicago Rock Island and Pacifi", "tiger:name_base_2": "Fort Worth and Denver Railway", "tiger:reviewed": null, "tiger:zip_left": null, "tiger:zip_right": null, "tracks": null, "tunnel": null, "usage": "main", "maxspeed_mph": 40.0 }, "geometry": { "type": "LineString", "coordinates": [ [ -95.450625, 29.8198399 ], [ -95.449088, 29.8198063 ], [ -95.448965, 29.8198036 ], [ -95.4488582, 29.8198013 ], [ -95.4486079, 29.8197958 ], [ -95.4447163, 29.8197228 ], [ -95.4446409, 29.8197214 ], [ -95.4445818, 29.8197203 ], [ -95.4444135, 29.8197189 ], [ -95.4443296, 29.8197174 ], [ -95.4408612, 29.8196547 ], [ -95.4383244, 29.8196045 ], [ -95.436362, 29.8195706 ], [ -95.432765, 29.819498 ], [ -95.4296413, 29.8194502 ], [ -95.4295756, 29.8194492 ], [ -95.4294658, 29.8194492 ], [ -95.4294048, 29.819448 ], [ -95.4246924, 29.8193568 ], [ -95.4202864, 29.8192741 ], [ -95.4161815, 29.8192021 ], [ -95.4159043, 29.8191971 ], [ -95.4118947, 29.8191187 ], [ -95.4107351, 29.8190993 ] ] } },
{ "type": "Feature", "properties": { "id": "way/129144533", "@id": "way/129144533", "access": null, "addr:city": null, "addr:state": null, "bridge": "yes", "bridge:movable": null, "covered": null, "crossing:barrier": null, "electrified": "no", "embankment": null, "fixme": null, "gauge": "1435", "highspeed": null, "layer": "1", "length": null, "maxspeed": "40 mph", "name": "BNSF Houston Subdivision", "name_1": null, "note": null, "note:old_railway_operator": null, "old_railway_operator": "CB&Q;CRI&P", "operator": "BNSF Railway", "operator:wikidata": "Q267122", "owner": null, "railway": "rail", "railway:atc": null, "railway:freight": null, "railway:ptc": "yes", "railway:ref": null, "railway:track_class": "3", "railway:track_ref": null, "ref": "492", "reporting_marks": "BNSF", "service": "none", "source": null, "spur": null, "start_date": null, "tiger:cfcc": null, "tiger:county": null, "tiger:name_base": "Burlington Northern Railroad:Chicago Rock Island and Pacifi:Houston Belt and Terminal Ry", "tiger:name_base_1": "Chicago Rock Island and Pacifi", "tiger:name_base_2": "Fort Worth and Denver Railway", "tiger:reviewed": null, "tiger:zip_left": null, "tiger:zip_right": null, "tracks": null, "tunnel": null, "usage": "main", "maxspeed_mph": 40.0 }, "geometry": { "type": "LineString", "coordinates": [ [ -95.4702026, 29.8455809 ], [ -95.4700418, 29.8452961 ] ] } },
{ "type": "Feature", "properties": { "id": "way/129161359", "@id": "way/129161359", "access": null, "addr:city": null, "addr:state": null, "bridge": "yes", "bridge:movable": null, "covered": null, "crossing:barrier": null, "electrified": "no", "embankment": null, "fixme": null, "gauge": "1435", "highspeed": null, "layer": "1", "length": null, "maxspeed": "40 mph", "name": "BNSF Houston Subdivision", "name_1": null, "note": null, "note:old_railway_operator": null, "old_railway_operator": "CB&Q;CRI&P", "operator": "BNSF Railway", "operator:wikidata": "Q267122", "owner": null, "railway": "rail", "railway:atc": null, "railway:freight": null, "railway:ptc": "yes", "railway:ref": null, "railway:track_class": "3", "railway:track_ref": null, "ref": "492", "reporting_marks": "BNSF", "service": "none", "source": null, "spur": null, "start_date": null, "tiger:cfcc": null, "tiger:county": null, "tiger:name_base": "Burlington Northern Railroad:Chicago Rock Island and Pacifi:Houston Belt and Terminal Ry", "tiger:name_base_1": "Chicago Rock Island and Pacifi", "tiger:name_base_2": "Fort Worth and Denver Railway", "tiger:reviewed": null, "tiger:zip_left": null, "tiger:zip_right": null, "tracks": null, "tunnel": null, "usage": "main", "maxspeed_mph": 40.0 }, "geometry": { "type": "LineString", "coordinates": [ [ -95.4863551, 29.8741252 ], [ -95.4861134, 29.8737098 ] ] } },
{ "type": "Feature", "properties": { "id": "way/129161543", "@id": "way/129161543", "access": null, "addr:city": null, "addr:state": null, "bridge": null, "bridge:movable": null, "covered": null, "crossing:barrier": null, "electrified": "no", "embankment": null, "fixme": null, "gauge": "1435", "highspeed": null, "layer": null, "length": null, "maxspeed": "40 mph", "name": "BNSF Houston Subdivision", "name_1": null, "note": null, "note:old_railway_operator": null, "old_railway_operator": "CB&Q;CRI&P", "operator": "BNSF Railway", "operator:wikidata": "Q267122", "owner": null, "railway": "rail", "railway:atc": null, "railway:freight": null, "railway:ptc": "yes", "railway:ref": null, "railway:track_class": "3", "railway:track_ref": null, "ref": "492", "reporting_marks": "BNSF", "service": "none", "source": null, "spur": null, "start_date": null, "tiger:cfcc": null, "tiger:county": null, "tiger:name_base": "Burlington Northern Railroad:Chicago Rock Island and Pacifi:Houston Belt and Terminal Ry", "tiger:name_base_1": "Chicago Rock Island and Pacifi", "tiger:name_base_2": "Fort Worth and Denver Railway", "tiger:reviewed": null, "tiger:zip_left": null, "tiger:zip_right": null, "tracks": null, "tunnel": null, "usage": "main", "maxspeed_mph": 40.0 }, "geometry": { "type": "LineString", "coordinates": [ [ -95.4861134, 29.8737098 ], [ -95.485005, 29.871802 ], [ -95.484602, 29.871086 ], [ -95.484212, 29.870348 ], [ -95.483835, 29.869654 ], [ -95.483294, 29.868718 ], [ -95.4818221, 29.8661306 ], [ -95.4816894, 29.8658972 ], [ -95.481653, 29.8658332 ], [ -95.4815775, 29.8657005 ], [ -95.4815526, 29.8656563 ], [ -95.4815203, 29.8655988 ], [ -95.4760797, 29.8559521 ], [ -95.475915, 29.855646 ], [ -95.4748561, 29.8538127 ], [ -95.473682, 29.85178 ], [ -95.473486, 29.8514097 ], [ -95.4734464, 29.851335 ], [ -95.4732522, 29.850968 ], [ -95.4732159, 29.8509039 ], [ -95.4721484, 29.8490198 ], [ -95.4721194, 29.8489687 ], [ -95.4720383, 29.8488212 ], [ -95.4720209, 29.8487905 ], [ -95.4702026, 29.8455809 ] ] } },
{ "type": "Feature", "properties": { "id": "way/129177384", "@id": "way/129177384", "access": null, "addr:city": null, "addr:state": null, "bridge": null, "bridge:movable": null, "covered": null, "crossing:barrier": null, "electrified": "no", "embankment": null, "fixme": null, "gauge": "1435", "highspeed": null, "layer": null, "length": null, "maxspeed": "60 mph", "name": "UP Navasota Subdivision", "name_1": null, "note": null, "note:old_railway_operator": null, "old_railway_operator": "MP", "operator": "Union Pacific Railroad", "operator:wikidata": "Q725793", "owner": null, "railway": "rail", "railway:atc": null, "railway:freight": null, "railway:ptc": "yes", "railway:ref": null, "railway:track_class": "4", "railway:track_ref": null, "ref": null, "reporting_marks": null, "service": "none", "source": "Union Pacific", "spur": null, "start_date": null, "tiger:cfcc": "B11", "tiger:county": "Grimes, TX:Harris, TX:Montgomery, TX:Waller, TX", "tiger:name_base": "Railroad:Union Pacific Railroad", "tiger:name_base_1": null, "tiger:name_base_2": null, "tiger:reviewed": null, "tiger:zip_left": null, "tiger:zip_right": null, "tracks": null, "tunnel": null, "usage": "main", "maxspeed_mph": 60.0 }, "geometry": { "type": "LineString", "coordinates": [ [ -95.6372649, 30.1454595 ], [ -95.6299255, 30.141329 ], [ -95.625937, 30.139092 ], [ -95.620377, 30.1359214 ] ] } },
{ "type": "Feature", "properties": { "id": "way/129177385", "@id": "way/129177385", "access": null, "addr:city": null, "addr:state": null, "bridge": "yes", "bridge:movable": null, "covered": null, "crossing:barrier": null, "electrified": "no", "embankment": null, "fixme": null, "gauge": "1435", "highspeed": null, "layer": "1", "length": null, "maxspeed": "40 mph", "name": "BNSF Houston Subdivision", "name_1": null, "note": null, "note:old_railway_operator": null, "old_railway_operator": "CB&Q;CRI&P", "operator": "BNSF Railway", "operator:wikidata": "Q267122", "owner": null, "railway": "rail", "railway:atc": null, "railway:freight": null, "railway:ptc": "yes", "railway:ref": null, "railway:track_class": "3", "railway:track_ref": null, "ref": "492", "reporting_marks": "BNSF", "service": "none", "source": null, "spur": null, "start_date": null, "tiger:cfcc": null, "tiger:county": null, "tiger:name_base": "Burlington Northern Railroad:Chicago Rock Island and Pacifi:Houston Belt and Terminal Ry", "tiger:name_base_1": "Chicago Rock Island and Pacifi", "tiger:name_base_2": "Fort Worth and Denver Railway", "tiger:reviewed": null, "tiger:zip_left": null, "tiger:zip_right": null, "tracks": null, "tunnel": null, "usage": "main", "maxspeed_mph": 40.0 }, "geometry": { "type": "LineString", "coordinates": [ [ -95.6374709, 30.1457705 ], [ -95.637317, 30.1454386 ] ] } },
{ "type": "Feature", "properties": { "id": "way/129177387", "@id": "way/129177387", "access": null, "addr:city": null, "addr:state": null, "bridge": "yes", "bridge:movable": null, "covered": null, "crossing:barrier": null, "electrified": "no", "embankment": null, "fixme": null, "gauge": "1435", "highspeed": null, "layer": "2", "length": null, "maxspeed": "60 mph", "name": "UP Navasota Subdivision", "name_1": null, "note": null, "note:old_railway_operator": null, "old_railway_operator": "MP", "operator": "Union Pacific Railroad", "operator:wikidata": "Q725793", "owner": null, "railway": "rail", "railway:atc": null, "railway:freight": null, "railway:ptc": "yes", "railway:ref": null, "railway:track_class": "4", "railway:track_ref": null, "ref": null, "reporting_marks": null, "service": "none", "source": "Union Pacific", "spur": null, "start_date": null, "tiger:cfcc": "B11", "tiger:county": "Grimes, TX:Harris, TX:Montgomery, TX:Waller, TX", "tiger:name_base": "Railroad:Union Pacific Railroad", "tiger:name_base_1": null, "tiger:name_base_2": null, "tiger:reviewed": null, "tiger:zip_left": null, "tiger:zip_right": null, "tracks": null, "tunnel": null, "usage": "main", "maxspeed_mph": 60.0 }, "geometry": { "type": "LineString", "coordinates": [ [ -95.6374743, 30.1455792 ], [ -95.6372649, 30.1454595 ] ] } },
{ "type": "Feature", "properties": { "id": "way/129177388", "@id": "way/129177388", "access": null, "addr:city": null, "addr:state": null, "bridge": null, "bridge:movable": null, "covered": null, "crossing:barrier": null, "electrified": "no", "embankment": null, "fixme": null, "gauge": "1435", "highspeed": null, "layer": null, "length": null, "maxspeed": "40 mph", "name": "BNSF Houston Subdivision", "name_1": null, "note": null, "note:old_railway_operator": null, "old_railway_operator": "CB&Q;CRI&P", "operator": "BNSF Railway", "operator:wikidata": "Q267122", "owner": null, "railway": "rail", "railway:atc": null, "railway:freight": null, "railway:ptc": "yes", "railway:ref": null, "railway:track_class": "3", "railway:track_ref": null, "ref": "492", "reporting_marks": "BNSF", "service": "none", "source": null, "spur": null, "start_date": null, "tiger:cfcc": null, "tiger:county": null, "tiger:name_base": "Burlington Northern Railroad:Chicago Rock Island and Pacifi:Houston Belt and Terminal Ry", "tiger:name_base_1": "Chicago Rock Island and Pacifi", "tiger:name_base_2": "Fort Worth and Denver Railway", "tiger:reviewed": null, "tiger:zip_left": null, "tiger:zip_right": null, "tracks": null, "tunnel": null, "usage": "main", "maxspeed_mph": 40.0 }, "geometry": { "type": "LineString", "coordinates": [ [ -95.637317, 30.1454386 ], [ -95.6370776, 30.1449184 ], [ -95.6361738, 30.1430694 ], [ -95.6353347, 30.1413526 ], [ -95.6346135, 30.1399079 ], [ -95.6337758, 30.1381268 ], [ -95.6295108, 30.1294064 ], [ -95.6288957, 30.1281487 ] ] } },
{ "type": "Feature", "properties": { "id": "way/129177391", "@id": "way/129177391", "access": null, "addr:city": null, "addr:state": null, "bridge": "yes", "bridge:movable": null, "covered": null, "crossing:barrier": null, "electrified": "no", "embankment": null, "fixme": null, "gauge": "1435", "highspeed": null, "layer": "1", "length": null, "maxspeed": "40 mph", "name": "BNSF Houston Subdivision", "name_1": null, "note": null, "note:old_railway_operator": null, "old_railway_operator": "CB&Q;CRI&P", "operator": "BNSF Railway", "operator:wikidata": "Q267122", "owner": null, "railway": "rail", "railway:atc": null, "railway:freight": null, "railway:ptc": "yes", "railway:ref": null, "railway:track_class": "3", "railway:track_ref": null, "ref": "492", "reporting_marks": "BNSF", "service": "none", "source": null, "spur": null, "start_date": null, "tiger:cfcc": null, "tiger:county": null, "tiger:name_base": "Burlington Northern Railroad:Chicago Rock Island and Pacifi:Houston Belt and Terminal Ry", "tiger:name_base_1": "Chicago Rock Island and Pacifi", "tiger:name_base_2": "Fort Worth and Denver Railway", "tiger:reviewed": null, "tiger:zip_left": null, "tiger:zip_right": null, "tracks": null, "tunnel": null, "usage": "main", "maxspeed_mph": 40.0 }, "geometry": { "type": "LineString", "coordinates": [ [ -95.5298247, 29.9508782 ], [ -95.529621, 29.9505169 ] ] } },
{ "type": "Feature", "properties": { "id": "way/129177392", "@id": "way/129177392", "access": null, "addr:city": null, "addr:state": null, "bridge": null, "bridge:movable": null, "covered": null, "crossing:barrier": null, "electrified": "no", "embankment": null, "fixme": null, "gauge": "1435", "highspeed": null, "layer": null, "length": null, "maxspeed": "40 mph", "name": "BNSF Houston Subdivision", "name_1": null, "note": null, "note:old_railway_operator": null, "old_railway_operator": "CB&Q;CRI&P", "operator": "BNSF Railway", "operator:wikidata": "Q267122", "owner": null, "railway": "rail", "railway:atc": null, "railway:freight": null, "railway:ptc": "yes", "railway:ref": null, "railway:track_class": "3", "railway:track_ref": null, "ref": "492", "reporting_marks": "BNSF", "service": "none", "source": null, "spur": null, "start_date": null, "tiger:cfcc": null, "tiger:county": null, "tiger:name_base": "Burlington Northern Railroad:Chicago Rock Island and Pacifi:Houston Belt and Terminal Ry", "tiger:name_base_1": "Chicago Rock Island and Pacifi", "tiger:name_base_2": "Fort Worth and Denver Railway", "tiger:reviewed": null, "tiger:zip_left": null, "tiger:zip_right": null, "tracks": null, "tunnel": null, "usage": "main", "maxspeed_mph": 40.0 }, "geometry": { "type": "LineString", "coordinates": [ [ -95.529621, 29.9505169 ], [ -95.5267851, 29.9455432 ], [ -95.5259824, 29.9440796 ], [ -95.525891, 29.9439196 ], [ -95.5240167, 29.940638 ], [ -95.5234512, 29.9396335 ], [ -95.520921, 29.935189 ], [ -95.518806, 29.9314532 ], [ -95.5154182, 29.9254687 ], [ -95.5153348, 29.9253109 ], [ -95.5152074, 29.9250855 ], [ -95.5150277, 29.9247682 ], [ -95.5146437, 29.9240944 ], [ -95.514154, 29.9230945 ], [ -95.5112182, 29.9179098 ], [ -95.5111217, 29.9177397 ], [ -95.5096194, 29.9150906 ], [ -95.507764, 29.9118205 ], [ -95.5074979, 29.9114502 ], [ -95.5065131, 29.909725 ], [ -95.5061148, 29.9090432 ], [ -95.5054376, 29.9078254 ] ] } },
{ "type": "Feature", "properties": { "id": "way/129177394", "@id": "way/129177394", "access": null, "addr:city": null, "addr:state": null, "bridge": "yes", "bridge:movable": null, "covered": null, "crossing:barrier": null, "electrified": "no", "embankment": null, "fixme": null, "gauge": "1435", "highspeed": null, "layer": "1", "length": null, "maxspeed": "40 mph", "name": "BNSF Houston Subdivision", "name_1": null, "note": null, "note:old_railway_operator": null, "old_railway_operator": "CB&Q;CRI&P", "operator": "BNSF Railway", "operator:wikidata": "Q267122", "owner": null, "railway": "rail", "railway:atc": null, "railway:freight": null, "railway:ptc": "yes", "railway:ref": null, "railway:track_class": "3", "railway:track_ref": null, "ref": "492", "reporting_marks": "BNSF", "service": "none", "source": null, "spur": null, "start_date": null, "tiger:cfcc": null, "tiger:county": null, "tiger:name_base": "Burlington Northern Railroad:Chicago Rock Island and Pacifi:Houston Belt and Terminal Ry", "tiger:name_base_1": "Chicago Rock Island and Pacifi", "tiger:name_base_2": "Fort Worth and Denver Railway", "tiger:reviewed": null, "tiger:zip_left": null, "tiger:zip_right": null, "tracks": null, "tunnel": null, "usage": "main", "maxspeed_mph": 40.0 }, "geometry": { "type": "LineString", "coordinates": [ [ -95.6288957, 30.1281487 ], [ -95.6285002, 30.1273517 ] ] } },
{ "type": "Feature", "properties": { "id": "way/129177395", "@id": "way/129177395", "access": null, "addr:city": null, "addr:state": null, "bridge": null, "bridge:movable": null, "covered": null, "crossing:barrier": null, "electrified": "no", "embankment": null, "fixme": null, "gauge": "1435", "highspeed": null, "layer": null, "length": null, "maxspeed": "40 mph", "name": "BNSF Houston Subdivision", "name_1": null, "note": null, "note:old_railway_operator": null, "old_railway_operator": "CB&Q;CRI&P", "operator": "BNSF Railway", "operator:wikidata": "Q267122", "owner": null, "railway": "rail", "railway:atc": null, "railway:freight": null, "railway:ptc": "yes", "railway:ref": null, "railway:track_class": "3", "railway:track_ref": null, "ref": "492", "reporting_marks": "BNSF", "service": "none", "source": null, "spur": null, "start_date": null, "tiger:cfcc": null, "tiger:county": null, "tiger:name_base": "Burlington Northern Railroad:Chicago Rock Island and Pacifi:Houston Belt and Terminal Ry", "tiger:name_base_1": "Chicago Rock Island and Pacifi", "tiger:name_base_2": "Fort Worth and Denver Railway", "tiger:reviewed": null, "tiger:zip_left": null, "tiger:zip_right": null, "tracks": null, "tunnel": null, "usage": "main", "maxspeed_mph": 40.0 }, "geometry": { "type": "LineString", "coordinates": [ [ -95.6186106, 30.1070048 ], [ -95.6169326, 30.1040257 ], [ -95.6164197, 30.10312 ], [ -95.6160558, 30.1024731 ], [ -95.6157627, 30.1019739 ], [ -95.615239, 30.101082 ], [ -95.6144775, 30.099711 ], [ -95.6136333, 30.0982206 ], [ -95.6127986, 30.0967616 ], [ -95.6117796, 30.094974 ], [ -95.611028, 30.093662 ], [ -95.610365, 30.092546 ], [ -95.609951, 30.091792 ], [ -95.609364, 30.090723 ], [ -95.6085917, 30.0894099 ], [ -95.6082909, 30.0888811 ], [ -95.604345, 30.0819445 ], [ -95.601671, 30.077244 ], [ -95.5985352, 30.0717387 ], [ -95.5968526, 30.0687871 ], [ -95.5967502, 30.0686257 ], [ -95.5966716, 30.0684794 ], [ -95.5944772, 30.0646086 ], [ -95.5930247, 30.0620694 ] ] } },
{ "type": "Feature", "properties": { "id": "way/129177396", "@id": "way/129177396", "access": null, "addr:city": null, "addr:state": null, "bridge": "yes", "bridge:movable": null, "covered": null, "crossing:barrier": null, "electrified": "no", "embankment": null, "fixme": null, "gauge": "1435", "highspeed": null, "layer": "1", "length": null, "maxspeed": "40 mph", "name": "BNSF Houston Subdivision", "name_1": null, "note": null, "note:old_railway_operator": null, "old_railway_operator": "CB&Q;CRI&P", "operator": "BNSF Railway", "operator:wikidata": "Q267122", "owner": null, "railway": "rail", "railway:atc": null, "railway:freight": null, "railway:ptc": "yes", "railway:ref": null, "railway:track_class": "3", "railway:track_ref": null, "ref": "492", "reporting_marks": "BNSF", "service": "none", "source": null, "spur": null, "start_date": null, "tiger:cfcc": null, "tiger:county": null, "tiger:name_base": "Burlington Northern Railroad:Chicago Rock Island and Pacifi:Houston Belt and Terminal Ry", "tiger:name_base_1": "Chicago Rock Island and Pacifi", "tiger:name_base_2": "Fort Worth and Denver Railway", "tiger:reviewed": null, "tiger:zip_left": null, "tiger:zip_right": null, "tracks": null, "tunnel": null, "usage": "main", "maxspeed_mph": 40.0 }, "geometry": { "type": "LineString", "coordinates": [ [ -95.5538769, 29.9932457 ], [ -95.5534811, 29.992542 ], [ -95.5533402, 29.9922914 ] ] } },
{ "type": "Feature", "properties": { "id": "way/129177397", "@id": "way/129177397", "access": null, "addr:city": null, "addr:state": null, "bridge": null, "bridge:movable": null, "covered": null, "crossing:barrier": null, "electrified": "no", "embankment": null, "fixme": null, "gauge": "1435", "highspeed": null, "layer": null, "length": null, "maxspeed": "40 mph", "name": "BNSF Houston Subdivision", "name_1": null, "note": null, "note:old_railway_operator": null, "old_railway_operator": "CB&Q;CRI&P", "operator": "BNSF Railway", "operator:wikidata": "Q267122", "owner": null, "railway": "rail", "railway:atc": null, "railway:freight": null, "railway:ptc": "yes", "railway:ref": null, "railway:track_class": "3", "railway:track_ref": null, "ref": "492", "reporting_marks": "BNSF", "service": "none", "source": null, "spur": null, "start_date": null, "tiger:cfcc": null, "tiger:county": null, "tiger:name_base": "Burlington Northern Railroad:Chicago Rock Island and Pacifi:Houston Belt and Terminal Ry", "tiger:name_base_1": "Chicago Rock Island and Pacifi", "tiger:name_base_2": "Fort Worth and Denver Railway", "tiger:reviewed": null, "tiger:zip_left": null, "tiger:zip_right": null, "tracks": null, "tunnel": null, "usage": "main", "maxspeed_mph": 40.0 }, "geometry": { "type": "LineString", "coordinates": [ [ -95.5533402, 29.9922914 ], [ -95.5522672, 29.9904128 ], [ -95.5522199, 29.99033 ], [ -95.5521654, 29.9902348 ], [ -95.5510251, 29.9882397 ], [ -95.5484696, 29.98373 ], [ -95.5479313, 29.9827801 ], [ -95.5461461, 29.979645 ], [ -95.5460406, 29.9794597 ], [ -95.544322, 29.976463 ], [ -95.5411198, 29.9707842 ], [ -95.5408626, 29.9703281 ], [ -95.5397933, 29.968442 ], [ -95.5385391, 29.9662025 ], [ -95.5384111, 29.9659967 ], [ -95.5361582, 29.9620263 ], [ -95.5350545, 29.9600777 ], [ -95.5340012, 29.9582322 ], [ -95.5298247, 29.9508782 ] ] } },
{ "type": "Feature", "properties": { "id": "way/129177401", "@id": "way/129177401", "access": null, "addr:city": null, "addr:state": null, "bridge": "yes", "bridge:movable": null, "covered": null, "crossing:barrier": null, "electrified": "no", "embankment": null, "fixme": null, "gauge": "1435", "highspeed": null, "layer": "1", "length": null, "maxspeed": "40 mph", "name": "BNSF Houston Subdivision", "name_1": null, "note": null, "note:old_railway_operator": null, "old_railway_operator": "CB&Q;CRI&P", "operator": "BNSF Railway", "operator:wikidata": "Q267122", "owner": null, "railway": "rail", "railway:atc": null, "railway:freight": null, "railway:ptc": "yes", "railway:ref": null, "railway:track_class": "3", "railway:track_ref": null, "ref": "492", "reporting_marks": "BNSF", "service": "none", "source": null, "spur": null, "start_date": null, "tiger:cfcc": null, "tiger:county": null, "tiger:name_base": "Burlington Northern Railroad:Chicago Rock Island and Pacifi:Houston Belt and Terminal Ry", "tiger:name_base_1": "Chicago Rock Island and Pacifi", "tiger:name_base_2": "Fort Worth and Denver Railway", "tiger:reviewed": null, "tiger:zip_left": null, "tiger:zip_right": null, "tracks": null, "tunnel": null, "usage": "main", "maxspeed_mph": 40.0 }, "geometry": { "type": "LineString", "coordinates": [ [ -95.6187591, 30.1072897 ], [ -95.6186106, 30.1070048 ] ] } },
{ "type": "Feature", "properties": { "id": "way/129177405", "@id": "way/129177405", "access": null, "addr:city": null, "addr:state": null, "bridge": null, "bridge:movable": null, "covered": null, "crossing:barrier": null, "electrified": "no", "embankment": null, "fixme": null, "gauge": "1435", "highspeed": null, "layer": null, "length": null, "maxspeed": "40 mph", "name": "BNSF Houston Subdivision", "name_1": null, "note": null, "note:old_railway_operator": null, "old_railway_operator": "CB&Q;CRI&P", "operator": "BNSF Railway", "operator:wikidata": "Q267122", "owner": null, "railway": "rail", "railway:atc": null, "railway:freight": null, "railway:ptc": "yes", "railway:ref": null, "railway:track_class": "3", "railway:track_ref": null, "ref": "492", "reporting_marks": "BNSF", "service": "none", "source": null, "spur": null, "start_date": null, "tiger:cfcc": null, "tiger:county": null, "tiger:name_base": "Burlington Northern Railroad:Chicago Rock Island and Pacifi:Houston Belt and Terminal Ry", "tiger:name_base_1": "Chicago Rock Island and Pacifi", "tiger:name_base_2": "Fort Worth and Denver Railway", "tiger:reviewed": null, "tiger:zip_left": null, "tiger:zip_right": null, "tracks": null, "tunnel": null, "usage": "main", "maxspeed_mph": 40.0 }, "geometry": { "type": "LineString", "coordinates": [ [ -95.6285002, 30.1273517 ], [ -95.62772, 30.125734 ], [ -95.6263151, 30.1227952 ], [ -95.625458, 30.1210606 ], [ -95.6242315, 30.1185186 ], [ -95.6226282, 30.1152616 ], [ -95.6224348, 30.114847 ], [ -95.622179, 30.1142984 ], [ -95.6216091, 30.1131427 ], [ -95.6203651, 30.1105901 ], [ -95.6192588, 30.1083215 ], [ -95.6187591, 30.1072897 ] ] } },
{ "type": "Feature", "properties": { "id": "way/129239418", "@id": "way/129239418", "access": null, "addr:city": null, "addr:state": null, "bridge": null, "bridge:movable": null, "covered": null, "crossing:barrier": null, "electrified": "no", "embankment": null, "fixme": null, "gauge": "1435", "highspeed": null, "layer": null, "length": null, "maxspeed": "60 mph", "name": "UP Navasota Subdivision", "name_1": null, "note": null, "note:old_railway_operator": null, "old_railway_operator": "MP", "operator": "Union Pacific Railroad", "operator:wikidata": "Q725793", "owner": null, "railway": "rail", "railway:atc": null, "railway:freight": null, "railway:ptc": "yes", "railway:ref": null, "railway:track_class": "4", "railway:track_ref": null, "ref": null, "reporting_marks": null, "service": "none", "source": "Union Pacific", "spur": null, "start_date": null, "tiger:cfcc": "B11", "tiger:county": "Grimes, TX:Harris, TX:Montgomery, TX:Waller, TX", "tiger:name_base": "Railroad:Union Pacific Railroad", "tiger:name_base_1": null, "tiger:name_base_2": null, "tiger:reviewed": null, "tiger:zip_left": null, "tiger:zip_right": null, "tracks": null, "tunnel": null, "usage": "main", "maxspeed_mph": 60.0 }, "geometry": { "type": "LineString", "coordinates": [ [ -95.6181422, 30.1346463 ], [ -95.6158891, 30.1333769 ], [ -95.6143218, 30.1324791 ] ] } },
{ "type": "Feature", "properties": { "id": "way/129239419", "@id": "way/129239419", "access": null, "addr:city": null, "addr:state": null, "bridge": "yes", "bridge:movable": null, "covered": null, "crossing:barrier": null, "electrified": "no", "embankment": null, "fixme": null, "gauge": "1435", "highspeed": null, "layer": "1", "length": null, "maxspeed": "60 mph", "name": "UP Navasota Subdivision", "name_1": null, "note": null, "note:old_railway_operator": null, "old_railway_operator": "MP", "operator": "Union Pacific Railroad", "operator:wikidata": "Q725793", "owner": null, "railway": "rail", "railway:atc": null, "railway:freight": null, "railway:ptc": "yes", "railway:ref": null, "railway:track_class": "4", "railway:track_ref": null, "ref": null, "reporting_marks": null, "service": "none", "source": "Union Pacific", "spur": null, "start_date": null, "tiger:cfcc": "B11", "tiger:county": "Grimes, TX:Harris, TX:Montgomery, TX:Waller, TX", "tiger:name_base": "Railroad:Union Pacific Railroad", "tiger:name_base_1": null, "tiger:name_base_2": null, "tiger:reviewed": null, "tiger:zip_left": null, "tiger:zip_right": null, "tracks": null, "tunnel": null, "usage": "main", "maxspeed_mph": 60.0 }, "geometry": { "type": "LineString", "coordinates": [ [ -95.620377, 30.1359214 ], [ -95.6181422, 30.1346463 ] ] } },
{ "type": "Feature", "properties": { "id": "way/129242043", "@id": "way/129242043", "access": null, "addr:city": null, "addr:state": null, "bridge": "yes", "bridge:movable": null, "covered": null, "crossing:barrier": null, "electrified": "no", "embankment": null, "fixme": null, "gauge": "1435", "highspeed": null, "layer": "1", "length": null, "maxspeed": "60 mph", "name": "UP Palestine Subdivision", "name_1": null, "note": null, "note:old_railway_operator": null, "old_railway_operator": "MP", "operator": "Union Pacific Railroad", "operator:wikidata": "Q725793", "owner": null, "railway": "rail", "railway:atc": null, "railway:freight": null, "railway:ptc": "yes", "railway:ref": null, "railway:track_class": "4", "railway:track_ref": null, "ref": null, "reporting_marks": null, "service": "none", "source": "Texas Department of Transportation", "spur": null, "start_date": null, "tiger:cfcc": "B11:B13", "tiger:county": "Harris, TX:Montgomery, TX:Trinity, TX:Walker, TX", "tiger:name_base": "Union Pacific Railroad", "tiger:name_base_1": null, "tiger:name_base_2": null, "tiger:reviewed": null, "tiger:zip_left": null, "tiger:zip_right": null, "tracks": null, "tunnel": null, "usage": "main", "maxspeed_mph": 60.0 }, "geometry": { "type": "LineString", "coordinates": [ [ -95.4260304, 30.1154709 ], [ -95.426257, 30.1163314 ] ] } },
{ "type": "Feature", "properties": { "id": "way/129242044", "@id": "way/129242044", "access": null, "addr:city": null, "addr:state": null, "bridge": null, "bridge:movable": null, "covered": null, "crossing:barrier": null, "electrified": "no", "embankment": null, "fixme": null, "gauge": "1435", "highspeed": null, "layer": null, "length": null, "maxspeed": "60 mph", "name": "UP Palestine Subdivision", "name_1": null, "note": null, "note:old_railway_operator": null, "old_railway_operator": "MP", "operator": "Union Pacific Railroad", "operator:wikidata": "Q725793", "owner": null, "railway": "rail", "railway:atc": null, "railway:freight": null, "railway:ptc": "yes", "railway:ref": null, "railway:track_class": "4", "railway:track_ref": null, "ref": null, "reporting_marks": null, "service": "none", "source": "Texas Department of Transportation", "spur": null, "start_date": null, "tiger:cfcc": "B11:B13", "tiger:county": "Harris, TX:Montgomery, TX:Trinity, TX:Walker, TX", "tiger:name_base": "Union Pacific Railroad", "tiger:name_base_1": null, "tiger:name_base_2": null, "tiger:reviewed": null, "tiger:zip_left": null, "tiger:zip_right": null, "tracks": null, "tunnel": null, "usage": "main", "maxspeed_mph": 60.0 }, "geometry": { "type": "LineString", "coordinates": [ [ -95.4315045, 30.1374235 ], [ -95.4322214, 30.1403117 ], [ -95.4346908, 30.1502537 ], [ -95.4347588, 30.1505151 ], [ -95.4361449, 30.1562219 ], [ -95.4362199, 30.1565257 ], [ -95.4362349, 30.1565925 ], [ -95.4370309, 30.1596408 ], [ -95.438011, 30.163535 ], [ -95.43832, 30.16483 ], [ -95.4385713, 30.1658482 ], [ -95.439299, 30.168836 ], [ -95.440413, 30.173254 ], [ -95.4414993, 30.1776079 ], [ -95.4417358, 30.178556 ], [ -95.444285, 30.1887982 ], [ -95.4443621, 30.189108 ], [ -95.444413, 30.18939 ], [ -95.444911, 30.191397 ], [ -95.446937, 30.1994043 ], [ -95.4490658, 30.2079579 ], [ -95.449084, 30.208031 ], [ -95.449149, 30.2082926 ], [ -95.4493664, 30.2091565 ], [ -95.4496799, 30.2104078 ], [ -95.449882, 30.2112106 ], [ -95.4501396, 30.2122335 ], [ -95.4509342, 30.2154479 ], [ -95.4509646, 30.215549 ], [ -95.4510185, 30.2157843 ], [ -95.4511961, 30.2165594 ], [ -95.4514506, 30.2175218 ] ] } },
{ "type": "Feature", "properties": { "id": "way/129242046", "@id": "way/129242046", "access": null, "addr:city": null, "addr:state": null, "bridge": null, "bridge:movable": null, "covered": null, "crossing:barrier": null, "electrified": "no", "embankment": null, "fixme": null, "gauge": "1435", "highspeed": null, "layer": null, "length": null, "maxspeed": "60 mph", "name": "UP Navasota Subdivision", "name_1": null, "note": null, "note:old_railway_operator": null, "old_railway_operator": "MP", "operator": "Union Pacific Railroad", "operator:wikidata": "Q725793", "owner": null, "railway": "rail", "railway:atc": null, "railway:freight": null, "railway:ptc": "yes", "railway:ref": null, "railway:track_class": "4", "railway:track_ref": null, "ref": null, "reporting_marks": null, "service": "none", "source": "Union Pacific", "spur": null, "start_date": null, "tiger:cfcc": null, "tiger:county": null, "tiger:name_base": null, "tiger:name_base_1": null, "tiger:name_base_2": null, "tiger:reviewed": null, "tiger:zip_left": null, "tiger:zip_right": null, "tracks": null, "tunnel": null, "usage": "main", "maxspeed_mph": 60.0 }, "geometry": { "type": "LineString", "coordinates": [ [ -95.41674, 30.0781279 ], [ -95.4168396, 30.0784681 ], [ -95.4168822, 30.07862 ], [ -95.4169546, 30.0788126 ], [ -95.4170412, 30.0790289 ], [ -95.4171299, 30.0792009 ], [ -95.4171367, 30.0792117 ], [ -95.4173405, 30.0795339 ], [ -95.4175202, 30.0797976 ], [ -95.4176889, 30.0799849 ], [ -95.4177986, 30.0800911 ], [ -95.4179425, 30.0802292 ], [ -95.4181184, 30.0803786 ], [ -95.4182524, 30.0804821 ], [ -95.4184466, 30.0806193 ], [ -95.4185873, 30.0807099 ], [ -95.4187498, 30.0808045 ], [ -95.4189452, 30.0809079 ], [ -95.4191056, 30.0809823 ], [ -95.4195373, 30.0811524 ], [ -95.4199755, 30.0812819 ], [ -95.4204002, 30.0813698 ], [ -95.4205817, 30.0814074 ], [ -95.4207826, 30.0814438 ] ] } },
{ "type": "Feature", "properties": { "id": "way/129246372", "@id": "way/129246372", "access": null, "addr:city": null, "addr:state": null, "bridge": null, "bridge:movable": null, "covered": null, "crossing:barrier": null, "electrified": "no", "embankment": null, "fixme": null, "gauge": "1435", "highspeed": null, "layer": null, "length": null, "maxspeed": "60 mph", "name": "UP Palestine Subdivision", "name_1": null, "note": null, "note:old_railway_operator": null, "old_railway_operator": "MP", "operator": "Union Pacific Railroad", "operator:wikidata": "Q725793", "owner": null, "railway": "rail", "railway:atc": null, "railway:freight": null, "railway:ptc": "yes", "railway:ref": null, "railway:track_class": "4", "railway:track_ref": null, "ref": null, "reporting_marks": null, "service": "none", "source": "Texas Department of Transportation", "spur": null, "start_date": null, "tiger:cfcc": null, "tiger:county": null, "tiger:name_base": null, "tiger:name_base_1": null, "tiger:name_base_2": null, "tiger:reviewed": null, "tiger:zip_left": null, "tiger:zip_right": null, "tracks": null, "tunnel": null, "usage": "main", "maxspeed_mph": 60.0 }, "geometry": { "type": "LineString", "coordinates": [ [ -95.4172388, 30.0801954 ], [ -95.4170377, 30.0794509 ], [ -95.4169331, 30.0791027 ], [ -95.4167808, 30.0784828 ], [ -95.416377, 30.0769302 ], [ -95.4163438, 30.0768023 ], [ -95.4163028, 30.0766448 ], [ -95.4157449, 30.0743956 ], [ -95.4156138, 30.0738716 ], [ -95.4079263, 30.0431392 ], [ -95.4058966, 30.0350035 ], [ -95.4055807, 30.0337449 ] ] } },
{ "type": "Feature", "properties": { "id": "way/129264600", "@id": "way/129264600", "access": null, "addr:city": null, "addr:state": null, "bridge": "yes", "bridge:movable": null, "covered": null, "crossing:barrier": null, "electrified": "no", "embankment": null, "fixme": null, "gauge": "1435", "highspeed": null, "layer": "1", "length": null, "maxspeed": "60 mph", "name": "UP Palestine Subdivision", "name_1": null, "note": null, "note:old_railway_operator": null, "old_railway_operator": "MP", "operator": "Union Pacific Railroad", "operator:wikidata": "Q725793", "owner": null, "railway": "rail", "railway:atc": null, "railway:freight": null, "railway:ptc": "yes", "railway:ref": null, "railway:track_class": "4", "railway:track_ref": null, "ref": null, "reporting_marks": null, "service": "none", "source": "Texas Department of Transportation", "spur": null, "start_date": null, "tiger:cfcc": null, "tiger:county": null, "tiger:name_base": null, "tiger:name_base_1": null, "tiger:name_base_2": null, "tiger:reviewed": null, "tiger:zip_left": null, "tiger:zip_right": null, "tracks": null, "tunnel": null, "usage": "main", "maxspeed_mph": 60.0 }, "geometry": { "type": "LineString", "coordinates": [ [ -95.4055807, 30.0337449 ], [ -95.4054271, 30.033133 ] ] } },
{ "type": "Feature", "properties": { "id": "way/129264603", "@id": "way/129264603", "access": null, "addr:city": null, "addr:state": null, "bridge": null, "bridge:movable": null, "covered": null, "crossing:barrier": null, "electrified": "no", "embankment": null, "fixme": null, "gauge": "1435", "highspeed": null, "layer": null, "length": null, "maxspeed": "60 mph", "name": "UP Palestine Subdivision", "name_1": null, "note": null, "note:old_railway_operator": null, "old_railway_operator": "MP", "operator": "Union Pacific Railroad", "operator:wikidata": "Q725793", "owner": null, "railway": "rail", "railway:atc": null, "railway:freight": null, "railway:ptc": "yes", "railway:ref": null, "railway:track_class": "4", "railway:track_ref": null, "ref": null, "reporting_marks": null, "service": "none", "source": "Texas Department of Transportation", "spur": null, "start_date": null, "tiger:cfcc": null, "tiger:county": null, "tiger:name_base": null, "tiger:name_base_1": null, "tiger:name_base_2": null, "tiger:reviewed": null, "tiger:zip_left": null, "tiger:zip_right": null, "tracks": null, "tunnel": null, "usage": "main", "maxspeed_mph": 60.0 }, "geometry": { "type": "LineString", "coordinates": [ [ -95.4039474, 30.027032 ], [ -95.4049061, 30.0308501 ] ] } },
{ "type": "Feature", "properties": { "id": "way/129264610", "@id": "way/129264610", "access": null, "addr:city": null, "addr:state": null, "bridge": "yes", "bridge:movable": null, "covered": null, "crossing:barrier": null, "electrified": "no", "embankment": null, "fixme": null, "gauge": "1435", "highspeed": null, "layer": "1", "length": null, "maxspeed": "60 mph", "name": "UP Palestine Subdivision", "name_1": null, "note": null, "note:old_railway_operator": null, "old_railway_operator": "MP", "operator": "Union Pacific Railroad", "operator:wikidata": "Q725793", "owner": null, "railway": "rail", "railway:atc": null, "railway:freight": null, "railway:ptc": "yes", "railway:ref": null, "railway:track_class": "4", "railway:track_ref": null, "ref": null, "reporting_marks": null, "service": "none", "source": "Texas Department of Transportation", "spur": null, "start_date": null, "tiger:cfcc": null, "tiger:county": null, "tiger:name_base": null, "tiger:name_base_1": null, "tiger:name_base_2": null, "tiger:reviewed": null, "tiger:zip_left": null, "tiger:zip_right": null, "tracks": null, "tunnel": null, "usage": "main", "maxspeed_mph": 60.0 }, "geometry": { "type": "LineString", "coordinates": [ [ -95.4049061, 30.0308501 ], [ -95.4052573, 30.0322456 ] ] } },
{ "type": "Feature", "properties": { "id": "way/129264613", "@id": "way/129264613", "access": null, "addr:city": null, "addr:state": null, "bridge": "yes", "bridge:movable": null, "covered": null, "crossing:barrier": null, "electrified": "no", "embankment": null, "fixme": null, "gauge": "1435", "highspeed": null, "layer": "1", "length": null, "maxspeed": "60 mph", "name": "UP Palestine Subdivision", "name_1": null, "note": null, "note:old_railway_operator": null, "old_railway_operator": "MP", "operator": "Union Pacific Railroad", "operator:wikidata": "Q725793", "owner": null, "railway": "rail", "railway:atc": null, "railway:freight": null, "railway:ptc": "yes", "railway:ref": null, "railway:track_class": "4", "railway:track_ref": null, "ref": null, "reporting_marks": null, "service": "none", "source": "Texas Department of Transportation", "spur": null, "start_date": null, "tiger:cfcc": null, "tiger:county": null, "tiger:name_base": null, "tiger:name_base_1": null, "tiger:name_base_2": null, "tiger:reviewed": null, "tiger:zip_left": null, "tiger:zip_right": null, "tracks": null, "tunnel": null, "usage": "main", "maxspeed_mph": 60.0 }, "geometry": { "type": "LineString", "coordinates": [ [ -95.4038986, 30.027041 ], [ -95.4037493, 30.026458 ] ] } },
{ "type": "Feature", "properties": { "id": "way/129264629", "@id": "way/129264629", "access": null, "addr:city": null, "addr:state": null, "bridge": null, "bridge:movable": null, "covered": null, "crossing:barrier": null, "electrified": "no", "embankment": null, "fixme": null, "gauge": "1435", "highspeed": null, "layer": null, "length": null, "maxspeed": "60 mph", "name": "UP Palestine Subdivision", "name_1": null, "note": null, "note:old_railway_operator": null, "old_railway_operator": "MP", "operator": "Union Pacific Railroad", "operator:wikidata": "Q725793", "owner": null, "railway": "rail", "railway:atc": null, "railway:freight": null, "railway:ptc": "yes", "railway:ref": null, "railway:track_class": "4", "railway:track_ref": null, "ref": null, "reporting_marks": null, "service": "none", "source": "Texas Department of Transportation", "spur": null, "start_date": null, "tiger:cfcc": null, "tiger:county": null, "tiger:name_base": null, "tiger:name_base_1": null, "tiger:name_base_2": null, "tiger:reviewed": null, "tiger:zip_left": null, "tiger:zip_right": null, "tracks": null, "tunnel": null, "usage": "main", "maxspeed_mph": 60.0 }, "geometry": { "type": "LineString", "coordinates": [ [ -95.4037493, 30.026458 ], [ -95.4036977, 30.0262467 ], [ -95.4034868, 30.0253835 ], [ -95.4034124, 30.025079 ], [ -95.4031513, 30.0240116 ], [ -95.4028738, 30.0228774 ], [ -95.4020852, 30.0197814 ], [ -95.4004732, 30.0133063 ], [ -95.3983462, 30.004808 ] ] } },
{ "type": "Feature", "properties": { "id": "way/129264630", "@id": "way/129264630", "access": null, "addr:city": null, "addr:state": null, "bridge": null, "bridge:movable": null, "covered": null, "crossing:barrier": null, "electrified": "no", "embankment": null, "fixme": null, "gauge": "1435", "highspeed": null, "layer": null, "length": null, "maxspeed": "60 mph", "name": "UP Palestine Subdivision", "name_1": null, "note": null, "note:old_railway_operator": null, "old_railway_operator": "MP", "operator": "Union Pacific Railroad", "operator:wikidata": "Q725793", "owner": null, "railway": "rail", "railway:atc": null, "railway:freight": null, "railway:ptc": "yes", "railway:ref": null, "railway:track_class": "4", "railway:track_ref": null, "ref": null, "reporting_marks": null, "service": "none", "source": "Texas Department of Transportation", "spur": null, "start_date": null, "tiger:cfcc": null, "tiger:county": null, "tiger:name_base": null, "tiger:name_base_1": null, "tiger:name_base_2": null, "tiger:reviewed": null, "tiger:zip_left": null, "tiger:zip_right": null, "tracks": null, "tunnel": null, "usage": "main", "maxspeed_mph": 60.0 }, "geometry": { "type": "LineString", "coordinates": [ [ -95.4054271, 30.033133 ], [ -95.4052076, 30.0322588 ] ] } },
{ "type": "Feature", "properties": { "id": "way/129264631", "@id": "way/129264631", "access": null, "addr:city": null, "addr:state": null, "bridge": "yes", "bridge:movable": null, "covered": null, "crossing:barrier": null, "electrified": "no", "embankment": null, "fixme": null, "gauge": "1435", "highspeed": null, "layer": "1", "length": null, "maxspeed": "60 mph", "name": "UP Palestine Subdivision", "name_1": null, "note": null, "note:old_railway_operator": null, "old_railway_operator": "MP", "operator": "Union Pacific Railroad", "operator:wikidata": "Q725793", "owner": null, "railway": "rail", "railway:atc": null, "railway:freight": null, "railway:ptc": "yes", "railway:ref": null, "railway:track_class": "4", "railway:track_ref": null, "ref": null, "reporting_marks": null, "service": "none", "source": "Texas Department of Transportation", "spur": null, "start_date": null, "tiger:cfcc": null, "tiger:county": null, "tiger:name_base": null, "tiger:name_base_1": null, "tiger:name_base_2": null, "tiger:reviewed": null, "tiger:zip_left": null, "tiger:zip_right": null, "tracks": null, "tunnel": null, "usage": "main", "maxspeed_mph": 60.0 }, "geometry": { "type": "LineString", "coordinates": [ [ -95.3982987, 30.0044063 ], [ -95.3983914, 30.0047743 ] ] } },
{ "type": "Feature", "properties": { "id": "way/129264634", "@id": "way/129264634", "access": null, "addr:city": null, "addr:state": null, "bridge": "yes", "bridge:movable": null, "covered": null, "crossing:barrier": null, "electrified": "no", "embankment": null, "fixme": null, "gauge": "1435", "highspeed": null, "layer": "1", "length": null, "maxspeed": "60 mph", "name": "UP Palestine Subdivision", "name_1": null, "note": null, "note:old_railway_operator": null, "old_railway_operator": "MP", "operator": "Union Pacific Railroad", "operator:wikidata": "Q725793", "owner": null, "railway": "rail", "railway:atc": null, "railway:freight": null, "railway:ptc": "yes", "railway:ref": null, "railway:track_class": "4", "railway:track_ref": null, "ref": null, "reporting_marks": null, "service": "none", "source": "Texas Department of Transportation", "spur": null, "start_date": null, "tiger:cfcc": null, "tiger:county": null, "tiger:name_base": null, "tiger:name_base_1": null, "tiger:name_base_2": null, "tiger:reviewed": null, "tiger:zip_left": null, "tiger:zip_right": null, "tracks": null, "tunnel": null, "usage": "main", "maxspeed_mph": 60.0 }, "geometry": { "type": "LineString", "coordinates": [ [ -95.3983462, 30.004808 ], [ -95.3982523, 30.0044315 ] ] } },
{ "type": "Feature", "properties": { "id": "way/129264635", "@id": "way/129264635", "access": null, "addr:city": null, "addr:state": null, "bridge": "yes", "bridge:movable": null, "covered": null, "crossing:barrier": null, "electrified": "no", "embankment": null, "fixme": null, "gauge": "1435", "highspeed": null, "layer": "1", "length": null, "maxspeed": "60 mph", "name": "UP Palestine Subdivision", "name_1": null, "note": null, "note:old_railway_operator": null, "old_railway_operator": "MP", "operator": "Union Pacific Railroad", "operator:wikidata": "Q725793", "owner": null, "railway": "rail", "railway:atc": null, "railway:freight": null, "railway:ptc": "yes", "railway:ref": null, "railway:track_class": "4", "railway:track_ref": null, "ref": null, "reporting_marks": null, "service": "none", "source": "Texas Department of Transportation", "spur": null, "start_date": null, "tiger:cfcc": null, "tiger:county": null, "tiger:name_base": null, "tiger:name_base_1": null, "tiger:name_base_2": null, "tiger:reviewed": null, "tiger:zip_left": null, "tiger:zip_right": null, "tracks": null, "tunnel": null, "usage": "main", "maxspeed_mph": 60.0 }, "geometry": { "type": "LineString", "coordinates": [ [ -95.4052076, 30.0322588 ], [ -95.4048579, 30.0308657 ] ] } },
{ "type": "Feature", "properties": { "id": "way/129264638", "@id": "way/129264638", "access": null, "addr:city": null, "addr:state": null, "bridge": null, "bridge:movable": null, "covered": null, "crossing:barrier": null, "electrified": "no", "embankment": null, "fixme": null, "gauge": "1435", "highspeed": null, "layer": null, "length": null, "maxspeed": "60 mph", "name": "UP Palestine Subdivision", "name_1": null, "note": null, "note:old_railway_operator": null, "old_railway_operator": "MP", "operator": "Union Pacific Railroad", "operator:wikidata": "Q725793", "owner": null, "railway": "rail", "railway:atc": null, "railway:freight": null, "railway:ptc": "yes", "railway:ref": null, "railway:track_class": "4", "railway:track_ref": null, "ref": null, "reporting_marks": null, "service": "none", "source": "Texas Department of Transportation", "spur": null, "start_date": null, "tiger:cfcc": null, "tiger:county": null, "tiger:name_base": null, "tiger:name_base_1": null, "tiger:name_base_2": null, "tiger:reviewed": null, "tiger:zip_left": null, "tiger:zip_right": null, "tracks": null, "tunnel": null, "usage": "main", "maxspeed_mph": 60.0 }, "geometry": { "type": "LineString", "coordinates": [ [ -95.4052573, 30.0322456 ], [ -95.4054766, 30.0331266 ] ] } },
{ "type": "Feature", "properties": { "id": "way/129264639", "@id": "way/129264639", "access": null, "addr:city": null, "addr:state": null, "bridge": null, "bridge:movable": null, "covered": null, "crossing:barrier": null, "electrified": "no", "embankment": null, "fixme": null, "gauge": "1435", "highspeed": null, "layer": null, "length": null, "maxspeed": "60 mph", "name": "UP Palestine Subdivision", "name_1": null, "note": null, "note:old_railway_operator": null, "old_railway_operator": "MP", "operator": "Union Pacific Railroad", "operator:wikidata": "Q725793", "owner": null, "railway": "rail", "railway:atc": null, "railway:freight": null, "railway:ptc": "yes", "railway:ref": null, "railway:track_class": "4", "railway:track_ref": null, "ref": null, "reporting_marks": null, "service": "none", "source": "Texas Department of Transportation", "spur": null, "start_date": null, "tiger:cfcc": null, "tiger:county": null, "tiger:name_base": null, "tiger:name_base_1": null, "tiger:name_base_2": null, "tiger:reviewed": null, "tiger:zip_left": null, "tiger:zip_right": null, "tracks": null, "tunnel": null, "usage": "main", "maxspeed_mph": 60.0 }, "geometry": { "type": "LineString", "coordinates": [ [ -95.4056276, 30.0337335 ], [ -95.4058335, 30.0345605 ], [ -95.4073517, 30.0406417 ], [ -95.4075705, 30.0414833 ], [ -95.4082728, 30.0443204 ], [ -95.4088217, 30.0464816 ], [ -95.4102411, 30.0522026 ], [ -95.4105875, 30.0535655 ], [ -95.4133227, 30.0645544 ], [ -95.4133783, 30.0647703 ], [ -95.4134274, 30.0649607 ], [ -95.4135004, 30.0652441 ], [ -95.4155404, 30.0734095 ], [ -95.4156859, 30.0739704 ], [ -95.4158407, 30.0745962 ], [ -95.4162625, 30.0762926 ], [ -95.4163161, 30.0765081 ], [ -95.4164692, 30.0771242 ], [ -95.4166369, 30.0777458 ], [ -95.41674, 30.0781279 ], [ -95.4168209, 30.0784728 ], [ -95.416891, 30.0787307 ] ] } },
{ "type": "Feature", "properties": { "id": "way/129264640", "@id": "way/129264640", "access": null, "addr:city": null, "addr:state": null, "bridge": null, "bridge:movable": null, "covered": null, "crossing:barrier": null, "electrified": "no", "embankment": null, "fixme": null, "gauge": "1435", "highspeed": null, "layer": null, "length": null, "maxspeed": "60 mph", "name": "UP Palestine Subdivision", "name_1": null, "note": null, "note:old_railway_operator": null, "old_railway_operator": "MP", "operator": "Union Pacific Railroad", "operator:wikidata": "Q725793", "owner": null, "railway": "rail", "railway:atc": null, "railway:freight": null, "railway:ptc": "yes", "railway:ref": null, "railway:track_class": "4", "railway:track_ref": null, "ref": null, "reporting_marks": null, "service": "none", "source": "Texas Department of Transportation", "spur": null, "start_date": null, "tiger:cfcc": null, "tiger:county": null, "tiger:name_base": null, "tiger:name_base_1": null, "tiger:name_base_2": null, "tiger:reviewed": null, "tiger:zip_left": null, "tiger:zip_right": null, "tracks": null, "tunnel": null, "usage": "main", "maxspeed_mph": 60.0 }, "geometry": { "type": "LineString", "coordinates": [ [ -95.3983914, 30.0047743 ], [ -95.40065, 30.013799 ], [ -95.4021037, 30.0196588 ], [ -95.4021352, 30.0197844 ], [ -95.4028075, 30.0224682 ], [ -95.4029241, 30.0228679 ], [ -95.4031938, 30.0240067 ], [ -95.4032552, 30.0242662 ], [ -95.4037291, 30.0261726 ], [ -95.4037465, 30.0262424 ], [ -95.4037978, 30.0264489 ] ] } },
{ "type": "Feature", "properties": { "id": "way/129264649", "@id": "way/129264649", "access": null, "addr:city": null, "addr:state": null, "bridge": null, "bridge:movable": null, "covered": null, "crossing:barrier": null, "electrified": "no", "embankment": null, "fixme": null, "gauge": "1435", "highspeed": null, "layer": null, "length": null, "maxspeed": "60 mph", "name": "UP Palestine Subdivision", "name_1": null, "note": null, "note:old_railway_operator": null, "old_railway_operator": "MP", "operator": "Union Pacific Railroad", "operator:wikidata": "Q725793", "owner": null, "railway": "rail", "railway:atc": null, "railway:freight": null, "railway:ptc": "yes", "railway:ref": null, "railway:track_class": "4", "railway:track_ref": null, "ref": null, "reporting_marks": null, "service": "none", "source": "Texas Department of Transportation", "spur": null, "start_date": null, "tiger:cfcc": null, "tiger:county": null, "tiger:name_base": null, "tiger:name_base_1": null, "tiger:name_base_2": null, "tiger:reviewed": null, "tiger:zip_left": null, "tiger:zip_right": null, "tracks": null, "tunnel": null, "usage": "main", "maxspeed_mph": 60.0 }, "geometry": { "type": "LineString", "coordinates": [ [ -95.4048579, 30.0308657 ], [ -95.4038986, 30.027041 ] ] } },
{ "type": "Feature", "properties": { "id": "way/129264651", "@id": "way/129264651", "access": null, "addr:city": null, "addr:state": null, "bridge": "yes", "bridge:movable": null, "covered": null, "crossing:barrier": null, "electrified": "no", "embankment": null, "fixme": null, "gauge": "1435", "highspeed": null, "layer": "1", "length": null, "maxspeed": "60 mph", "name": "UP Palestine Subdivision", "name_1": null, "note": null, "note:old_railway_operator": null, "old_railway_operator": "MP", "operator": "Union Pacific Railroad", "operator:wikidata": "Q725793", "owner": null, "railway": "rail", "railway:atc": null, "railway:freight": null, "railway:ptc": "yes", "railway:ref": null, "railway:track_class": "4", "railway:track_ref": null, "ref": null, "reporting_marks": null, "service": "none", "source": "Texas Department of Transportation", "spur": null, "start_date": null, "tiger:cfcc": null, "tiger:county": null, "tiger:name_base": null, "tiger:name_base_1": null, "tiger:name_base_2": null, "tiger:reviewed": null, "tiger:zip_left": null, "tiger:zip_right": null, "tracks": null, "tunnel": null, "usage": "main", "maxspeed_mph": 60.0 }, "geometry": { "type": "LineString", "coordinates": [ [ -95.4037978, 30.0264489 ], [ -95.4039474, 30.027032 ] ] } },
{ "type": "Feature", "properties": { "id": "way/129264654", "@id": "way/129264654", "access": null, "addr:city": null, "addr:state": null, "bridge": "yes", "bridge:movable": null, "covered": null, "crossing:barrier": null, "electrified": "no", "embankment": null, "fixme": null, "gauge": "1435", "highspeed": null, "layer": "1", "length": null, "maxspeed": "60 mph", "name": "UP Palestine Subdivision", "name_1": null, "note": null, "note:old_railway_operator": null, "old_railway_operator": "MP", "operator": "Union Pacific Railroad", "operator:wikidata": "Q725793", "owner": null, "railway": "rail", "railway:atc": null, "railway:freight": null, "railway:ptc": "yes", "railway:ref": null, "railway:track_class": "4", "railway:track_ref": null, "ref": null, "reporting_marks": null, "service": "none", "source": "Texas Department of Transportation", "spur": null, "start_date": null, "tiger:cfcc": null, "tiger:county": null, "tiger:name_base": null, "tiger:name_base_1": null, "tiger:name_base_2": null, "tiger:reviewed": null, "tiger:zip_left": null, "tiger:zip_right": null, "tracks": null, "tunnel": null, "usage": "main", "maxspeed_mph": 60.0 }, "geometry": { "type": "LineString", "coordinates": [ [ -95.4054766, 30.0331266 ], [ -95.4056276, 30.0337335 ] ] } },
{ "type": "Feature", "properties": { "id": "way/129266385", "@id": "way/129266385", "access": null, "addr:city": null, "addr:state": null, "bridge": "yes", "bridge:movable": null, "covered": null, "crossing:barrier": null, "electrified": "no", "embankment": null, "fixme": null, "gauge": "1435", "highspeed": null, "layer": "1", "length": null, "maxspeed": "60 mph", "name": "UP Palestine Subdivision", "name_1": null, "note": null, "note:old_railway_operator": null, "old_railway_operator": "MP", "operator": "Union Pacific Railroad", "operator:wikidata": "Q725793", "owner": null, "railway": "rail", "railway:atc": null, "railway:freight": null, "railway:ptc": "yes", "railway:ref": null, "railway:track_class": "4", "railway:track_ref": null, "ref": null, "reporting_marks": null, "service": "none", "source": "Texas Department of Transportation", "spur": null, "start_date": null, "tiger:cfcc": null, "tiger:county": null, "tiger:name_base": null, "tiger:name_base_1": null, "tiger:name_base_2": null, "tiger:reviewed": null, "tiger:zip_left": null, "tiger:zip_right": null, "tracks": null, "tunnel": null, "usage": "main", "maxspeed_mph": 60.0 }, "geometry": { "type": "LineString", "coordinates": [ [ -95.3844274, 29.9491223 ], [ -95.3845703, 29.9496871 ] ] } },
{ "type": "Feature", "properties": { "id": "way/129266392", "@id": "way/129266392", "access": null, "addr:city": null, "addr:state": null, "bridge": null, "bridge:movable": null, "covered": null, "crossing:barrier": null, "electrified": "no", "embankment": null, "fixme": null, "gauge": "1435", "highspeed": null, "layer": null, "length": null, "maxspeed": "60 mph", "name": "UP Palestine Subdivision", "name_1": null, "note": null, "note:old_railway_operator": null, "old_railway_operator": "MP", "operator": "Union Pacific Railroad", "operator:wikidata": "Q725793", "owner": null, "railway": "rail", "railway:atc": null, "railway:freight": null, "railway:ptc": "yes", "railway:ref": null, "railway:track_class": "4", "railway:track_ref": null, "ref": null, "reporting_marks": null, "service": "none", "source": "Texas Department of Transportation", "spur": null, "start_date": null, "tiger:cfcc": null, "tiger:county": null, "tiger:name_base": null, "tiger:name_base_1": null, "tiger:name_base_2": null, "tiger:reviewed": null, "tiger:zip_left": null, "tiger:zip_right": null, "tracks": null, "tunnel": null, "usage": "main", "maxspeed_mph": 60.0 }, "geometry": { "type": "LineString", "coordinates": [ [ -95.3846077, 29.9496738 ], [ -95.3847896, 29.9503839 ], [ -95.3851086, 29.9516538 ], [ -95.3858542, 29.9546346 ], [ -95.3864665, 29.9570886 ], [ -95.3867734, 29.9583046 ], [ -95.3876664, 29.9618794 ], [ -95.3882509, 29.9642108 ], [ -95.388673, 29.9658914 ], [ -95.3886957, 29.9659816 ], [ -95.3902947, 29.97239 ], [ -95.3910534, 29.9754263 ], [ -95.3931199, 29.9836941 ], [ -95.3931587, 29.9838492 ], [ -95.3953123, 29.992451 ], [ -95.3957118, 29.9940578 ], [ -95.3961889, 29.9959725 ], [ -95.3962169, 29.9960755 ], [ -95.3962518, 29.996222 ], [ -95.3966067, 29.997619 ], [ -95.3975949, 30.0016117 ], [ -95.3982987, 30.0044063 ] ] } },
{ "type": "Feature", "properties": { "id": "way/129266409", "@id": "way/129266409", "access": null, "addr:city": null, "addr:state": null, "bridge": null, "bridge:movable": null, "covered": null, "crossing:barrier": null, "electrified": "no", "embankment": null, "fixme": null, "gauge": "1435", "highspeed": null, "layer": null, "length": null, "maxspeed": "60 mph", "name": "UP Palestine Subdivision", "name_1": null, "note": null, "note:old_railway_operator": null, "old_railway_operator": "MP", "operator": "Union Pacific Railroad", "operator:wikidata": "Q725793", "owner": null, "railway": "rail", "railway:atc": null, "railway:freight": null, "railway:ptc": "yes", "railway:ref": null, "railway:track_class": "4", "railway:track_ref": null, "ref": null, "reporting_marks": null, "service": "none", "source": "Texas Department of Transportation", "spur": null, "start_date": null, "tiger:cfcc": null, "tiger:county": null, "tiger:name_base": null, "tiger:name_base_1": null, "tiger:name_base_2": null, "tiger:reviewed": null, "tiger:zip_left": null, "tiger:zip_right": null, "tracks": null, "tunnel": null, "usage": "main", "maxspeed_mph": 60.0 }, "geometry": { "type": "LineString", "coordinates": [ [ -95.3845703, 29.9496871 ], [ -95.3850558, 29.9516625 ], [ -95.3858221, 29.9546441 ], [ -95.3864444, 29.9571888 ], [ -95.386722, 29.9582953 ], [ -95.3877864, 29.9625566 ], [ -95.3882058, 29.9642131 ], [ -95.3886293, 29.9658922 ], [ -95.3886502, 29.9659804 ], [ -95.3902463, 29.9723959 ], [ -95.391004, 29.9754219 ], [ -95.3930762, 29.983704 ], [ -95.393107, 29.9838585 ], [ -95.3952581, 29.9924432 ], [ -95.3959114, 29.9950351 ], [ -95.3961625, 29.9960847 ], [ -95.3962012, 29.99623 ], [ -95.3965565, 29.9976253 ], [ -95.3982523, 30.0044315 ] ] } },
{ "type": "Feature", "properties": { "id": "way/129266410", "@id": "way/129266410", "access": null, "addr:city": null, "addr:state": null, "bridge": "yes", "bridge:movable": null, "covered": null, "crossing:barrier": null, "electrified": "no", "embankment": null, "fixme": null, "gauge": "1435", "highspeed": null, "layer": "1", "length": null, "maxspeed": "60 mph", "name": "UP Palestine Subdivision", "name_1": null, "note": null, "note:old_railway_operator": null, "old_railway_operator": "MP", "operator": "Union Pacific Railroad", "operator:wikidata": "Q725793", "owner": null, "railway": "rail", "railway:atc": null, "railway:freight": null, "railway:ptc": "yes", "railway:ref": null, "railway:track_class": "4", "railway:track_ref": null, "ref": null, "reporting_marks": null, "service": "none", "source": "Texas Department of Transportation", "spur": null, "start_date": null, "tiger:cfcc": null, "tiger:county": null, "tiger:name_base": null, "tiger:name_base_1": null, "tiger:name_base_2": null, "tiger:reviewed": null, "tiger:zip_left": null, "tiger:zip_right": null, "tracks": null, "tunnel": null, "usage": "main", "maxspeed_mph": 60.0 }, "geometry": { "type": "LineString", "coordinates": [ [ -95.3844637, 29.9491043 ], [ -95.3846077, 29.9496738 ] ] } },
{ "type": "Feature", "properties": { "id": "way/137059360", "@id": "way/137059360", "access": null, "addr:city": null, "addr:state": null, "bridge": "yes", "bridge:movable": null, "covered": null, "crossing:barrier": null, "electrified": "no", "embankment": null, "fixme": null, "gauge": "1435", "highspeed": null, "layer": "1", "length": null, "maxspeed": "20 mph", "name": "UP Houston East Belt Subdivision", "name_1": null, "note": null, "note:old_railway_operator": null, "old_railway_operator": "HB&T", "operator": "Union Pacific Railroad", "operator:wikidata": "Q725793", "owner": "HB&T", "railway": "rail", "railway:atc": null, "railway:freight": null, "railway:ptc": "yes", "railway:ref": null, "railway:track_class": "2", "railway:track_ref": null, "ref": null, "reporting_marks": null, "service": "none", "source": "Texas Department of Transportation", "spur": null, "start_date": null, "tiger:cfcc": null, "tiger:county": null, "tiger:name_base": null, "tiger:name_base_1": null, "tiger:name_base_2": null, "tiger:reviewed": null, "tiger:zip_left": null, "tiger:zip_right": null, "tracks": null, "tunnel": null, "usage": "main", "maxspeed_mph": 20.0 }, "geometry": { "type": "LineString", "coordinates": [ [ -95.3287425, 29.7224622 ], [ -95.3286443, 29.7225605 ] ] } },
{ "type": "Feature", "properties": { "id": "way/137059362", "@id": "way/137059362", "access": null, "addr:city": null, "addr:state": null, "bridge": null, "bridge:movable": null, "covered": null, "crossing:barrier": null, "electrified": "no", "embankment": null, "fixme": null, "gauge": "1435", "highspeed": null, "layer": null, "length": null, "maxspeed": "20 mph", "name": "UP Houston East Belt Subdivision", "name_1": null, "note": null, "note:old_railway_operator": null, "old_railway_operator": "HB&T", "operator": "Union Pacific Railroad", "operator:wikidata": "Q725793", "owner": "HB&T", "railway": "rail", "railway:atc": null, "railway:freight": null, "railway:ptc": "yes", "railway:ref": null, "railway:track_class": "2", "railway:track_ref": null, "ref": null, "reporting_marks": null, "service": "none", "source": "Texas Department of Transportation", "spur": null, "start_date": null, "tiger:cfcc": null, "tiger:county": null, "tiger:name_base": null, "tiger:name_base_1": null, "tiger:name_base_2": null, "tiger:reviewed": null, "tiger:zip_left": null, "tiger:zip_right": null, "tracks": null, "tunnel": null, "usage": "main", "maxspeed_mph": 20.0 }, "geometry": { "type": "LineString", "coordinates": [ [ -95.3286443, 29.7225605 ], [ -95.3283404, 29.7228648 ] ] } },
{ "type": "Feature", "properties": { "id": "way/137059363", "@id": "way/137059363", "access": null, "addr:city": null, "addr:state": null, "bridge": "yes", "bridge:movable": null, "covered": null, "crossing:barrier": null, "electrified": "no", "embankment": null, "fixme": null, "gauge": "1435", "highspeed": null, "layer": "1", "length": null, "maxspeed": "20 mph", "name": "UP Houston East Belt Subdivision", "name_1": null, "note": null, "note:old_railway_operator": null, "old_railway_operator": "HB&T", "operator": "Union Pacific Railroad", "operator:wikidata": "Q725793", "owner": "HB&T", "railway": "rail", "railway:atc": null, "railway:freight": null, "railway:ptc": "yes", "railway:ref": null, "railway:track_class": "2", "railway:track_ref": null, "ref": null, "reporting_marks": null, "service": "none", "source": "Texas Department of Transportation", "spur": null, "start_date": null, "tiger:cfcc": null, "tiger:county": null, "tiger:name_base": null, "tiger:name_base_1": null, "tiger:name_base_2": null, "tiger:reviewed": null, "tiger:zip_left": null, "tiger:zip_right": null, "tracks": null, "tunnel": null, "usage": "main", "maxspeed_mph": 20.0 }, "geometry": { "type": "LineString", "coordinates": [ [ -95.3283404, 29.7228648 ], [ -95.328232, 29.7229734 ] ] } },
{ "type": "Feature", "properties": { "id": "way/137059367", "@id": "way/137059367", "access": null, "addr:city": null, "addr:state": null, "bridge": null, "bridge:movable": null, "covered": null, "crossing:barrier": null, "electrified": "no", "embankment": null, "fixme": null, "gauge": "1435", "highspeed": null, "layer": null, "length": null, "maxspeed": "20 mph", "name": "UP Houston East Belt Subdivision", "name_1": null, "note": null, "note:old_railway_operator": null, "old_railway_operator": "HB&T", "operator": "Union Pacific Railroad", "operator:wikidata": "Q725793", "owner": "HB&T", "railway": "rail", "railway:atc": null, "railway:freight": null, "railway:ptc": "yes", "railway:ref": null, "railway:track_class": "2", "railway:track_ref": null, "ref": null, "reporting_marks": null, "service": "none", "source": "Texas Department of Transportation", "spur": null, "start_date": null, "tiger:cfcc": null, "tiger:county": null, "tiger:name_base": null, "tiger:name_base_1": null, "tiger:name_base_2": null, "tiger:reviewed": null, "tiger:zip_left": null, "tiger:zip_right": null, "tracks": null, "tunnel": null, "usage": "main", "maxspeed_mph": 20.0 }, "geometry": { "type": "LineString", "coordinates": [ [ -95.3281939, 29.7229497 ], [ -95.3280176, 29.7231256 ], [ -95.3272966, 29.723847 ], [ -95.3267182, 29.7244209 ], [ -95.3258143, 29.7253223 ], [ -95.3251968, 29.7259391 ], [ -95.324833, 29.726299 ], [ -95.3244165, 29.7267145 ], [ -95.323708, 29.7274209 ], [ -95.3229297, 29.7281952 ], [ -95.3228776, 29.728247 ], [ -95.3225287, 29.7285946 ], [ -95.3217886, 29.72934 ], [ -95.3211455, 29.7299839 ], [ -95.3205234, 29.7306005 ], [ -95.3199371, 29.7311848 ], [ -95.3193567, 29.7317655 ], [ -95.3176702, 29.7334439 ], [ -95.317612, 29.7335018 ], [ -95.3170755, 29.7340398 ], [ -95.3160752, 29.7350379 ], [ -95.3157119, 29.7354082 ] ] } },
{ "type": "Feature", "properties": { "id": "way/137059371", "@id": "way/137059371", "access": null, "addr:city": null, "addr:state": null, "bridge": null, "bridge:movable": null, "covered": null, "crossing:barrier": null, "electrified": "no", "embankment": null, "fixme": null, "gauge": "1435", "highspeed": null, "layer": null, "length": null, "maxspeed": "20 mph", "name": "UP Houston East Belt Subdivision", "name_1": null, "note": null, "note:old_railway_operator": null, "old_railway_operator": "HB&T", "operator": "Union Pacific Railroad", "operator:wikidata": "Q725793", "owner": "HB&T", "railway": "rail", "railway:atc": null, "railway:freight": null, "railway:ptc": "yes", "railway:ref": null, "railway:track_class": "2", "railway:track_ref": null, "ref": null, "reporting_marks": null, "service": "none", "source": "Texas Department of Transportation", "spur": null, "start_date": null, "tiger:cfcc": null, "tiger:county": null, "tiger:name_base": null, "tiger:name_base_1": null, "tiger:name_base_2": null, "tiger:reviewed": null, "tiger:zip_left": null, "tiger:zip_right": null, "tracks": null, "tunnel": null, "usage": "main", "maxspeed_mph": 20.0 }, "geometry": { "type": "LineString", "coordinates": [ [ -95.328232, 29.7229734 ], [ -95.3279716, 29.7232341 ], [ -95.3273807, 29.7238247 ], [ -95.3265429, 29.7246576 ], [ -95.3257102, 29.7254876 ], [ -95.3248535, 29.7263389 ], [ -95.3243752, 29.7268168 ], [ -95.3237818, 29.7274093 ], [ -95.3229776, 29.7282118 ], [ -95.3229275, 29.7282617 ], [ -95.321949, 29.7292375 ], [ -95.3212378, 29.7299521 ], [ -95.3205718, 29.7306152 ], [ -95.3199845, 29.7311993 ], [ -95.3194033, 29.7317799 ], [ -95.3182103, 29.7329673 ], [ -95.3177176, 29.7334587 ], [ -95.317658, 29.7335182 ], [ -95.3171958, 29.7339794 ], [ -95.3164374, 29.7347387 ], [ -95.3157501, 29.7354345 ] ] } },
{ "type": "Feature", "properties": { "id": "way/137059386", "@id": "way/137059386", "access": null, "addr:city": null, "addr:state": null, "bridge": "yes", "bridge:movable": null, "covered": null, "crossing:barrier": null, "electrified": "no", "embankment": null, "fixme": null, "gauge": "1435", "highspeed": null, "layer": "1", "length": null, "maxspeed": "20 mph", "name": "UP Houston East Belt Subdivision", "name_1": null, "note": null, "note:old_railway_operator": null, "old_railway_operator": "HB&T", "operator": "Union Pacific Railroad", "operator:wikidata": "Q725793", "owner": "HB&T", "railway": "rail", "railway:atc": null, "railway:freight": null, "railway:ptc": "yes", "railway:ref": null, "railway:track_class": "2", "railway:track_ref": null, "ref": null, "reporting_marks": null, "service": "none", "source": "Texas Department of Transportation", "spur": null, "start_date": null, "tiger:cfcc": null, "tiger:county": null, "tiger:name_base": null, "tiger:name_base_1": null, "tiger:name_base_2": null, "tiger:reviewed": null, "tiger:zip_left": null, "tiger:zip_right": null, "tracks": null, "tunnel": null, "usage": "main", "maxspeed_mph": 20.0 }, "geometry": { "type": "LineString", "coordinates": [ [ -95.3287063, 29.7224387 ], [ -95.328611, 29.7225338 ] ] } },
{ "type": "Feature", "properties": { "id": "way/137059393", "@id": "way/137059393", "access": null, "addr:city": null, "addr:state": null, "bridge": "yes", "bridge:movable": null, "covered": null, "crossing:barrier": null, "electrified": "no", "embankment": null, "fixme": null, "gauge": "1435", "highspeed": null, "layer": "1", "length": null, "maxspeed": "20 mph", "name": "UP Houston East Belt Subdivision", "name_1": null, "note": null, "note:old_railway_operator": null, "old_railway_operator": "HB&T", "operator": "Union Pacific Railroad", "operator:wikidata": "Q725793", "owner": "HB&T", "railway": "rail", "railway:atc": null, "railway:freight": null, "railway:ptc": "yes", "railway:ref": null, "railway:track_class": "2", "railway:track_ref": null, "ref": null, "reporting_marks": null, "service": "none", "source": "Texas Department of Transportation", "spur": null, "start_date": null, "tiger:cfcc": null, "tiger:county": null, "tiger:name_base": null, "tiger:name_base_1": null, "tiger:name_base_2": null, "tiger:reviewed": null, "tiger:zip_left": null, "tiger:zip_right": null, "tracks": null, "tunnel": null, "usage": "main", "maxspeed_mph": 20.0 }, "geometry": { "type": "LineString", "coordinates": [ [ -95.3283026, 29.7228413 ], [ -95.3281939, 29.7229497 ] ] } },
{ "type": "Feature", "properties": { "id": "way/137059396", "@id": "way/137059396", "access": null, "addr:city": null, "addr:state": null, "bridge": null, "bridge:movable": null, "covered": null, "crossing:barrier": null, "electrified": "no", "embankment": null, "fixme": null, "gauge": "1435", "highspeed": null, "layer": null, "length": null, "maxspeed": "20 mph", "name": "UP Houston East Belt Subdivision", "name_1": null, "note": null, "note:old_railway_operator": null, "old_railway_operator": "HB&T", "operator": "Union Pacific Railroad", "operator:wikidata": "Q725793", "owner": "HB&T", "railway": "rail", "railway:atc": null, "railway:freight": null, "railway:ptc": "yes", "railway:ref": null, "railway:track_class": "2", "railway:track_ref": null, "ref": null, "reporting_marks": null, "service": "none", "source": "Texas Department of Transportation", "spur": null, "start_date": null, "tiger:cfcc": null, "tiger:county": null, "tiger:name_base": null, "tiger:name_base_1": null, "tiger:name_base_2": null, "tiger:reviewed": null, "tiger:zip_left": null, "tiger:zip_right": null, "tracks": null, "tunnel": null, "usage": "main", "maxspeed_mph": 20.0 }, "geometry": { "type": "LineString", "coordinates": [ [ -95.328611, 29.7225338 ], [ -95.3283026, 29.7228413 ] ] } },
{ "type": "Feature", "properties": { "id": "way/156964771", "@id": "way/156964771", "access": null, "addr:city": null, "addr:state": null, "bridge": null, "bridge:movable": null, "covered": null, "crossing:barrier": null, "electrified": "no", "embankment": null, "fixme": null, "gauge": "1435", "highspeed": null, "layer": null, "length": null, "maxspeed": "55 mph", "name": "BNSF Galveston Subdivision", "name_1": null, "note": null, "note:old_railway_operator": null, "old_railway_operator": "AT&SF", "operator": "BNSF Railway", "operator:wikidata": "Q267122", "owner": null, "railway": "rail", "railway:atc": null, "railway:freight": null, "railway:ptc": "yes", "railway:ref": null, "railway:track_class": "4", "railway:track_ref": null, "ref": "7500", "reporting_marks": "BNSF", "service": "none", "source": null, "spur": null, "start_date": null, "tiger:cfcc": null, "tiger:county": null, "tiger:name_base": null, "tiger:name_base_1": null, "tiger:name_base_2": null, "tiger:reviewed": null, "tiger:zip_left": null, "tiger:zip_right": null, "tracks": null, "tunnel": null, "usage": "main", "maxspeed_mph": 55.0 }, "geometry": { "type": "LineString", "coordinates": [ [ -95.7469051, 29.5463001 ], [ -95.746115, 29.545666 ], [ -95.745361, 29.545083 ], [ -95.74502, 29.544854 ], [ -95.7448804, 29.5447661 ], [ -95.74454, 29.544552 ], [ -95.743864, 29.544131 ], [ -95.74329, 29.543833 ], [ -95.743021, 29.543687 ], [ -95.7425277, 29.5434346 ], [ -95.741707, 29.543081 ], [ -95.741072, 29.542818 ], [ -95.740319, 29.5425513 ], [ -95.7395625, 29.5423168 ], [ -95.738664, 29.5420775 ], [ -95.7376835, 29.541863 ], [ -95.7367145, 29.5417048 ], [ -95.7343135, 29.5414077 ], [ -95.7308008, 29.540955 ], [ -95.7251302, 29.5402116 ], [ -95.7249264, 29.5401849 ], [ -95.7224763, 29.5398774 ], [ -95.7104557, 29.5383265 ], [ -95.7027487, 29.5373384 ], [ -95.7025656, 29.5373069 ], [ -95.687003, 29.53529 ], [ -95.6866816, 29.535242 ], [ -95.6832768, 29.5347989 ], [ -95.6801746, 29.5344048 ], [ -95.665621, 29.5325139 ], [ -95.6655032, 29.5324977 ], [ -95.6623617, 29.5320932 ], [ -95.6573699, 29.5314417 ], [ -95.656141, 29.5312786 ], [ -95.6556845, 29.5312166 ], [ -95.6553946, 29.5311748 ], [ -95.6551157, 29.5311293 ], [ -95.6549175, 29.5310963 ], [ -95.6546002, 29.5310378 ], [ -95.6543916, 29.5309964 ], [ -95.6538414, 29.5308764 ], [ -95.6533969, 29.5307682 ], [ -95.6530851, 29.5306858 ], [ -95.6526999, 29.5305745 ], [ -95.652372, 29.530476 ], [ -95.6517854, 29.5302829 ], [ -95.6512513, 29.5300845 ], [ -95.6509531, 29.5299677 ], [ -95.6505354, 29.529795 ], [ -95.6501574, 29.5296273 ], [ -95.6498334, 29.5294772 ], [ -95.6495422, 29.5293412 ] ] } },
{ "type": "Feature", "properties": { "id": "way/157019117", "@id": "way/157019117", "access": null, "addr:city": null, "addr:state": null, "bridge": "yes", "bridge:movable": null, "covered": null, "crossing:barrier": null, "electrified": "no", "embankment": null, "fixme": null, "gauge": "1435", "highspeed": null, "layer": "1", "length": null, "maxspeed": "40 mph", "name": "UP Eureka Subdivision", "name_1": null, "note": null, "note:old_railway_operator": "H&TC", "old_railway_operator": "SP", "operator": "Union Pacific Railroad", "operator:wikidata": "Q725793", "owner": null, "railway": "rail", "railway:atc": null, "railway:freight": null, "railway:ptc": "yes", "railway:ref": null, "railway:track_class": "3", "railway:track_ref": null, "ref": null, "reporting_marks": null, "service": "none", "source": "Texas Department of Transportation", "spur": null, "start_date": null, "tiger:cfcc": "B11", "tiger:county": "Grimes, TX:Harris, TX:Waller, TX", "tiger:name_base": "Railroad:Southern Pacific Railroad", "tiger:name_base_1": null, "tiger:name_base_2": null, "tiger:reviewed": null, "tiger:zip_left": null, "tiger:zip_right": null, "tracks": null, "tunnel": null, "usage": "main", "maxspeed_mph": 40.0 }, "geometry": { "type": "LineString", "coordinates": [ [ -95.6789057, 29.9558532 ], [ -95.6784308, 29.9555265 ] ] } },
{ "type": "Feature", "properties": { "id": "way/157019164", "@id": "way/157019164", "access": null, "addr:city": null, "addr:state": null, "bridge": null, "bridge:movable": null, "covered": null, "crossing:barrier": null, "electrified": "no", "embankment": null, "fixme": null, "gauge": "1435", "highspeed": null, "layer": null, "length": null, "maxspeed": "40 mph", "name": "UP Eureka Subdivision", "name_1": null, "note": null, "note:old_railway_operator": "H&TC", "old_railway_operator": "SP", "operator": "Union Pacific Railroad", "operator:wikidata": "Q725793", "owner": null, "railway": "rail", "railway:atc": null, "railway:freight": null, "railway:ptc": "yes", "railway:ref": null, "railway:track_class": "3", "railway:track_ref": null, "ref": null, "reporting_marks": null, "service": "none", "source": "Texas Department of Transportation", "spur": null, "start_date": null, "tiger:cfcc": "B11", "tiger:county": "Grimes, TX:Harris, TX:Waller, TX", "tiger:name_base": "Railroad:Southern Pacific Railroad", "tiger:name_base_1": null, "tiger:name_base_2": null, "tiger:reviewed": null, "tiger:zip_left": null, "tiger:zip_right": null, "tracks": null, "tunnel": null, "usage": "main", "maxspeed_mph": 40.0 }, "geometry": { "type": "LineString", "coordinates": [ [ -95.650136, 29.9359192 ], [ -95.6418455, 29.9301065 ], [ -95.6416008, 29.9299325 ], [ -95.6407884, 29.9293549 ], [ -95.6378032, 29.9272634 ], [ -95.6368278, 29.9265815 ], [ -95.636511, 29.92636 ], [ -95.631817, 29.923073 ], [ -95.629609, 29.9215027 ], [ -95.6291684, 29.9211893 ], [ -95.6288561, 29.9209676 ], [ -95.6287451, 29.9208891 ], [ -95.6202542, 29.9149445 ], [ -95.6198669, 29.9146426 ], [ -95.618644, 29.913805 ], [ -95.615877, 29.9118562 ], [ -95.612546, 29.90951 ], [ -95.6090398, 29.9070357 ], [ -95.6053995, 29.9044672 ], [ -95.6032801, 29.9029691 ], [ -95.602995, 29.9027737 ], [ -95.6028353, 29.9026642 ], [ -95.5998314, 29.9005358 ], [ -95.5996417, 29.9004097 ], [ -95.5960976, 29.8979004 ] ] } },
{ "type": "Feature", "properties": { "id": "way/193427415", "@id": "way/193427415", "access": null, "addr:city": null, "addr:state": null, "bridge": "yes", "bridge:movable": null, "covered": null, "crossing:barrier": null, "electrified": "no", "embankment": null, "fixme": null, "gauge": "1435", "highspeed": null, "layer": "1", "length": null, "maxspeed": "60 mph", "name": "UP Lufkin Subdivision", "name_1": null, "note": null, "note:old_railway_operator": "HE&WT", "old_railway_operator": "SP", "operator": "Union Pacific Railroad", "operator:wikidata": "Q725793", "owner": null, "railway": "rail", "railway:atc": "no", "railway:freight": null, "railway:ptc": "no", "railway:ref": null, "railway:track_class": "4", "railway:track_ref": null, "ref": null, "reporting_marks": null, "service": "none", "source": "Texas Department of Transportation", "spur": null, "start_date": null, "tiger:cfcc": "B11", "tiger:county": "Harris, TX", "tiger:name_base": "Houston Belt and Terminal Ry:Southern Pacific Railroad", "tiger:name_base_1": null, "tiger:name_base_2": null, "tiger:reviewed": null, "tiger:zip_left": null, "tiger:zip_right": null, "tracks": null, "tunnel": null, "usage": "main", "maxspeed_mph": 60.0 }, "geometry": { "type": "LineString", "coordinates": [ [ -95.2754982, 29.9737155 ], [ -95.2753381, 29.9740995 ] ] } },
{ "type": "Feature", "properties": { "id": "way/193427419", "@id": "way/193427419", "access": null, "addr:city": null, "addr:state": null, "bridge": null, "bridge:movable": null, "covered": null, "crossing:barrier": null, "electrified": "no", "embankment": null, "fixme": null, "gauge": "1435", "highspeed": null, "layer": null, "length": null, "maxspeed": "60 mph", "name": "UP Lufkin Subdivision", "name_1": null, "note": null, "note:old_railway_operator": "HE&WT", "old_railway_operator": "SP", "operator": "Union Pacific Railroad", "operator:wikidata": "Q725793", "owner": null, "railway": "rail", "railway:atc": "no", "railway:freight": null, "railway:ptc": "no", "railway:ref": null, "railway:track_class": "4", "railway:track_ref": null, "ref": null, "reporting_marks": null, "service": "none", "source": "Texas Department of Transportation", "spur": null, "start_date": null, "tiger:cfcc": "B11", "tiger:county": "Harris, TX", "tiger:name_base": "Houston Belt and Terminal Ry:Southern Pacific Railroad", "tiger:name_base_1": null, "tiger:name_base_2": null, "tiger:reviewed": null, "tiger:zip_left": null, "tiger:zip_right": null, "tracks": null, "tunnel": null, "usage": "main", "maxspeed_mph": 60.0 }, "geometry": { "type": "LineString", "coordinates": [ [ -95.2753381, 29.9740995 ], [ -95.2753029, 29.97419 ], [ -95.2745283, 29.9761621 ], [ -95.2737038, 29.9783248 ], [ -95.2666738, 29.99615 ] ] } },
{ "type": "Feature", "properties": { "id": "way/193429010", "@id": "way/193429010", "access": null, "addr:city": null, "addr:state": null, "bridge": "yes", "bridge:movable": null, "covered": null, "crossing:barrier": null, "electrified": "no", "embankment": null, "fixme": null, "gauge": "1435", "highspeed": null, "layer": null, "length": null, "maxspeed": "60 mph", "name": "UP Lufkin Subdivision", "name_1": null, "note": null, "note:old_railway_operator": "HE&WT", "old_railway_operator": "SP", "operator": "Union Pacific Railroad", "operator:wikidata": "Q725793", "owner": null, "railway": "rail", "railway:atc": "no", "railway:freight": null, "railway:ptc": "no", "railway:ref": null, "railway:track_class": "4", "railway:track_ref": null, "ref": null, "reporting_marks": null, "service": "none", "source": "Texas Department of Transportation", "spur": null, "start_date": null, "tiger:cfcc": null, "tiger:county": null, "tiger:name_base": null, "tiger:name_base_1": null, "tiger:name_base_2": null, "tiger:reviewed": null, "tiger:zip_left": null, "tiger:zip_right": null, "tracks": null, "tunnel": null, "usage": "main", "maxspeed_mph": 60.0 }, "geometry": { "type": "LineString", "coordinates": [ [ -95.2531692, 30.0312503 ], [ -95.2532412, 30.0309702 ] ] } },
{ "type": "Feature", "properties": { "id": "way/193429011", "@id": "way/193429011", "access": null, "addr:city": null, "addr:state": null, "bridge": null, "bridge:movable": null, "covered": null, "crossing:barrier": null, "electrified": "no", "embankment": null, "fixme": null, "gauge": "1435", "highspeed": null, "layer": null, "length": null, "maxspeed": "60 mph", "name": "UP Lufkin Subdivision", "name_1": null, "note": null, "note:old_railway_operator": "HE&WT", "old_railway_operator": "SP", "operator": "Union Pacific Railroad", "operator:wikidata": "Q725793", "owner": null, "railway": "rail", "railway:atc": "no", "railway:freight": null, "railway:ptc": "no", "railway:ref": null, "railway:track_class": "4", "railway:track_ref": null, "ref": null, "reporting_marks": null, "service": "none", "source": "Texas Department of Transportation", "spur": null, "start_date": null, "tiger:cfcc": null, "tiger:county": null, "tiger:name_base": null, "tiger:name_base_1": null, "tiger:name_base_2": null, "tiger:reviewed": null, "tiger:zip_left": null, "tiger:zip_right": null, "tracks": null, "tunnel": null, "usage": "main", "maxspeed_mph": 60.0 }, "geometry": { "type": "LineString", "coordinates": [ [ -95.1793456, 30.2080794 ], [ -95.1788584, 30.208757 ], [ -95.1779027, 30.2102174 ], [ -95.1730914, 30.2173474 ], [ -95.1718861, 30.2191288 ], [ -95.1674972, 30.2255985 ], [ -95.1642543, 30.2303807 ], [ -95.1637837, 30.2310753 ] ] } },
{ "type": "Feature", "properties": { "id": "way/193429016", "@id": "way/193429016", "access": null, "addr:city": null, "addr:state": null, "bridge": "yes", "bridge:movable": null, "covered": null, "crossing:barrier": null, "electrified": "no", "embankment": null, "fixme": null, "gauge": "1435", "highspeed": null, "layer": "1", "length": null, "maxspeed": "60 mph", "name": "UP Lufkin Subdivision", "name_1": null, "note": null, "note:old_railway_operator": "HE&WT", "old_railway_operator": "SP", "operator": "Union Pacific Railroad", "operator:wikidata": "Q725793", "owner": null, "railway": "rail", "railway:atc": "no", "railway:freight": null, "railway:ptc": "no", "railway:ref": null, "railway:track_class": "4", "railway:track_ref": null, "ref": null, "reporting_marks": null, "service": "none", "source": "Texas Department of Transportation", "spur": null, "start_date": null, "tiger:cfcc": "B11:B13:B21", "tiger:county": "Angelina, TX:Caddo, LA:De Soto, LA:Harris, TX:Liberty, TX:Montgomery, TX:Nacogdoches, TX:Polk, TX:San Jacinto, TX:Shelby, TX", "tiger:name_base": "Kansas City Southern Railway:Southern Pacific Railroad", "tiger:name_base_1": null, "tiger:name_base_2": null, "tiger:reviewed": null, "tiger:zip_left": null, "tiger:zip_right": null, "tracks": null, "tunnel": null, "usage": "main", "maxspeed_mph": 60.0 }, "geometry": { "type": "LineString", "coordinates": [ [ -95.2090402, 30.1611528 ], [ -95.2100179, 30.1583468 ] ] } },
{ "type": "Feature", "properties": { "id": "way/193429017", "@id": "way/193429017", "access": null, "addr:city": null, "addr:state": null, "bridge": null, "bridge:movable": null, "covered": null, "crossing:barrier": null, "electrified": "no", "embankment": null, "fixme": null, "gauge": "1435", "highspeed": null, "layer": null, "length": null, "maxspeed": "60 mph", "name": "UP Lufkin Subdivision", "name_1": null, "note": null, "note:old_railway_operator": "HE&WT", "old_railway_operator": "SP", "operator": "Union Pacific Railroad", "operator:wikidata": "Q725793", "owner": null, "railway": "rail", "railway:atc": "no", "railway:freight": null, "railway:ptc": "no", "railway:ref": null, "railway:track_class": "4", "railway:track_ref": null, "ref": null, "reporting_marks": null, "service": "none", "source": "Texas Department of Transportation", "spur": null, "start_date": null, "tiger:cfcc": "B11:B13:B21", "tiger:county": "Angelina, TX:Caddo, LA:De Soto, LA:Harris, TX:Liberty, TX:Montgomery, TX:Nacogdoches, TX:Polk, TX:San Jacinto, TX:Shelby, TX", "tiger:name_base": "Kansas City Southern Railway:Southern Pacific Railroad", "tiger:name_base_1": null, "tiger:name_base_2": null, "tiger:reviewed": null, "tiger:zip_left": null, "tiger:zip_right": null, "tracks": null, "tunnel": null, "usage": "main", "maxspeed_mph": 60.0 }, "geometry": { "type": "LineString", "coordinates": [ [ -95.1190361, 30.2931122 ], [ -95.1207945, 30.2909658 ], [ -95.1226224, 30.2887261 ], [ -95.1238904, 30.2871849 ], [ -95.1250687, 30.2857474 ], [ -95.1257154, 30.2849527 ], [ -95.1277785, 30.2824424 ], [ -95.1290074, 30.2809385 ], [ -95.1335717, 30.2753823 ], [ -95.1340663, 30.2747777 ], [ -95.1344423, 30.2742787 ], [ -95.1347432, 30.2738753 ], [ -95.1351255, 30.2733045 ], [ -95.1372031, 30.2702435 ], [ -95.1390514, 30.2675251 ], [ -95.1429822, 30.2617321 ], [ -95.1454505, 30.258104 ], [ -95.1455462, 30.257963 ], [ -95.1455733, 30.2579232 ], [ -95.1491689, 30.2526272 ], [ -95.1495752, 30.2520343 ], [ -95.1507788, 30.2502592 ], [ -95.1539204, 30.2456167 ], [ -95.1546502, 30.2445455 ], [ -95.1556166, 30.2431192 ], [ -95.1569765, 30.2411013 ], [ -95.1623125, 30.2332456 ], [ -95.1629717, 30.23227 ], [ -95.1637837, 30.2310753 ] ] } },
{ "type": "Feature", "properties": { "id": "way/193429018", "@id": "way/193429018", "access": null, "addr:city": null, "addr:state": null, "bridge": null, "bridge:movable": null, "covered": null, "crossing:barrier": null, "electrified": "no", "embankment": null, "fixme": null, "gauge": "1435", "highspeed": null, "layer": null, "length": null, "maxspeed": "60 mph", "name": "UP Lufkin Subdivision", "name_1": null, "note": null, "note:old_railway_operator": "HE&WT", "old_railway_operator": "SP", "operator": "Union Pacific Railroad", "operator:wikidata": "Q725793", "owner": null, "railway": "rail", "railway:atc": "no", "railway:freight": null, "railway:ptc": "no", "railway:ref": null, "railway:track_class": "4", "railway:track_ref": null, "ref": null, "reporting_marks": null, "service": "none", "source": "Texas Department of Transportation", "spur": null, "start_date": null, "tiger:cfcc": "B11:B13:B21", "tiger:county": "Angelina, TX:Caddo, LA:De Soto, LA:Harris, TX:Liberty, TX:Montgomery, TX:Nacogdoches, TX:Polk, TX:San Jacinto, TX:Shelby, TX", "tiger:name_base": "Kansas City Southern Railway:Southern Pacific Railroad", "tiger:name_base_1": null, "tiger:name_base_2": null, "tiger:reviewed": null, "tiger:zip_left": null, "tiger:zip_right": null, "tracks": null, "tunnel": null, "usage": "main", "maxspeed_mph": 60.0 }, "geometry": { "type": "LineString", "coordinates": [ [ -95.1850142, 30.1996435 ], [ -95.1887796, 30.194039 ], [ -95.1899309, 30.1923212 ], [ -95.1912526, 30.1903552 ], [ -95.1918694, 30.189434 ], [ -95.1927668, 30.1881218 ], [ -95.194403, 30.1856972 ], [ -95.200278, 30.1770112 ], [ -95.2008627, 30.1761648 ], [ -95.2030284, 30.1729572 ], [ -95.2030825, 30.1728771 ], [ -95.2064209, 30.1679913 ], [ -95.206686, 30.1675435 ], [ -95.2068901, 30.1671566 ], [ -95.2070908, 30.166734 ], [ -95.2072269, 30.1663983 ], [ -95.2076687, 30.1651169 ], [ -95.2090402, 30.1611528 ] ] } },
{ "type": "Feature", "properties": { "id": "way/193429019", "@id": "way/193429019", "access": null, "addr:city": null, "addr:state": null, "bridge": null, "bridge:movable": null, "covered": null, "crossing:barrier": null, "electrified": "no", "embankment": null, "fixme": null, "gauge": "1435", "highspeed": null, "layer": null, "length": null, "maxspeed": "60 mph", "name": "UP Lufkin Subdivision", "name_1": null, "note": null, "note:old_railway_operator": "HE&WT", "old_railway_operator": "SP", "operator": "Union Pacific Railroad", "operator:wikidata": "Q725793", "owner": null, "railway": "rail", "railway:atc": "no", "railway:freight": null, "railway:ptc": "no", "railway:ref": null, "railway:track_class": "4", "railway:track_ref": null, "ref": null, "reporting_marks": null, "service": "none", "source": "Texas Department of Transportation", "spur": null, "start_date": null, "tiger:cfcc": "B11:B13:B21", "tiger:county": "Angelina, TX:Caddo, LA:De Soto, LA:Harris, TX:Liberty, TX:Montgomery, TX:Nacogdoches, TX:Polk, TX:San Jacinto, TX:Shelby, TX", "tiger:name_base": "Kansas City Southern Railway:Southern Pacific Railroad", "tiger:name_base_1": null, "tiger:name_base_2": null, "tiger:reviewed": null, "tiger:zip_left": null, "tiger:zip_right": null, "tracks": null, "tunnel": null, "usage": "main", "maxspeed_mph": 60.0 }, "geometry": { "type": "LineString", "coordinates": [ [ -95.2100179, 30.1583468 ], [ -95.2102472, 30.1576882 ], [ -95.2111146, 30.1551964 ], [ -95.2124757, 30.1512584 ] ] } },
{ "type": "Feature", "properties": { "id": "way/193429023", "@id": "way/193429023", "access": null, "addr:city": null, "addr:state": null, "bridge": "yes", "bridge:movable": null, "covered": null, "crossing:barrier": null, "electrified": "no", "embankment": null, "fixme": null, "gauge": "1435", "highspeed": null, "layer": "1", "length": null, "maxspeed": "60 mph", "name": "UP Lufkin Subdivision", "name_1": null, "note": null, "note:old_railway_operator": "HE&WT", "old_railway_operator": "SP", "operator": "Union Pacific Railroad", "operator:wikidata": "Q725793", "owner": null, "railway": "rail", "railway:atc": "no", "railway:freight": null, "railway:ptc": "no", "railway:ref": null, "railway:track_class": "4", "railway:track_ref": null, "ref": null, "reporting_marks": null, "service": "none", "source": "Texas Department of Transportation", "spur": null, "start_date": null, "tiger:cfcc": "B11:B13:B21", "tiger:county": "Angelina, TX:Caddo, LA:De Soto, LA:Harris, TX:Liberty, TX:Montgomery, TX:Nacogdoches, TX:Polk, TX:San Jacinto, TX:Shelby, TX", "tiger:name_base": "Kansas City Southern Railway:Southern Pacific Railroad", "tiger:name_base_1": null, "tiger:name_base_2": null, "tiger:reviewed": null, "tiger:zip_left": null, "tiger:zip_right": null, "tracks": null, "tunnel": null, "usage": "main", "maxspeed_mph": 60.0 }, "geometry": { "type": "LineString", "coordinates": [ [ -95.182518, 30.2033459 ], [ -95.1850142, 30.1996435 ] ] } },
{ "type": "Feature", "properties": { "id": "way/193429024", "@id": "way/193429024", "access": null, "addr:city": null, "addr:state": null, "bridge": null, "bridge:movable": null, "covered": null, "crossing:barrier": null, "electrified": "no", "embankment": null, "fixme": null, "gauge": "1435", "highspeed": null, "layer": null, "length": null, "maxspeed": "60 mph", "name": "UP Lufkin Subdivision", "name_1": null, "note": null, "note:old_railway_operator": "HE&WT", "old_railway_operator": "SP", "operator": "Union Pacific Railroad", "operator:wikidata": "Q725793", "owner": null, "railway": "rail", "railway:atc": "no", "railway:freight": null, "railway:ptc": "no", "railway:ref": null, "railway:track_class": "4", "railway:track_ref": null, "ref": null, "reporting_marks": null, "service": "none", "source": "Texas Department of Transportation", "spur": null, "start_date": null, "tiger:cfcc": null, "tiger:county": null, "tiger:name_base": null, "tiger:name_base_1": null, "tiger:name_base_2": null, "tiger:reviewed": null, "tiger:zip_left": null, "tiger:zip_right": null, "tracks": null, "tunnel": null, "usage": "main", "maxspeed_mph": 60.0 }, "geometry": { "type": "LineString", "coordinates": [ [ -95.2532412, 30.0309702 ], [ -95.2532909, 30.030769 ], [ -95.2533, 30.0307361 ], [ -95.2533415, 30.0305856 ], [ -95.2533562, 30.0305323 ], [ -95.2537077, 30.0292762 ], [ -95.2541723, 30.0278718 ] ] } },
{ "type": "Feature", "properties": { "id": "way/194995514", "@id": "way/194995514", "access": null, "addr:city": null, "addr:state": null, "bridge": null, "bridge:movable": null, "covered": null, "crossing:barrier": null, "electrified": "no", "embankment": null, "fixme": null, "gauge": "1435", "highspeed": null, "layer": null, "length": null, "maxspeed": "79 mph", "name": "UP Glidden Subdivision", "name_1": null, "note": null, "note:old_railway_operator": null, "old_railway_operator": "SP", "operator": "Union Pacific Railroad", "operator:wikidata": "Q725793", "owner": "Union Pacific Railroad", "railway": "rail", "railway:atc": null, "railway:freight": null, "railway:ptc": "yes", "railway:ref": null, "railway:track_class": "5", "railway:track_ref": null, "ref": null, "reporting_marks": null, "service": "none", "source": "Texas Department of Transportation", "spur": null, "start_date": null, "tiger:cfcc": null, "tiger:county": null, "tiger:name_base": null, "tiger:name_base_1": null, "tiger:name_base_2": null, "tiger:reviewed": null, "tiger:zip_left": null, "tiger:zip_right": null, "tracks": null, "tunnel": null, "usage": "main", "maxspeed_mph": 79.0 }, "geometry": { "type": "LineString", "coordinates": [ [ -95.6825299, 29.6023311 ], [ -95.6821544, 29.602376 ], [ -95.6818414, 29.6024213 ], [ -95.6815335, 29.6024701 ], [ -95.6812759, 29.6025098 ], [ -95.6809482, 29.6025472 ], [ -95.6780394, 29.6028693 ], [ -95.6776521, 29.6029176 ], [ -95.6772329, 29.6029824 ], [ -95.6767582, 29.6030633 ], [ -95.6763543, 29.6031501 ], [ -95.67596, 29.603239 ], [ -95.6756341, 29.6033207 ], [ -95.675313, 29.6034056 ], [ -95.6749259, 29.6035151 ], [ -95.6745534, 29.6036288 ], [ -95.6740759, 29.6037846 ], [ -95.6737026, 29.6039192 ], [ -95.672935, 29.6042004 ], [ -95.6641894, 29.6074046 ] ] } },
{ "type": "Feature", "properties": { "id": "way/194995522", "@id": "way/194995522", "access": null, "addr:city": null, "addr:state": null, "bridge": null, "bridge:movable": null, "covered": null, "crossing:barrier": null, "electrified": "no", "embankment": null, "fixme": null, "gauge": "1435", "highspeed": null, "layer": null, "length": null, "maxspeed": "79 mph", "name": "UP Glidden Subdivision", "name_1": null, "note": null, "note:old_railway_operator": null, "old_railway_operator": "SP", "operator": "Union Pacific Railroad", "operator:wikidata": "Q725793", "owner": "Union Pacific Railroad", "railway": "rail", "railway:atc": null, "railway:freight": null, "railway:ptc": "yes", "railway:ref": null, "railway:track_class": "5", "railway:track_ref": null, "ref": null, "reporting_marks": null, "service": "none", "source": "Texas Department of Transportation", "spur": null, "start_date": null, "tiger:cfcc": "B11:B21", "tiger:county": "Colorado, TX:Fort Bend, TX:Wharton, TX", "tiger:name_base": "Southern Pacific Railroad", "tiger:name_base_1": null, "tiger:name_base_2": null, "tiger:reviewed": null, "tiger:zip_left": null, "tiger:zip_right": null, "tracks": null, "tunnel": null, "usage": "main", "maxspeed_mph": 79.0 }, "geometry": { "type": "LineString", "coordinates": [ [ -95.6861111, 29.6019519 ], [ -95.6854792, 29.6020103 ] ] } },
{ "type": "Feature", "properties": { "id": "way/194995528", "@id": "way/194995528", "access": null, "addr:city": null, "addr:state": null, "bridge": null, "bridge:movable": null, "covered": null, "crossing:barrier": null, "electrified": "no", "embankment": null, "fixme": null, "gauge": "1435", "highspeed": null, "layer": null, "length": null, "maxspeed": "79 mph", "name": "UP Glidden Subdivision", "name_1": null, "note": null, "note:old_railway_operator": null, "old_railway_operator": "SP", "operator": "Union Pacific Railroad", "operator:wikidata": "Q725793", "owner": "Union Pacific Railroad", "railway": "rail", "railway:atc": null, "railway:freight": null, "railway:ptc": "yes", "railway:ref": null, "railway:track_class": "5", "railway:track_ref": null, "ref": null, "reporting_marks": null, "service": "none", "source": "Texas Department of Transportation", "spur": null, "start_date": null, "tiger:cfcc": null, "tiger:county": null, "tiger:name_base": null, "tiger:name_base_1": null, "tiger:name_base_2": null, "tiger:reviewed": null, "tiger:zip_left": null, "tiger:zip_right": null, "tracks": null, "tunnel": null, "usage": "main", "maxspeed_mph": 79.0 }, "geometry": { "type": "LineString", "coordinates": [ [ -95.6637353, 29.607567 ], [ -95.6606759, 29.6086727 ], [ -95.6604555, 29.6087523 ], [ -95.6600829, 29.6088932 ], [ -95.6596684, 29.6090557 ], [ -95.6592698, 29.6092171 ], [ -95.6589014, 29.6093768 ], [ -95.6584777, 29.6095737 ], [ -95.6565484, 29.6105096 ], [ -95.6563412, 29.6106106 ], [ -95.6549018, 29.6113124 ], [ -95.652861, 29.6123103 ] ] } },
{ "type": "Feature", "properties": { "id": "way/194995531", "@id": "way/194995531", "access": null, "addr:city": null, "addr:state": null, "bridge": null, "bridge:movable": null, "covered": null, "crossing:barrier": null, "electrified": "no", "embankment": null, "fixme": null, "gauge": "1435", "highspeed": null, "layer": null, "length": null, "maxspeed": "79 mph", "name": "UP Glidden Subdivision", "name_1": null, "note": null, "note:old_railway_operator": null, "old_railway_operator": "SP", "operator": "Union Pacific Railroad", "operator:wikidata": "Q725793", "owner": "Union Pacific Railroad", "railway": "rail", "railway:atc": null, "railway:freight": null, "railway:ptc": "yes", "railway:ref": null, "railway:track_class": "5", "railway:track_ref": null, "ref": null, "reporting_marks": null, "service": "none", "source": "Texas Department of Transportation", "spur": null, "start_date": null, "tiger:cfcc": "B11:B21", "tiger:county": "Colorado, TX:Fort Bend, TX:Wharton, TX", "tiger:name_base": "Southern Pacific Railroad", "tiger:name_base_1": null, "tiger:name_base_2": null, "tiger:reviewed": null, "tiger:zip_left": null, "tiger:zip_right": null, "tracks": null, "tunnel": null, "usage": "main", "maxspeed_mph": 79.0 }, "geometry": { "type": "LineString", "coordinates": [ [ -95.7086191, 29.5995598 ], [ -95.7053918, 29.599903 ], [ -95.704957, 29.5999478 ], [ -95.699323, 29.6005422 ], [ -95.6985484, 29.6006249 ], [ -95.6861111, 29.6019519 ] ] } },
{ "type": "Feature", "properties": { "id": "way/194995557", "@id": "way/194995557", "access": null, "addr:city": null, "addr:state": null, "bridge": "yes", "bridge:movable": null, "covered": null, "crossing:barrier": null, "electrified": "no", "embankment": null, "fixme": null, "gauge": "1435", "highspeed": null, "layer": "1", "length": null, "maxspeed": "79 mph", "name": "UP Glidden Subdivision", "name_1": null, "note": null, "note:old_railway_operator": null, "old_railway_operator": "SP", "operator": "Union Pacific Railroad", "operator:wikidata": "Q725793", "owner": "Union Pacific Railroad", "railway": "rail", "railway:atc": null, "railway:freight": null, "railway:ptc": "yes", "railway:ref": null, "railway:track_class": "5", "railway:track_ref": null, "ref": null, "reporting_marks": null, "service": "none", "source": "Texas Department of Transportation", "spur": null, "start_date": null, "tiger:cfcc": "B11", "tiger:county": "Fort Bend, TX", "tiger:name_base": null, "tiger:name_base_1": null, "tiger:name_base_2": null, "tiger:reviewed": null, "tiger:zip_left": null, "tiger:zip_right": null, "tracks": null, "tunnel": null, "usage": "main", "maxspeed_mph": 79.0 }, "geometry": { "type": "LineString", "coordinates": [ [ -95.6641712, 29.607355 ], [ -95.6637171, 29.6075174 ] ] } },
{ "type": "Feature", "properties": { "id": "way/194995561", "@id": "way/194995561", "access": null, "addr:city": null, "addr:state": null, "bridge": null, "bridge:movable": null, "covered": null, "crossing:barrier": null, "electrified": "no", "embankment": null, "fixme": null, "gauge": "1435", "highspeed": null, "layer": null, "length": null, "maxspeed": "79 mph", "name": "UP Glidden Subdivision", "name_1": null, "note": null, "note:old_railway_operator": null, "old_railway_operator": "SP", "operator": "Union Pacific Railroad", "operator:wikidata": "Q725793", "owner": "Union Pacific Railroad", "railway": "rail", "railway:atc": null, "railway:freight": null, "railway:ptc": "yes", "railway:ref": null, "railway:track_class": "5", "railway:track_ref": null, "ref": null, "reporting_marks": null, "service": "none", "source": "Texas Department of Transportation", "spur": null, "start_date": null, "tiger:cfcc": "B11", "tiger:county": "Fort Bend, TX", "tiger:name_base": null, "tiger:name_base_1": null, "tiger:name_base_2": null, "tiger:reviewed": null, "tiger:zip_left": null, "tiger:zip_right": null, "tracks": null, "tunnel": null, "usage": "main", "maxspeed_mph": 79.0 }, "geometry": { "type": "LineString", "coordinates": [ [ -95.6637171, 29.6075174 ], [ -95.6606724, 29.6086314 ], [ -95.6604525, 29.6087118 ], [ -95.660055, 29.6088589 ], [ -95.6596394, 29.6090218 ], [ -95.6592397, 29.6091837 ], [ -95.6588695, 29.6093442 ], [ -95.6584444, 29.6095417 ], [ -95.6565145, 29.6104779 ], [ -95.656328, 29.6105688 ], [ -95.6548678, 29.6112807 ], [ -95.6528333, 29.6122741 ] ] } },
{ "type": "Feature", "properties": { "id": "way/194995564", "@id": "way/194995564", "access": null, "addr:city": null, "addr:state": null, "bridge": null, "bridge:movable": null, "covered": null, "crossing:barrier": null, "electrified": "no", "embankment": null, "fixme": null, "gauge": "1435", "highspeed": null, "layer": null, "length": null, "maxspeed": "79 mph", "name": "UP Glidden Subdivision", "name_1": null, "note": null, "note:old_railway_operator": null, "old_railway_operator": "SP", "operator": "Union Pacific Railroad", "operator:wikidata": "Q725793", "owner": "Union Pacific Railroad", "railway": "rail", "railway:atc": null, "railway:freight": null, "railway:ptc": "yes", "railway:ref": null, "railway:track_class": "5", "railway:track_ref": "2", "ref": null, "reporting_marks": null, "service": "none", "source": "Texas Department of Transportation", "spur": null, "start_date": null, "tiger:cfcc": "B11", "tiger:county": "Fort Bend, TX", "tiger:name_base": null, "tiger:name_base_1": null, "tiger:name_base_2": null, "tiger:reviewed": null, "tiger:zip_left": null, "tiger:zip_right": null, "tracks": null, "tunnel": null, "usage": "main", "maxspeed_mph": 79.0 }, "geometry": { "type": "LineString", "coordinates": [ [ -95.6461153, 29.6155452 ], [ -95.6460205, 29.6155923 ], [ -95.6442021, 29.6164951 ], [ -95.6441282, 29.6165318 ], [ -95.6440068, 29.6165901 ], [ -95.6439341, 29.6166254 ], [ -95.6419468, 29.6175909 ], [ -95.6409525, 29.618074 ], [ -95.6392758, 29.618876 ], [ -95.6389538, 29.6190206 ], [ -95.6386011, 29.6191677 ], [ -95.638218, 29.619316 ], [ -95.637951, 29.6194147 ], [ -95.6373879, 29.6196131 ], [ -95.6369191, 29.6197799 ], [ -95.6365183, 29.619911 ], [ -95.6361433, 29.620029 ], [ -95.6357191, 29.6201541 ], [ -95.6352573, 29.6202721 ], [ -95.6342465, 29.6204981 ] ] } },
{ "type": "Feature", "properties": { "id": "way/194995578", "@id": "way/194995578", "access": null, "addr:city": null, "addr:state": null, "bridge": "yes", "bridge:movable": null, "covered": null, "crossing:barrier": null, "electrified": "no", "embankment": null, "fixme": null, "gauge": "1435", "highspeed": null, "layer": "1", "length": null, "maxspeed": "79 mph", "name": "UP Glidden Subdivision", "name_1": null, "note": null, "note:old_railway_operator": null, "old_railway_operator": "SP", "operator": "Union Pacific Railroad", "operator:wikidata": "Q725793", "owner": "Union Pacific Railroad", "railway": "rail", "railway:atc": null, "railway:freight": null, "railway:ptc": "yes", "railway:ref": null, "railway:track_class": "5", "railway:track_ref": null, "ref": null, "reporting_marks": null, "service": "none", "source": "Texas Department of Transportation", "spur": null, "start_date": null, "tiger:cfcc": null, "tiger:county": null, "tiger:name_base": null, "tiger:name_base_1": null, "tiger:name_base_2": null, "tiger:reviewed": null, "tiger:zip_left": null, "tiger:zip_right": null, "tracks": null, "tunnel": null, "usage": "main", "maxspeed_mph": 79.0 }, "geometry": { "type": "LineString", "coordinates": [ [ -95.6641894, 29.6074046 ], [ -95.6637353, 29.607567 ] ] } },
{ "type": "Feature", "properties": { "id": "way/194995599", "@id": "way/194995599", "access": null, "addr:city": null, "addr:state": null, "bridge": null, "bridge:movable": null, "covered": null, "crossing:barrier": null, "electrified": "no", "embankment": null, "fixme": null, "gauge": "1435", "highspeed": null, "layer": null, "length": null, "maxspeed": "79 mph", "name": "UP Glidden Subdivision", "name_1": null, "note": null, "note:old_railway_operator": null, "old_railway_operator": "SP", "operator": "Union Pacific Railroad", "operator:wikidata": "Q725793", "owner": "Union Pacific Railroad", "railway": "rail", "railway:atc": null, "railway:freight": null, "railway:ptc": "yes", "railway:ref": null, "railway:track_class": "5", "railway:track_ref": "2", "ref": null, "reporting_marks": null, "service": "none", "source": "Texas Department of Transportation", "spur": null, "start_date": null, "tiger:cfcc": "B11", "tiger:county": "Fort Bend, TX", "tiger:name_base": null, "tiger:name_base_1": null, "tiger:name_base_2": null, "tiger:reviewed": null, "tiger:zip_left": null, "tiger:zip_right": null, "tracks": null, "tunnel": null, "usage": "main", "maxspeed_mph": 79.0 }, "geometry": { "type": "LineString", "coordinates": [ [ -95.652518, 29.6124224 ], [ -95.6497254, 29.6137913 ], [ -95.6496671, 29.6138198 ], [ -95.6490998, 29.6140971 ], [ -95.6463427, 29.6154341 ] ] } },
{ "type": "Feature", "properties": { "id": "way/194995600", "@id": "way/194995600", "access": null, "addr:city": null, "addr:state": null, "bridge": "yes", "bridge:movable": null, "covered": null, "crossing:barrier": null, "electrified": "no", "embankment": null, "fixme": null, "gauge": "1435", "highspeed": null, "layer": "1", "length": null, "maxspeed": "79 mph", "name": "UP Glidden Subdivision", "name_1": null, "note": null, "note:old_railway_operator": null, "old_railway_operator": "SP", "operator": "Union Pacific Railroad", "operator:wikidata": "Q725793", "owner": "Union Pacific Railroad", "railway": "rail", "railway:atc": null, "railway:freight": null, "railway:ptc": "yes", "railway:ref": null, "railway:track_class": "5", "railway:track_ref": "2", "ref": null, "reporting_marks": null, "service": "none", "source": "Texas Department of Transportation", "spur": null, "start_date": null, "tiger:cfcc": "B11", "tiger:county": "Fort Bend, TX", "tiger:name_base": null, "tiger:name_base_1": null, "tiger:name_base_2": null, "tiger:reviewed": null, "tiger:zip_left": null, "tiger:zip_right": null, "tracks": null, "tunnel": null, "usage": "main", "maxspeed_mph": 79.0 }, "geometry": { "type": "LineString", "coordinates": [ [ -95.6463427, 29.6154341 ], [ -95.6461153, 29.6155452 ] ] } },
{ "type": "Feature", "properties": { "id": "way/194995609", "@id": "way/194995609", "access": null, "addr:city": null, "addr:state": null, "bridge": null, "bridge:movable": null, "covered": null, "crossing:barrier": null, "electrified": "no", "embankment": null, "fixme": null, "gauge": "1435", "highspeed": null, "layer": null, "length": null, "maxspeed": "79 mph", "name": "UP Glidden Subdivision", "name_1": null, "note": null, "note:old_railway_operator": null, "old_railway_operator": "SP", "operator": "Union Pacific Railroad", "operator:wikidata": "Q725793", "owner": "Union Pacific Railroad", "railway": "rail", "railway:atc": null, "railway:freight": null, "railway:ptc": "yes", "railway:ref": null, "railway:track_class": "5", "railway:track_ref": "1", "ref": null, "reporting_marks": null, "service": "none", "source": "Texas Department of Transportation", "spur": null, "start_date": null, "tiger:cfcc": null, "tiger:county": null, "tiger:name_base": null, "tiger:name_base_1": null, "tiger:name_base_2": null, "tiger:reviewed": null, "tiger:zip_left": null, "tiger:zip_right": null, "tracks": null, "tunnel": null, "usage": "main", "maxspeed_mph": 79.0 }, "geometry": { "type": "LineString", "coordinates": [ [ -95.6525516, 29.6124543 ], [ -95.6497481, 29.6138277 ], [ -95.6496869, 29.6138575 ], [ -95.6491216, 29.6141326 ], [ -95.6463766, 29.6154658 ] ] } },
{ "type": "Feature", "properties": { "id": "way/194995610", "@id": "way/194995610", "access": null, "addr:city": null, "addr:state": null, "bridge": "yes", "bridge:movable": null, "covered": null, "crossing:barrier": null, "electrified": "no", "embankment": null, "fixme": null, "gauge": "1435", "highspeed": null, "layer": "1", "length": null, "maxspeed": "79 mph", "name": "UP Glidden Subdivision", "name_1": null, "note": null, "note:old_railway_operator": null, "old_railway_operator": "SP", "operator": "Union Pacific Railroad", "operator:wikidata": "Q725793", "owner": "Union Pacific Railroad", "railway": "rail", "railway:atc": null, "railway:freight": null, "railway:ptc": "yes", "railway:ref": null, "railway:track_class": "5", "railway:track_ref": null, "ref": null, "reporting_marks": null, "service": "none", "source": "Texas Department of Transportation", "spur": null, "start_date": null, "tiger:cfcc": null, "tiger:county": null, "tiger:name_base": null, "tiger:name_base_1": null, "tiger:name_base_2": null, "tiger:reviewed": null, "tiger:zip_left": null, "tiger:zip_right": null, "tracks": null, "tunnel": null, "usage": "main", "maxspeed_mph": 79.0 }, "geometry": { "type": "LineString", "coordinates": [ [ -95.652861, 29.6123103 ], [ -95.6525516, 29.6124543 ] ] } },
{ "type": "Feature", "properties": { "id": "way/194995613", "@id": "way/194995613", "access": null, "addr:city": null, "addr:state": null, "bridge": null, "bridge:movable": null, "covered": null, "crossing:barrier": null, "electrified": "no", "embankment": null, "fixme": null, "gauge": "1435", "highspeed": null, "layer": null, "length": null, "maxspeed": "79 mph", "name": "UP Glidden Subdivision", "name_1": null, "note": null, "note:old_railway_operator": null, "old_railway_operator": "SP", "operator": "Union Pacific Railroad", "operator:wikidata": "Q725793", "owner": "Union Pacific Railroad", "railway": "rail", "railway:atc": null, "railway:freight": null, "railway:ptc": "yes", "railway:ref": null, "railway:track_class": "5", "railway:track_ref": "1", "ref": null, "reporting_marks": null, "service": "none", "source": "Texas Department of Transportation", "spur": null, "start_date": null, "tiger:cfcc": null, "tiger:county": null, "tiger:name_base": null, "tiger:name_base_1": null, "tiger:name_base_2": null, "tiger:reviewed": null, "tiger:zip_left": null, "tiger:zip_right": null, "tracks": null, "tunnel": null, "usage": "main", "maxspeed_mph": 79.0 }, "geometry": { "type": "LineString", "coordinates": [ [ -95.6461493, 29.6155769 ], [ -95.6442282, 29.6165396 ], [ -95.6441581, 29.6165747 ], [ -95.6440354, 29.6166336 ], [ -95.6439624, 29.616669 ], [ -95.6419764, 29.6176318 ], [ -95.641441, 29.6178914 ], [ -95.6409902, 29.6181131 ], [ -95.639315, 29.6189302 ], [ -95.638627, 29.6192298 ], [ -95.6382434, 29.6193744 ], [ -95.6379795, 29.6194727 ], [ -95.6374146, 29.6196729 ], [ -95.6369425, 29.6198361 ], [ -95.6365402, 29.6199702 ], [ -95.6361607, 29.6200844 ], [ -95.6357355, 29.6202022 ], [ -95.635273, 29.6203237 ], [ -95.6342601, 29.6205488 ] ] } },
{ "type": "Feature", "properties": { "id": "way/194995614", "@id": "way/194995614", "access": null, "addr:city": null, "addr:state": null, "bridge": "yes", "bridge:movable": null, "covered": null, "crossing:barrier": null, "electrified": "no", "embankment": null, "fixme": null, "gauge": "1435", "highspeed": null, "layer": "1", "length": null, "maxspeed": "79 mph", "name": "UP Glidden Subdivision", "name_1": null, "note": null, "note:old_railway_operator": null, "old_railway_operator": "SP", "operator": "Union Pacific Railroad", "operator:wikidata": "Q725793", "owner": "Union Pacific Railroad", "railway": "rail", "railway:atc": null, "railway:freight": null, "railway:ptc": "yes", "railway:ref": null, "railway:track_class": "5", "railway:track_ref": "1", "ref": null, "reporting_marks": null, "service": "none", "source": "Texas Department of Transportation", "spur": null, "start_date": null, "tiger:cfcc": null, "tiger:county": null, "tiger:name_base": null, "tiger:name_base_1": null, "tiger:name_base_2": null, "tiger:reviewed": null, "tiger:zip_left": null, "tiger:zip_right": null, "tracks": null, "tunnel": null, "usage": "main", "maxspeed_mph": 79.0 }, "geometry": { "type": "LineString", "coordinates": [ [ -95.6463766, 29.6154658 ], [ -95.6461493, 29.6155769 ] ] } },
{ "type": "Feature", "properties": { "id": "way/194995618", "@id": "way/194995618", "access": null, "addr:city": null, "addr:state": null, "bridge": "yes", "bridge:movable": null, "covered": null, "crossing:barrier": null, "electrified": "no", "embankment": null, "fixme": null, "gauge": "1435", "highspeed": null, "layer": "1", "length": null, "maxspeed": "79 mph", "name": "UP Glidden Subdivision", "name_1": null, "note": null, "note:old_railway_operator": null, "old_railway_operator": "SP", "operator": "Union Pacific Railroad", "operator:wikidata": "Q725793", "owner": "Union Pacific Railroad", "railway": "rail", "railway:atc": null, "railway:freight": null, "railway:ptc": "yes", "railway:ref": null, "railway:track_class": "5", "railway:track_ref": null, "ref": null, "reporting_marks": null, "service": "none", "source": "Texas Department of Transportation", "spur": null, "start_date": null, "tiger:cfcc": "B11", "tiger:county": "Fort Bend, TX", "tiger:name_base": null, "tiger:name_base_1": null, "tiger:name_base_2": null, "tiger:reviewed": null, "tiger:zip_left": null, "tiger:zip_right": null, "tracks": null, "tunnel": null, "usage": "main", "maxspeed_mph": 79.0 }, "geometry": { "type": "LineString", "coordinates": [ [ -95.6528333, 29.6122741 ], [ -95.652518, 29.6124224 ] ] } },
{ "type": "Feature", "properties": { "id": "way/194995619", "@id": "way/194995619", "access": null, "addr:city": null, "addr:state": null, "bridge": null, "bridge:movable": null, "covered": null, "crossing:barrier": null, "electrified": "no", "embankment": null, "fixme": null, "gauge": "1435", "highspeed": null, "layer": null, "length": null, "maxspeed": "79 mph", "name": "UP Glidden Subdivision", "name_1": null, "note": null, "note:old_railway_operator": null, "old_railway_operator": "SP", "operator": "Union Pacific Railroad", "operator:wikidata": "Q725793", "owner": "Union Pacific Railroad", "railway": "rail", "railway:atc": null, "railway:freight": null, "railway:ptc": "yes", "railway:ref": null, "railway:track_class": "5", "railway:track_ref": null, "ref": null, "reporting_marks": null, "service": "none", "source": "Texas Department of Transportation", "spur": null, "start_date": null, "tiger:cfcc": "B11", "tiger:county": "Fort Bend, TX", "tiger:name_base": null, "tiger:name_base_1": null, "tiger:name_base_2": null, "tiger:reviewed": null, "tiger:zip_left": null, "tiger:zip_right": null, "tracks": null, "tunnel": null, "usage": "main", "maxspeed_mph": 79.0 }, "geometry": { "type": "LineString", "coordinates": [ [ -95.6825299, 29.6023311 ], [ -95.6780303, 29.6028095 ], [ -95.6776411, 29.602858 ], [ -95.6772201, 29.6029231 ], [ -95.6767432, 29.6030043 ], [ -95.6763373, 29.6030916 ], [ -95.6759416, 29.6031808 ], [ -95.6756144, 29.6032629 ], [ -95.6752921, 29.603348 ], [ -95.6749036, 29.6034579 ], [ -95.6745297, 29.6035721 ], [ -95.6740504, 29.6037285 ], [ -95.6736758, 29.6038635 ], [ -95.6729103, 29.6041447 ], [ -95.6641712, 29.607355 ] ] } },
{ "type": "Feature", "properties": { "id": "way/195358193", "@id": "way/195358193", "access": null, "addr:city": null, "addr:state": null, "bridge": null, "bridge:movable": null, "covered": null, "crossing:barrier": null, "electrified": "no", "embankment": null, "fixme": null, "gauge": "1435", "highspeed": null, "layer": null, "length": null, "maxspeed": "79 mph", "name": "UP Glidden Subdivision", "name_1": null, "note": null, "note:old_railway_operator": null, "old_railway_operator": "SP", "operator": "Union Pacific Railroad", "operator:wikidata": "Q725793", "owner": "Union Pacific Railroad", "railway": "rail", "railway:atc": null, "railway:freight": null, "railway:ptc": "yes", "railway:ref": null, "railway:track_class": "5", "railway:track_ref": "2", "ref": null, "reporting_marks": null, "service": "none", "source": "Texas Department of Transportation", "spur": null, "start_date": null, "tiger:cfcc": "B11", "tiger:county": "Fort Bend, TX", "tiger:name_base": null, "tiger:name_base_1": null, "tiger:name_base_2": null, "tiger:reviewed": null, "tiger:zip_left": null, "tiger:zip_right": null, "tracks": null, "tunnel": null, "usage": "main", "maxspeed_mph": 79.0 }, "geometry": { "type": "LineString", "coordinates": [ [ -95.5799346, 29.6266989 ], [ -95.5776684, 29.6256295 ], [ -95.5775421, 29.6255699 ] ] } },
{ "type": "Feature", "properties": { "id": "way/195358195", "@id": "way/195358195", "access": null, "addr:city": null, "addr:state": null, "bridge": null, "bridge:movable": null, "covered": null, "crossing:barrier": null, "electrified": "no", "embankment": null, "fixme": null, "gauge": "1435", "highspeed": null, "layer": null, "length": null, "maxspeed": "79 mph", "name": "UP Glidden Subdivision", "name_1": null, "note": null, "note:old_railway_operator": null, "old_railway_operator": "SP", "operator": "Union Pacific Railroad", "operator:wikidata": "Q725793", "owner": "Union Pacific Railroad", "railway": "rail", "railway:atc": null, "railway:freight": null, "railway:ptc": "yes", "railway:ref": null, "railway:track_class": "5", "railway:track_ref": "2", "ref": null, "reporting_marks": null, "service": "none", "source": "Texas Department of Transportation", "spur": null, "start_date": null, "tiger:cfcc": "B11", "tiger:county": "Fort Bend, TX", "tiger:name_base": null, "tiger:name_base_1": null, "tiger:name_base_2": null, "tiger:reviewed": null, "tiger:zip_left": null, "tiger:zip_right": null, "tracks": null, "tunnel": null, "usage": "main", "maxspeed_mph": 79.0 }, "geometry": { "type": "LineString", "coordinates": [ [ -95.5774647, 29.625533 ], [ -95.5755912, 29.6246395 ], [ -95.5727521, 29.6232855 ], [ -95.5716857, 29.6227857 ], [ -95.5704829, 29.622255 ], [ -95.5702086, 29.622136 ], [ -95.5696392, 29.6218935 ], [ -95.5691476, 29.6216904 ], [ -95.5686235, 29.6214927 ], [ -95.5681364, 29.6213123 ], [ -95.5676548, 29.6211281 ], [ -95.5671702, 29.6209325 ], [ -95.566695, 29.6207313 ], [ -95.5662366, 29.6205242 ], [ -95.5654265, 29.6201401 ], [ -95.5650108, 29.619941 ], [ -95.5648419, 29.6198621 ] ] } },
{ "type": "Feature", "properties": { "id": "way/195358196", "@id": "way/195358196", "access": null, "addr:city": null, "addr:state": null, "bridge": "yes", "bridge:movable": null, "covered": null, "crossing:barrier": null, "electrified": "no", "embankment": null, "fixme": null, "gauge": "1435", "highspeed": null, "layer": "1", "length": null, "maxspeed": "79 mph", "name": "UP Glidden Subdivision", "name_1": null, "note": null, "note:old_railway_operator": null, "old_railway_operator": "SP", "operator": "Union Pacific Railroad", "operator:wikidata": "Q725793", "owner": "Union Pacific Railroad", "railway": "rail", "railway:atc": null, "railway:freight": null, "railway:ptc": "yes", "railway:ref": null, "railway:track_class": "5", "railway:track_ref": "2", "ref": null, "reporting_marks": null, "service": "none", "source": "Texas Department of Transportation", "spur": null, "start_date": null, "tiger:cfcc": "B11", "tiger:county": "Fort Bend, TX", "tiger:name_base": null, "tiger:name_base_1": null, "tiger:name_base_2": null, "tiger:reviewed": null, "tiger:zip_left": null, "tiger:zip_right": null, "tracks": null, "tunnel": null, "usage": "main", "maxspeed_mph": 79.0 }, "geometry": { "type": "LineString", "coordinates": [ [ -95.5800167, 29.6267361 ], [ -95.5799346, 29.6266989 ] ] } },
{ "type": "Feature", "properties": { "id": "way/195358197", "@id": "way/195358197", "access": null, "addr:city": null, "addr:state": null, "bridge": "yes", "bridge:movable": null, "covered": null, "crossing:barrier": null, "electrified": "no", "embankment": null, "fixme": null, "gauge": "1435", "highspeed": null, "layer": "1", "length": null, "maxspeed": "79 mph", "name": "UP Glidden Subdivision", "name_1": null, "note": null, "note:old_railway_operator": null, "old_railway_operator": "SP", "operator": "Union Pacific Railroad", "operator:wikidata": "Q725793", "owner": "Union Pacific Railroad", "railway": "rail", "railway:atc": null, "railway:freight": null, "railway:ptc": "yes", "railway:ref": null, "railway:track_class": "5", "railway:track_ref": "2", "ref": null, "reporting_marks": null, "service": "none", "source": "Texas Department of Transportation", "spur": null, "start_date": null, "tiger:cfcc": "B11", "tiger:county": "Fort Bend, TX", "tiger:name_base": null, "tiger:name_base_1": null, "tiger:name_base_2": null, "tiger:reviewed": null, "tiger:zip_left": null, "tiger:zip_right": null, "tracks": null, "tunnel": null, "usage": "main", "maxspeed_mph": 79.0 }, "geometry": { "type": "LineString", "coordinates": [ [ -95.5775421, 29.6255699 ], [ -95.5774647, 29.625533 ] ] } },
{ "type": "Feature", "properties": { "id": "way/195364554", "@id": "way/195364554", "access": null, "addr:city": null, "addr:state": null, "bridge": null, "bridge:movable": null, "covered": null, "crossing:barrier": null, "electrified": "no", "embankment": null, "fixme": null, "gauge": "1435", "highspeed": null, "layer": null, "length": null, "maxspeed": "79 mph", "name": "UP Glidden Subdivision", "name_1": null, "note": null, "note:old_railway_operator": null, "old_railway_operator": "SP", "operator": "Union Pacific Railroad", "operator:wikidata": "Q725793", "owner": "Union Pacific Railroad", "railway": "rail", "railway:atc": null, "railway:freight": null, "railway:ptc": "yes", "railway:ref": null, "railway:track_class": "5", "railway:track_ref": "1", "ref": null, "reporting_marks": null, "service": "none", "source": "Texas Department of Transportation", "spur": null, "start_date": null, "tiger:cfcc": null, "tiger:county": null, "tiger:name_base": null, "tiger:name_base_1": null, "tiger:name_base_2": null, "tiger:reviewed": null, "tiger:zip_left": null, "tiger:zip_right": null, "tracks": null, "tunnel": null, "usage": "main", "maxspeed_mph": 79.0 }, "geometry": { "type": "LineString", "coordinates": [ [ -95.5225304, 29.625269 ], [ -95.5239559, 29.6247185 ], [ -95.5262748, 29.62382 ], [ -95.5321574, 29.6215499 ], [ -95.533703, 29.6209534 ], [ -95.5385074, 29.619095 ], [ -95.5385596, 29.6190748 ], [ -95.5386736, 29.6190292 ], [ -95.5387534, 29.6189985 ], [ -95.5411126, 29.6180912 ], [ -95.5412372, 29.6180433 ], [ -95.5414518, 29.6179568 ], [ -95.5423451, 29.6176172 ], [ -95.5424576, 29.6175744 ], [ -95.5448956, 29.6166408 ], [ -95.5453565, 29.6164743 ], [ -95.546198, 29.6162149 ], [ -95.5465963, 29.6161134 ], [ -95.5469839, 29.6160213 ], [ -95.5473259, 29.6159491 ], [ -95.5477792, 29.6158663 ], [ -95.5482566, 29.615794 ], [ -95.5488575, 29.6157275 ], [ -95.5492826, 29.6156949 ], [ -95.5498378, 29.6156704 ], [ -95.5503152, 29.6156669 ], [ -95.5506639, 29.6156731 ], [ -95.5508423, 29.6156762 ], [ -95.5519988, 29.6157272 ], [ -95.5521567, 29.6157342 ], [ -95.5524302, 29.6157462 ], [ -95.5530377, 29.6157788 ], [ -95.5535929, 29.6158231 ], [ -95.5541186, 29.6158803 ], [ -95.5546068, 29.6159479 ], [ -95.5550507, 29.6160202 ], [ -95.5554959, 29.6161065 ], [ -95.5559438, 29.6162021 ], [ -95.5563837, 29.616307 ], [ -95.5567121, 29.6163924 ], [ -95.5567802, 29.6164101 ] ] } },
{ "type": "Feature", "properties": { "id": "way/195493042", "@id": "way/195493042", "access": null, "addr:city": null, "addr:state": null, "bridge": null, "bridge:movable": null, "covered": null, "crossing:barrier": null, "electrified": "no", "embankment": null, "fixme": null, "gauge": "1435", "highspeed": null, "layer": null, "length": null, "maxspeed": "79 mph", "name": "UP Glidden Subdivision", "name_1": null, "note": null, "note:old_railway_operator": "GH&SA", "old_railway_operator": "SP", "operator": "Union Pacific Railroad", "operator:wikidata": "Q725793", "owner": "Union Pacific Railroad", "railway": "rail", "railway:atc": null, "railway:freight": null, "railway:ptc": "yes", "railway:ref": null, "railway:track_class": "5", "railway:track_ref": "2", "ref": null, "reporting_marks": null, "service": "none", "source": "Texas Department of Transportation", "spur": null, "start_date": null, "tiger:cfcc": "B11", "tiger:county": "Fort Bend, TX:Harris, TX", "tiger:name_base": "Southern Pacific Railroad", "tiger:name_base_1": null, "tiger:name_base_2": null, "tiger:reviewed": null, "tiger:zip_left": null, "tiger:zip_right": null, "tracks": null, "tunnel": null, "usage": "main", "maxspeed_mph": 79.0 }, "geometry": { "type": "LineString", "coordinates": [ [ -95.517677, 29.6270981 ], [ -95.5167, 29.6274751 ], [ -95.5156775, 29.6278696 ], [ -95.5155742, 29.6279095 ], [ -95.5077997, 29.630898 ], [ -95.5077195, 29.6309288 ], [ -95.5075699, 29.6309871 ], [ -95.5074629, 29.6310284 ], [ -95.5073257, 29.6310814 ], [ -95.5071743, 29.6311399 ], [ -95.5037277, 29.632471 ], [ -95.5035847, 29.6325262 ], [ -95.5014534, 29.6333487 ], [ -95.4974308, 29.6349011 ], [ -95.4973753, 29.6349225 ], [ -95.493288, 29.6364979 ], [ -95.4932289, 29.6365202 ], [ -95.4928496, 29.6366703 ], [ -95.4824437, 29.6406755 ], [ -95.4823059, 29.6407316 ], [ -95.47149, 29.6448973 ], [ -95.4697814, 29.6455557 ], [ -95.4681194, 29.6461959 ] ] } },
{ "type": "Feature", "properties": { "id": "way/195493043", "@id": "way/195493043", "access": null, "addr:city": null, "addr:state": null, "bridge": "yes", "bridge:movable": null, "covered": null, "crossing:barrier": null, "electrified": "no", "embankment": null, "fixme": null, "gauge": "1435", "highspeed": null, "layer": "1", "length": null, "maxspeed": "79 mph", "name": "UP Glidden Subdivision", "name_1": null, "note": null, "note:old_railway_operator": "GH&SA", "old_railway_operator": "SP", "operator": "Union Pacific Railroad", "operator:wikidata": "Q725793", "owner": "Union Pacific Railroad", "railway": "rail", "railway:atc": null, "railway:freight": null, "railway:ptc": "yes", "railway:ref": null, "railway:track_class": "5", "railway:track_ref": "2", "ref": null, "reporting_marks": null, "service": "none", "source": "Texas Department of Transportation", "spur": null, "start_date": null, "tiger:cfcc": "B11", "tiger:county": "Fort Bend, TX:Harris, TX", "tiger:name_base": "Southern Pacific Railroad", "tiger:name_base_1": null, "tiger:name_base_2": null, "tiger:reviewed": null, "tiger:zip_left": null, "tiger:zip_right": null, "tracks": null, "tunnel": null, "usage": "main", "maxspeed_mph": 79.0 }, "geometry": { "type": "LineString", "coordinates": [ [ -95.5225064, 29.6252273 ], [ -95.5222582, 29.6253237 ] ] } },
{ "type": "Feature", "properties": { "id": "way/195493045", "@id": "way/195493045", "access": null, "addr:city": null, "addr:state": null, "bridge": null, "bridge:movable": null, "covered": null, "crossing:barrier": null, "electrified": "no", "embankment": null, "fixme": null, "gauge": "1435", "highspeed": null, "layer": null, "length": null, "maxspeed": "79 mph", "name": "UP Houston Subdivision", "name_1": null, "note": null, "note:old_railway_operator": "GH&SA", "old_railway_operator": "SP", "operator": "Union Pacific Railroad", "operator:wikidata": "Q725793", "owner": "Union Pacific Railroad", "railway": "rail", "railway:atc": null, "railway:freight": null, "railway:ptc": "yes", "railway:ref": null, "railway:track_class": "5", "railway:track_ref": "2", "ref": null, "reporting_marks": null, "service": "none", "source": "Texas Department of Transportation", "spur": null, "start_date": null, "tiger:cfcc": "B11", "tiger:county": "Fort Bend, TX:Harris, TX", "tiger:name_base": "Southern Pacific Railroad", "tiger:name_base_1": null, "tiger:name_base_2": null, "tiger:reviewed": null, "tiger:zip_left": null, "tiger:zip_right": null, "tracks": null, "tunnel": null, "usage": "main", "maxspeed_mph": 79.0 }, "geometry": { "type": "LineString", "coordinates": [ [ -95.4681194, 29.6461959 ], [ -95.4679869, 29.646247 ], [ -95.4639931, 29.6477853 ], [ -95.4639352, 29.6478116 ], [ -95.4636175, 29.6479334 ], [ -95.4635535, 29.6479573 ], [ -95.4597299, 29.6493948 ], [ -95.4575295, 29.6502478 ], [ -95.4548717, 29.6512575 ], [ -95.4511778, 29.6526789 ], [ -95.4508729, 29.6527957 ], [ -95.4504397, 29.6529798 ], [ -95.4503127, 29.6530359 ], [ -95.450186, 29.6530919 ] ] } },
{ "type": "Feature", "properties": { "id": "way/195493049", "@id": "way/195493049", "access": null, "addr:city": null, "addr:state": null, "bridge": null, "bridge:movable": null, "covered": null, "crossing:barrier": null, "electrified": "no", "embankment": null, "fixme": null, "gauge": "1435", "highspeed": null, "layer": null, "length": null, "maxspeed": "79 mph", "name": "UP Glidden Subdivision", "name_1": null, "note": null, "note:old_railway_operator": "GH&SA", "old_railway_operator": "SP", "operator": "Union Pacific Railroad", "operator:wikidata": "Q725793", "owner": "Union Pacific Railroad", "railway": "rail", "railway:atc": null, "railway:freight": null, "railway:ptc": "yes", "railway:ref": null, "railway:track_class": "5", "railway:track_ref": "2", "ref": null, "reporting_marks": null, "service": "none", "source": "Texas Department of Transportation", "spur": null, "start_date": null, "tiger:cfcc": "B11", "tiger:county": "Fort Bend, TX:Harris, TX", "tiger:name_base": "Southern Pacific Railroad", "tiger:name_base_1": null, "tiger:name_base_2": null, "tiger:reviewed": null, "tiger:zip_left": null, "tiger:zip_right": null, "tracks": null, "tunnel": null, "usage": "main", "maxspeed_mph": 79.0 }, "geometry": { "type": "LineString", "coordinates": [ [ -95.5222582, 29.6253237 ], [ -95.5192969, 29.6264681 ] ] } },
{ "type": "Feature", "properties": { "id": "way/195493055", "@id": "way/195493055", "access": null, "addr:city": null, "addr:state": null, "bridge": "yes", "bridge:movable": null, "covered": null, "crossing:barrier": null, "electrified": "no", "embankment": null, "fixme": null, "gauge": "1435", "highspeed": null, "layer": "1", "length": null, "maxspeed": "79 mph", "name": "UP Glidden Subdivision", "name_1": null, "note": null, "note:old_railway_operator": "GH&SA", "old_railway_operator": "SP", "operator": "Union Pacific Railroad", "operator:wikidata": "Q725793", "owner": "Union Pacific Railroad", "railway": "rail", "railway:atc": null, "railway:freight": null, "railway:ptc": "yes", "railway:ref": null, "railway:track_class": "5", "railway:track_ref": "2", "ref": null, "reporting_marks": null, "service": "none", "source": "Texas Department of Transportation", "spur": null, "start_date": null, "tiger:cfcc": "B11", "tiger:county": "Fort Bend, TX:Harris, TX", "tiger:name_base": "Southern Pacific Railroad", "tiger:name_base_1": null, "tiger:name_base_2": null, "tiger:reviewed": null, "tiger:zip_left": null, "tiger:zip_right": null, "tracks": null, "tunnel": null, "usage": "main", "maxspeed_mph": 79.0 }, "geometry": { "type": "LineString", "coordinates": [ [ -95.5192969, 29.6264681 ], [ -95.517677, 29.6270981 ] ] } },
{ "type": "Feature", "properties": { "id": "way/195543398", "@id": "way/195543398", "access": null, "addr:city": null, "addr:state": null, "bridge": null, "bridge:movable": null, "covered": null, "crossing:barrier": null, "electrified": "no", "embankment": null, "fixme": null, "gauge": "1435", "highspeed": null, "layer": null, "length": null, "maxspeed": "60 mph", "name": "UP Houston Subdivision", "name_1": null, "note": null, "note:old_railway_operator": null, "old_railway_operator": "SP", "operator": "Union Pacific Railroad", "operator:wikidata": "Q725793", "owner": "Union Pacific Railroad", "railway": "rail", "railway:atc": null, "railway:freight": null, "railway:ptc": "yes", "railway:ref": null, "railway:track_class": "4", "railway:track_ref": "1", "ref": null, "reporting_marks": null, "service": "none", "source": null, "spur": null, "start_date": null, "tiger:cfcc": null, "tiger:county": null, "tiger:name_base": null, "tiger:name_base_1": null, "tiger:name_base_2": null, "tiger:reviewed": null, "tiger:zip_left": null, "tiger:zip_right": null, "tracks": null, "tunnel": null, "usage": "main", "maxspeed_mph": 60.0 }, "geometry": { "type": "LineString", "coordinates": [ [ -95.4501439, 29.6531598 ], [ -95.4505569, 29.6529733 ], [ -95.4508305, 29.6528614 ], [ -95.4512358, 29.6526995 ], [ -95.4635544, 29.6480003 ], [ -95.4636155, 29.6479768 ], [ -95.4639396, 29.6478506 ], [ -95.4639974, 29.6478318 ], [ -95.4643944, 29.6476772 ], [ -95.467141, 29.6466375 ], [ -95.468012, 29.6463018 ], [ -95.468152, 29.6462478 ] ] } },
{ "type": "Feature", "properties": { "id": "way/195822180", "@id": "way/195822180", "access": null, "addr:city": null, "addr:state": null, "bridge": null, "bridge:movable": null, "covered": null, "crossing:barrier": null, "electrified": "no", "embankment": null, "fixme": null, "gauge": "1435", "highspeed": null, "layer": null, "length": null, "maxspeed": "60 mph", "name": "UP Navasota Subdivision", "name_1": null, "note": null, "note:old_railway_operator": null, "old_railway_operator": "MP", "operator": "Union Pacific Railroad", "operator:wikidata": "Q725793", "owner": null, "railway": "rail", "railway:atc": null, "railway:freight": null, "railway:ptc": "yes", "railway:ref": null, "railway:track_class": "4", "railway:track_ref": null, "ref": null, "reporting_marks": null, "service": "none", "source": "Union Pacific", "spur": null, "start_date": null, "tiger:cfcc": "B11", "tiger:county": "Grimes, TX:Harris, TX:Montgomery, TX:Waller, TX", "tiger:name_base": "Railroad:Union Pacific Railroad", "tiger:name_base_1": null, "tiger:name_base_2": null, "tiger:reviewed": null, "tiger:zip_left": null, "tiger:zip_right": null, "tracks": null, "tunnel": null, "usage": "main", "maxspeed_mph": 60.0 }, "geometry": { "type": "LineString", "coordinates": [ [ -95.6141446, 30.1323795 ], [ -95.6127866, 30.1316165 ], [ -95.6112614, 30.1307532 ], [ -95.6101822, 30.1301458 ], [ -95.6074141, 30.1285771 ], [ -95.6059116, 30.1277271 ], [ -95.6014191, 30.1252247 ] ] } },
{ "type": "Feature", "properties": { "id": "way/195822182", "@id": "way/195822182", "access": null, "addr:city": "Tomball", "addr:state": "TX", "bridge": null, "bridge:movable": null, "covered": null, "crossing:barrier": null, "electrified": "no", "embankment": null, "fixme": null, "gauge": "1435", "highspeed": null, "layer": null, "length": null, "maxspeed": "60 mph", "name": "UP Navasota Subdivision", "name_1": null, "note": null, "note:old_railway_operator": null, "old_railway_operator": "MP", "operator": "Union Pacific Railroad", "operator:wikidata": "Q725793", "owner": null, "railway": "rail", "railway:atc": null, "railway:freight": null, "railway:ptc": "yes", "railway:ref": null, "railway:track_class": "4", "railway:track_ref": null, "ref": null, "reporting_marks": null, "service": "none", "source": "Union Pacific", "spur": null, "start_date": null, "tiger:cfcc": "B11", "tiger:county": "Grimes, TX:Harris, TX:Montgomery, TX:Waller, TX", "tiger:name_base": "Railroad:Union Pacific Railroad", "tiger:name_base_1": null, "tiger:name_base_2": null, "tiger:reviewed": null, "tiger:zip_left": null, "tiger:zip_right": null, "tracks": null, "tunnel": null, "usage": "main", "maxspeed_mph": 60.0 }, "geometry": { "type": "LineString", "coordinates": [ [ -95.6009905, 30.1249898 ], [ -95.6006458, 30.1247895 ], [ -95.596472, 30.1223943 ], [ -95.593004, 30.1204143 ], [ -95.5857727, 30.116319 ], [ -95.5827201, 30.1145936 ], [ -95.5809694, 30.1136061 ] ] } },
{ "type": "Feature", "properties": { "id": "way/195822193", "@id": "way/195822193", "access": null, "addr:city": null, "addr:state": null, "bridge": "yes", "bridge:movable": null, "covered": null, "crossing:barrier": null, "electrified": "no", "embankment": null, "fixme": null, "gauge": "1435", "highspeed": null, "layer": "1", "length": null, "maxspeed": "60 mph", "name": "UP Navasota Subdivision", "name_1": null, "note": null, "note:old_railway_operator": null, "old_railway_operator": "MP", "operator": "Union Pacific Railroad", "operator:wikidata": "Q725793", "owner": null, "railway": "rail", "railway:atc": null, "railway:freight": null, "railway:ptc": "yes", "railway:ref": null, "railway:track_class": "4", "railway:track_ref": null, "ref": null, "reporting_marks": null, "service": "none", "source": "Union Pacific", "spur": null, "start_date": null, "tiger:cfcc": "B11", "tiger:county": "Grimes, TX:Harris, TX:Montgomery, TX:Waller, TX", "tiger:name_base": "Railroad:Union Pacific Railroad", "tiger:name_base_1": null, "tiger:name_base_2": null, "tiger:reviewed": null, "tiger:zip_left": null, "tiger:zip_right": null, "tracks": null, "tunnel": null, "usage": "main", "maxspeed_mph": 60.0 }, "geometry": { "type": "LineString", "coordinates": [ [ -95.6014191, 30.1252247 ], [ -95.6009905, 30.1249898 ] ] } },
{ "type": "Feature", "properties": { "id": "way/195822199", "@id": "way/195822199", "access": null, "addr:city": null, "addr:state": null, "bridge": "yes", "bridge:movable": null, "covered": null, "crossing:barrier": null, "electrified": "no", "embankment": null, "fixme": null, "gauge": "1435", "highspeed": null, "layer": "1", "length": null, "maxspeed": "60 mph", "name": "UP Navasota Subdivision", "name_1": null, "note": null, "note:old_railway_operator": null, "old_railway_operator": "MP", "operator": "Union Pacific Railroad", "operator:wikidata": "Q725793", "owner": null, "railway": "rail", "railway:atc": null, "railway:freight": null, "railway:ptc": "yes", "railway:ref": null, "railway:track_class": "4", "railway:track_ref": null, "ref": null, "reporting_marks": null, "service": "none", "source": "Union Pacific", "spur": null, "start_date": null, "tiger:cfcc": "B11", "tiger:county": "Grimes, TX:Harris, TX:Montgomery, TX:Waller, TX", "tiger:name_base": "Railroad:Union Pacific Railroad", "tiger:name_base_1": null, "tiger:name_base_2": null, "tiger:reviewed": null, "tiger:zip_left": null, "tiger:zip_right": null, "tracks": null, "tunnel": null, "usage": "main", "maxspeed_mph": 60.0 }, "geometry": { "type": "LineString", "coordinates": [ [ -95.6143218, 30.1324791 ], [ -95.6141446, 30.1323795 ] ] } },
{ "type": "Feature", "properties": { "id": "way/197882457", "@id": "way/197882457", "access": null, "addr:city": null, "addr:state": null, "bridge": null, "bridge:movable": null, "covered": null, "crossing:barrier": null, "electrified": "no", "embankment": null, "fixme": null, "gauge": "1435", "highspeed": null, "layer": null, "length": null, "maxspeed": "60 mph", "name": "UP Beaumont Subdivision", "name_1": null, "note": null, "note:old_railway_operator": null, "old_railway_operator": "MP", "operator": "Union Pacific Railroad", "operator:wikidata": "Q725793", "owner": null, "railway": "rail", "railway:atc": null, "railway:freight": null, "railway:ptc": "yes", "railway:ref": null, "railway:track_class": "4", "railway:track_ref": null, "ref": null, "reporting_marks": null, "service": "none", "source": "Texas Department of Transportation", "spur": null, "start_date": null, "tiger:cfcc": "B11:B13", "tiger:county": "Hardin, TX:Harris, TX:Jefferson, TX:Liberty, TX", "tiger:name_base": "Missouri Pacific Railroad:Railroad:Union Pacific Railroad", "tiger:name_base_1": null, "tiger:name_base_2": null, "tiger:reviewed": null, "tiger:zip_left": null, "tiger:zip_right": null, "tracks": null, "tunnel": null, "usage": "main", "maxspeed_mph": 60.0 }, "geometry": { "type": "LineString", "coordinates": [ [ -94.7849816, 30.123378 ], [ -94.7781042, 30.1239234 ], [ -94.7763708, 30.1240739 ], [ -94.773417, 30.1242965 ], [ -94.7725477, 30.1243692 ], [ -94.7716903, 30.1244761 ], [ -94.7709043, 30.1246159 ], [ -94.7701563, 30.1247695 ], [ -94.7693639, 30.1249636 ], [ -94.7685318, 30.1251984 ], [ -94.7678034, 30.1254447 ], [ -94.7670002, 30.1257517 ], [ -94.7662529, 30.1260673 ], [ -94.7658112, 30.1262876 ], [ -94.7652321, 30.1265706 ], [ -94.764755, 30.1268354 ], [ -94.764005, 30.1272801 ], [ -94.763574, 30.127563 ], [ -94.7625374, 30.1283212 ], [ -94.76212, 30.1286778 ], [ -94.7614095, 30.1292935 ], [ -94.760517, 30.130176 ], [ -94.7582316, 30.1327567 ], [ -94.7574555, 30.1335467 ], [ -94.7553552, 30.1358613 ], [ -94.7531942, 30.1382446 ], [ -94.7518399, 30.1397202 ], [ -94.7512779, 30.1402802 ], [ -94.7508109, 30.1407289 ], [ -94.7503379, 30.1411312 ], [ -94.749594, 30.1417235 ], [ -94.7491089, 30.1420712 ], [ -94.7484903, 30.1424917 ], [ -94.7478273, 30.142898 ], [ -94.7468004, 30.1435529 ], [ -94.7446495, 30.1449053 ], [ -94.7429292, 30.1459807 ], [ -94.7421692, 30.1464659 ], [ -94.7410715, 30.1471552 ], [ -94.7401518, 30.1477252 ], [ -94.7396343, 30.1480345 ], [ -94.7392684, 30.1482306 ], [ -94.7389672, 30.1483923 ], [ -94.7386074, 30.1485722 ], [ -94.738195, 30.1487663 ], [ -94.7377846, 30.1489401 ], [ -94.7372166, 30.1491787 ], [ -94.7366182, 30.149397 ], [ -94.7360421, 30.149591 ], [ -94.7353649, 30.1498053 ], [ -94.7348259, 30.1499375 ], [ -94.734049, 30.1501227 ], [ -94.7332485, 30.1502723 ], [ -94.7323732, 30.1504077 ], [ -94.7315383, 30.1504946 ], [ -94.7306933, 30.1505492 ], [ -94.7298787, 30.1505694 ], [ -94.729151, 30.1505573 ], [ -94.7287649, 30.1505411 ], [ -94.7282433, 30.1505169 ], [ -94.7276308, 30.1504643 ], [ -94.7260925, 30.1503167 ], [ -94.7241155, 30.1501348 ], [ -94.7231535, 30.1500417 ], [ -94.7222876, 30.1499644 ], [ -94.7173202, 30.1495008 ], [ -94.7106709, 30.1488836 ], [ -94.7050566, 30.1483607 ], [ -94.7006067, 30.1479456 ], [ -94.6966339, 30.1475791 ], [ -94.6953644, 30.1474578 ], [ -94.6925613, 30.147199 ], [ -94.688575, 30.1468271 ], [ -94.685567, 30.1465441 ], [ -94.6829526, 30.1462988 ], [ -94.6796078, 30.1459888 ], [ -94.6760662, 30.1456573 ], [ -94.6736701, 30.1454336 ], [ -94.6728723, 30.1453622 ], [ -94.6726997, 30.1453474 ], [ -94.6694924, 30.1450482 ], [ -94.6652581, 30.144652 ], [ -94.6631477, 30.1444579 ], [ -94.6590778, 30.1440752 ], [ -94.6560052, 30.1437895 ], [ -94.6527088, 30.1434741 ], [ -94.6491484, 30.1431588 ], [ -94.648267, 30.1430699 ], [ -94.6474153, 30.1429836 ], [ -94.6465043, 30.1429 ], [ -94.6448736, 30.1427491 ], [ -94.6420595, 30.1424791 ], [ -94.6410275, 30.1423826 ], [ -94.6378659, 30.1420915 ], [ -94.6365776, 30.1419702 ], [ -94.6341464, 30.1417411 ], [ -94.6296183, 30.1413152 ], [ -94.6255646, 30.1409352 ], [ -94.6221281, 30.1406171 ], [ -94.6184006, 30.1402641 ], [ -94.616185, 30.1400646 ], [ -94.6112688, 30.1395956 ], [ -94.6082447, 30.1393153 ], [ -94.6062743, 30.1391534 ] ] } },
{ "type": "Feature", "properties": { "id": "way/197882459", "@id": "way/197882459", "access": null, "addr:city": null, "addr:state": null, "bridge": "yes", "bridge:movable": null, "covered": null, "crossing:barrier": null, "electrified": "no", "embankment": null, "fixme": null, "gauge": "1435", "highspeed": null, "layer": null, "length": null, "maxspeed": "60 mph", "name": "UP Beaumont Subdivision", "name_1": null, "note": null, "note:old_railway_operator": null, "old_railway_operator": "MP", "operator": "Union Pacific Railroad", "operator:wikidata": "Q725793", "owner": null, "railway": "rail", "railway:atc": null, "railway:freight": null, "railway:ptc": "yes", "railway:ref": null, "railway:track_class": "4", "railway:track_ref": null, "ref": null, "reporting_marks": null, "service": "none", "source": "Texas Department of Transportation", "spur": null, "start_date": null, "tiger:cfcc": "B11:B13", "tiger:county": "Hardin, TX:Harris, TX:Jefferson, TX:Liberty, TX", "tiger:name_base": "Missouri Pacific Railroad:Railroad:Union Pacific Railroad", "tiger:name_base_1": null, "tiger:name_base_2": null, "tiger:reviewed": null, "tiger:zip_left": null, "tiger:zip_right": null, "tracks": null, "tunnel": null, "usage": "main", "maxspeed_mph": 60.0 }, "geometry": { "type": "LineString", "coordinates": [ [ -94.7859042, 30.1232991 ], [ -94.7849816, 30.123378 ] ] } },
{ "type": "Feature", "properties": { "id": "way/197883078", "@id": "way/197883078", "access": null, "addr:city": null, "addr:state": null, "bridge": "yes", "bridge:movable": null, "covered": null, "crossing:barrier": null, "electrified": "no", "embankment": null, "fixme": null, "gauge": "1435", "highspeed": null, "layer": "1", "length": null, "maxspeed": "60 mph", "name": "UP Beaumont Subdivision", "name_1": null, "note": null, "note:old_railway_operator": null, "old_railway_operator": "MP", "operator": "Union Pacific Railroad", "operator:wikidata": "Q725793", "owner": null, "railway": "rail", "railway:atc": null, "railway:freight": null, "railway:ptc": "yes", "railway:ref": null, "railway:track_class": "4", "railway:track_ref": null, "ref": null, "reporting_marks": null, "service": "none", "source": "Texas Department of Transportation", "spur": null, "start_date": null, "tiger:cfcc": "B11:B13", "tiger:county": "Hardin, TX:Harris, TX:Jefferson, TX:Liberty, TX", "tiger:name_base": "Missouri Pacific Railroad:Railroad:Union Pacific Railroad", "tiger:name_base_1": null, "tiger:name_base_2": null, "tiger:reviewed": null, "tiger:zip_left": null, "tiger:zip_right": null, "tracks": null, "tunnel": null, "usage": "main", "maxspeed_mph": 60.0 }, "geometry": { "type": "LineString", "coordinates": [ [ -94.8192722, 30.1206098 ], [ -94.8153236, 30.1209239 ] ] } },
{ "type": "Feature", "properties": { "id": "way/197883079", "@id": "way/197883079", "access": null, "addr:city": null, "addr:state": null, "bridge": null, "bridge:movable": null, "covered": null, "crossing:barrier": null, "electrified": "no", "embankment": null, "fixme": null, "gauge": "1435", "highspeed": null, "layer": null, "length": null, "maxspeed": "60 mph", "name": "UP Beaumont Subdivision", "name_1": null, "note": null, "note:old_railway_operator": null, "old_railway_operator": "MP", "operator": "Union Pacific Railroad", "operator:wikidata": "Q725793", "owner": null, "railway": "rail", "railway:atc": null, "railway:freight": null, "railway:ptc": "yes", "railway:ref": null, "railway:track_class": "4", "railway:track_ref": null, "ref": null, "reporting_marks": null, "service": "none", "source": "Texas Department of Transportation", "spur": null, "start_date": null, "tiger:cfcc": "B11:B13", "tiger:county": "Hardin, TX:Harris, TX:Jefferson, TX:Liberty, TX", "tiger:name_base": "Missouri Pacific Railroad:Railroad:Union Pacific Railroad", "tiger:name_base_1": null, "tiger:name_base_2": null, "tiger:reviewed": null, "tiger:zip_left": null, "tiger:zip_right": null, "tracks": null, "tunnel": null, "usage": "main", "maxspeed_mph": 60.0 }, "geometry": { "type": "LineString", "coordinates": [ [ -94.8270418, 30.1197087 ], [ -94.8262957, 30.1198864 ], [ -94.8253691, 30.1200587 ], [ -94.8245985, 30.1201646 ] ] } },
{ "type": "Feature", "properties": { "id": "way/197883080", "@id": "way/197883080", "access": null, "addr:city": null, "addr:state": null, "bridge": null, "bridge:movable": null, "covered": null, "crossing:barrier": null, "electrified": "no", "embankment": null, "fixme": null, "gauge": "1435", "highspeed": null, "layer": null, "length": null, "maxspeed": "60 mph", "name": "UP Beaumont Subdivision", "name_1": null, "note": null, "note:old_railway_operator": null, "old_railway_operator": "MP", "operator": "Union Pacific Railroad", "operator:wikidata": "Q725793", "owner": null, "railway": "rail", "railway:atc": null, "railway:freight": null, "railway:ptc": "yes", "railway:ref": null, "railway:track_class": "4", "railway:track_ref": null, "ref": null, "reporting_marks": null, "service": "none", "source": "Texas Department of Transportation", "spur": null, "start_date": null, "tiger:cfcc": "B11:B13", "tiger:county": "Hardin, TX:Harris, TX:Jefferson, TX:Liberty, TX", "tiger:name_base": "Missouri Pacific Railroad:Railroad:Union Pacific Railroad", "tiger:name_base_1": null, "tiger:name_base_2": null, "tiger:reviewed": null, "tiger:zip_left": null, "tiger:zip_right": null, "tracks": null, "tunnel": null, "usage": "main", "maxspeed_mph": 60.0 }, "geometry": { "type": "LineString", "coordinates": [ [ -94.7975615, 30.1223569 ], [ -94.7942653, 30.1226306 ] ] } },
{ "type": "Feature", "properties": { "id": "way/197883081", "@id": "way/197883081", "access": null, "addr:city": null, "addr:state": null, "bridge": null, "bridge:movable": null, "covered": null, "crossing:barrier": null, "electrified": "no", "embankment": null, "fixme": null, "gauge": "1435", "highspeed": null, "layer": null, "length": null, "maxspeed": "60 mph", "name": "UP Beaumont Subdivision", "name_1": null, "note": null, "note:old_railway_operator": null, "old_railway_operator": "MP", "operator": "Union Pacific Railroad", "operator:wikidata": "Q725793", "owner": null, "railway": "rail", "railway:atc": null, "railway:freight": null, "railway:ptc": "yes", "railway:ref": null, "railway:track_class": "4", "railway:track_ref": null, "ref": null, "reporting_marks": null, "service": "none", "source": "Texas Department of Transportation", "spur": null, "start_date": null, "tiger:cfcc": "B11:B13", "tiger:county": "Hardin, TX:Harris, TX:Jefferson, TX:Liberty, TX", "tiger:name_base": "Missouri Pacific Railroad:Railroad:Union Pacific Railroad", "tiger:name_base_1": null, "tiger:name_base_2": null, "tiger:reviewed": null, "tiger:zip_left": null, "tiger:zip_right": null, "tracks": null, "tunnel": null, "usage": "main", "maxspeed_mph": 60.0 }, "geometry": { "type": "LineString", "coordinates": [ [ -94.8236159, 30.1202586 ], [ -94.8192722, 30.1206098 ] ] } },
{ "type": "Feature", "properties": { "id": "way/197883082", "@id": "way/197883082", "access": null, "addr:city": null, "addr:state": null, "bridge": null, "bridge:movable": null, "covered": null, "crossing:barrier": null, "electrified": "no", "embankment": null, "fixme": null, "gauge": "1435", "highspeed": null, "layer": null, "length": null, "maxspeed": "60 mph", "name": "UP Beaumont Subdivision", "name_1": null, "note": null, "note:old_railway_operator": null, "old_railway_operator": "MP", "operator": "Union Pacific Railroad", "operator:wikidata": "Q725793", "owner": null, "railway": "rail", "railway:atc": null, "railway:freight": null, "railway:ptc": "yes", "railway:ref": null, "railway:track_class": "4", "railway:track_ref": null, "ref": null, "reporting_marks": null, "service": "none", "source": "Texas Department of Transportation", "spur": null, "start_date": null, "tiger:cfcc": "B11:B13", "tiger:county": "Hardin, TX:Harris, TX:Jefferson, TX:Liberty, TX", "tiger:name_base": "Missouri Pacific Railroad:Railroad:Union Pacific Railroad", "tiger:name_base_1": null, "tiger:name_base_2": null, "tiger:reviewed": null, "tiger:zip_left": null, "tiger:zip_right": null, "tracks": null, "tunnel": null, "usage": "main", "maxspeed_mph": 60.0 }, "geometry": { "type": "LineString", "coordinates": [ [ -94.7924162, 30.1227682 ], [ -94.7859042, 30.1232991 ] ] } },
{ "type": "Feature", "properties": { "id": "way/197883083", "@id": "way/197883083", "access": null, "addr:city": null, "addr:state": null, "bridge": null, "bridge:movable": null, "covered": null, "crossing:barrier": null, "electrified": "no", "embankment": null, "fixme": null, "gauge": "1435", "highspeed": null, "layer": null, "length": null, "maxspeed": "60 mph", "name": "UP Beaumont Subdivision", "name_1": null, "note": null, "note:old_railway_operator": null, "old_railway_operator": "MP", "operator": "Union Pacific Railroad", "operator:wikidata": "Q725793", "owner": null, "railway": "rail", "railway:atc": null, "railway:freight": null, "railway:ptc": "yes", "railway:ref": null, "railway:track_class": "4", "railway:track_ref": null, "ref": null, "reporting_marks": null, "service": "none", "source": "Texas Department of Transportation", "spur": null, "start_date": null, "tiger:cfcc": "B11:B13", "tiger:county": "Hardin, TX:Harris, TX:Jefferson, TX:Liberty, TX", "tiger:name_base": "Missouri Pacific Railroad:Railroad:Union Pacific Railroad", "tiger:name_base_1": null, "tiger:name_base_2": null, "tiger:reviewed": null, "tiger:zip_left": null, "tiger:zip_right": null, "tracks": null, "tunnel": null, "usage": "main", "maxspeed_mph": 60.0 }, "geometry": { "type": "LineString", "coordinates": [ [ -94.8099875, 30.1213568 ], [ -94.8047142, 30.1217855 ], [ -94.8019509, 30.1220099 ], [ -94.7986386, 30.1222743 ] ] } },
{ "type": "Feature", "properties": { "id": "way/197883084", "@id": "way/197883084", "access": null, "addr:city": null, "addr:state": null, "bridge": "yes", "bridge:movable": null, "covered": null, "crossing:barrier": null, "electrified": "no", "embankment": null, "fixme": null, "gauge": "1435", "highspeed": null, "layer": null, "length": null, "maxspeed": "60 mph", "name": "UP Beaumont Subdivision", "name_1": null, "note": null, "note:old_railway_operator": null, "old_railway_operator": "MP", "operator": "Union Pacific Railroad", "operator:wikidata": "Q725793", "owner": null, "railway": "rail", "railway:atc": null, "railway:freight": null, "railway:ptc": "yes", "railway:ref": null, "railway:track_class": "4", "railway:track_ref": null, "ref": null, "reporting_marks": null, "service": "none", "source": "Texas Department of Transportation", "spur": null, "start_date": null, "tiger:cfcc": "B11:B13", "tiger:county": "Hardin, TX:Harris, TX:Jefferson, TX:Liberty, TX", "tiger:name_base": "Missouri Pacific Railroad:Railroad:Union Pacific Railroad", "tiger:name_base_1": null, "tiger:name_base_2": null, "tiger:reviewed": null, "tiger:zip_left": null, "tiger:zip_right": null, "tracks": null, "tunnel": null, "usage": "main", "maxspeed_mph": 60.0 }, "geometry": { "type": "LineString", "coordinates": [ [ -94.8109595, 30.1212679 ], [ -94.8099875, 30.1213568 ] ] } },
{ "type": "Feature", "properties": { "id": "way/197883085", "@id": "way/197883085", "access": null, "addr:city": null, "addr:state": null, "bridge": null, "bridge:movable": null, "covered": null, "crossing:barrier": null, "electrified": "no", "embankment": null, "fixme": null, "gauge": "1435", "highspeed": null, "layer": null, "length": null, "maxspeed": "60 mph", "name": "UP Beaumont Subdivision", "name_1": null, "note": null, "note:old_railway_operator": null, "old_railway_operator": "MP", "operator": "Union Pacific Railroad", "operator:wikidata": "Q725793", "owner": null, "railway": "rail", "railway:atc": null, "railway:freight": null, "railway:ptc": "yes", "railway:ref": null, "railway:track_class": "4", "railway:track_ref": null, "ref": null, "reporting_marks": null, "service": "none", "source": "Texas Department of Transportation", "spur": null, "start_date": null, "tiger:cfcc": "B11:B13", "tiger:county": "Hardin, TX:Harris, TX:Jefferson, TX:Liberty, TX", "tiger:name_base": "Missouri Pacific Railroad:Railroad:Union Pacific Railroad", "tiger:name_base_1": null, "tiger:name_base_2": null, "tiger:reviewed": null, "tiger:zip_left": null, "tiger:zip_right": null, "tracks": null, "tunnel": null, "usage": "main", "maxspeed_mph": 60.0 }, "geometry": { "type": "LineString", "coordinates": [ [ -94.8495688, 30.112495 ], [ -94.8396909, 30.115689 ] ] } },
{ "type": "Feature", "properties": { "id": "way/197883089", "@id": "way/197883089", "access": null, "addr:city": null, "addr:state": null, "bridge": null, "bridge:movable": null, "covered": null, "crossing:barrier": null, "electrified": "no", "embankment": null, "fixme": null, "gauge": "1435", "highspeed": null, "layer": null, "length": null, "maxspeed": "60 mph", "name": "UP Beaumont Subdivision", "name_1": null, "note": null, "note:old_railway_operator": null, "old_railway_operator": "MP", "operator": "Union Pacific Railroad", "operator:wikidata": "Q725793", "owner": null, "railway": "rail", "railway:atc": null, "railway:freight": null, "railway:ptc": "yes", "railway:ref": null, "railway:track_class": "4", "railway:track_ref": null, "ref": null, "reporting_marks": null, "service": "none", "source": "Texas Department of Transportation", "spur": null, "start_date": null, "tiger:cfcc": "B11:B13", "tiger:county": "Hardin, TX:Harris, TX:Jefferson, TX:Liberty, TX", "tiger:name_base": "Missouri Pacific Railroad:Railroad:Union Pacific Railroad", "tiger:name_base_1": null, "tiger:name_base_2": null, "tiger:reviewed": null, "tiger:zip_left": null, "tiger:zip_right": null, "tracks": null, "tunnel": null, "usage": "main", "maxspeed_mph": 60.0 }, "geometry": { "type": "LineString", "coordinates": [ [ -94.8153236, 30.1209239 ], [ -94.8109595, 30.1212679 ] ] } },
{ "type": "Feature", "properties": { "id": "way/197883091", "@id": "way/197883091", "access": null, "addr:city": null, "addr:state": null, "bridge": "yes", "bridge:movable": null, "covered": null, "crossing:barrier": null, "electrified": "no", "embankment": null, "fixme": null, "gauge": "1435", "highspeed": null, "layer": null, "length": null, "maxspeed": "60 mph", "name": "UP Beaumont Subdivision", "name_1": null, "note": null, "note:old_railway_operator": null, "old_railway_operator": "MP", "operator": "Union Pacific Railroad", "operator:wikidata": "Q725793", "owner": null, "railway": "rail", "railway:atc": null, "railway:freight": null, "railway:ptc": "yes", "railway:ref": null, "railway:track_class": "4", "railway:track_ref": null, "ref": null, "reporting_marks": null, "service": "none", "source": "Texas Department of Transportation", "spur": null, "start_date": null, "tiger:cfcc": "B11:B13", "tiger:county": "Hardin, TX:Harris, TX:Jefferson, TX:Liberty, TX", "tiger:name_base": "Missouri Pacific Railroad:Railroad:Union Pacific Railroad", "tiger:name_base_1": null, "tiger:name_base_2": null, "tiger:reviewed": null, "tiger:zip_left": null, "tiger:zip_right": null, "tracks": null, "tunnel": null, "usage": "main", "maxspeed_mph": 60.0 }, "geometry": { "type": "LineString", "coordinates": [ [ -94.8396909, 30.115689 ], [ -94.8390016, 30.1159129 ] ] } },
{ "type": "Feature", "properties": { "id": "way/197883093", "@id": "way/197883093", "access": null, "addr:city": null, "addr:state": null, "bridge": "yes", "bridge:movable": null, "covered": null, "crossing:barrier": null, "electrified": "no", "embankment": null, "fixme": null, "gauge": "1435", "highspeed": null, "layer": null, "length": null, "maxspeed": "60 mph", "name": "UP Beaumont Subdivision", "name_1": null, "note": null, "note:old_railway_operator": null, "old_railway_operator": "MP", "operator": "Union Pacific Railroad", "operator:wikidata": "Q725793", "owner": null, "railway": "rail", "railway:atc": null, "railway:freight": null, "railway:ptc": "yes", "railway:ref": null, "railway:track_class": "4", "railway:track_ref": null, "ref": null, "reporting_marks": null, "service": "none", "source": "Texas Department of Transportation", "spur": null, "start_date": null, "tiger:cfcc": "B11:B13", "tiger:county": "Hardin, TX:Harris, TX:Jefferson, TX:Liberty, TX", "tiger:name_base": "Missouri Pacific Railroad:Railroad:Union Pacific Railroad", "tiger:name_base_1": null, "tiger:name_base_2": null, "tiger:reviewed": null, "tiger:zip_left": null, "tiger:zip_right": null, "tracks": null, "tunnel": null, "usage": "main", "maxspeed_mph": 60.0 }, "geometry": { "type": "LineString", "coordinates": [ [ -94.8500251, 30.1123459 ], [ -94.8495688, 30.112495 ] ] } },
{ "type": "Feature", "properties": { "id": "way/197883094", "@id": "way/197883094", "access": null, "addr:city": null, "addr:state": null, "bridge": "yes", "bridge:movable": null, "covered": null, "crossing:barrier": null, "electrified": "no", "embankment": null, "fixme": null, "gauge": "1435", "highspeed": null, "layer": null, "length": null, "maxspeed": "60 mph", "name": "UP Beaumont Subdivision", "name_1": null, "note": null, "note:old_railway_operator": null, "old_railway_operator": "MP", "operator": "Union Pacific Railroad", "operator:wikidata": "Q725793", "owner": null, "railway": "rail", "railway:atc": null, "railway:freight": null, "railway:ptc": "yes", "railway:ref": null, "railway:track_class": "4", "railway:track_ref": null, "ref": null, "reporting_marks": null, "service": "none", "source": "Texas Department of Transportation", "spur": null, "start_date": null, "tiger:cfcc": "B11:B13", "tiger:county": "Hardin, TX:Harris, TX:Jefferson, TX:Liberty, TX", "tiger:name_base": "Missouri Pacific Railroad:Railroad:Union Pacific Railroad", "tiger:name_base_1": null, "tiger:name_base_2": null, "tiger:reviewed": null, "tiger:zip_left": null, "tiger:zip_right": null, "tracks": null, "tunnel": null, "usage": "main", "maxspeed_mph": 60.0 }, "geometry": { "type": "LineString", "coordinates": [ [ -94.7942653, 30.1226306 ], [ -94.7924162, 30.1227682 ] ] } },
{ "type": "Feature", "properties": { "id": "way/197883095", "@id": "way/197883095", "access": null, "addr:city": null, "addr:state": null, "bridge": "yes", "bridge:movable": null, "covered": null, "crossing:barrier": null, "electrified": "no", "embankment": null, "fixme": null, "gauge": "1435", "highspeed": null, "layer": null, "length": null, "maxspeed": "60 mph", "name": "UP Beaumont Subdivision", "name_1": null, "note": null, "note:old_railway_operator": null, "old_railway_operator": "MP", "operator": "Union Pacific Railroad", "operator:wikidata": "Q725793", "owner": null, "railway": "rail", "railway:atc": null, "railway:freight": null, "railway:ptc": "yes", "railway:ref": null, "railway:track_class": "4", "railway:track_ref": null, "ref": null, "reporting_marks": null, "service": "none", "source": "Texas Department of Transportation", "spur": null, "start_date": null, "tiger:cfcc": "B11:B13", "tiger:county": "Hardin, TX:Harris, TX:Jefferson, TX:Liberty, TX", "tiger:name_base": "Missouri Pacific Railroad:Railroad:Union Pacific Railroad", "tiger:name_base_1": null, "tiger:name_base_2": null, "tiger:reviewed": null, "tiger:zip_left": null, "tiger:zip_right": null, "tracks": null, "tunnel": null, "usage": "main", "maxspeed_mph": 60.0 }, "geometry": { "type": "LineString", "coordinates": [ [ -94.7986386, 30.1222743 ], [ -94.7975615, 30.1223569 ] ] } },
{ "type": "Feature", "properties": { "id": "way/197883096", "@id": "way/197883096", "access": null, "addr:city": null, "addr:state": null, "bridge": null, "bridge:movable": null, "covered": null, "crossing:barrier": null, "electrified": "no", "embankment": null, "fixme": null, "gauge": "1435", "highspeed": null, "layer": null, "length": null, "maxspeed": "60 mph", "name": "UP Beaumont Subdivision", "name_1": null, "note": null, "note:old_railway_operator": null, "old_railway_operator": "MP", "operator": "Union Pacific Railroad", "operator:wikidata": "Q725793", "owner": null, "railway": "rail", "railway:atc": null, "railway:freight": null, "railway:ptc": "yes", "railway:ref": null, "railway:track_class": "4", "railway:track_ref": null, "ref": null, "reporting_marks": null, "service": "none", "source": "Texas Department of Transportation", "spur": null, "start_date": null, "tiger:cfcc": "B11:B13", "tiger:county": "Hardin, TX:Harris, TX:Jefferson, TX:Liberty, TX", "tiger:name_base": "Missouri Pacific Railroad:Railroad:Union Pacific Railroad", "tiger:name_base_1": null, "tiger:name_base_2": null, "tiger:reviewed": null, "tiger:zip_left": null, "tiger:zip_right": null, "tracks": null, "tunnel": null, "usage": "main", "maxspeed_mph": 60.0 }, "geometry": { "type": "LineString", "coordinates": [ [ -94.8390016, 30.1159129 ], [ -94.829969, 30.1188353 ], [ -94.8282745, 30.1193789 ] ] } },
{ "type": "Feature", "properties": { "id": "way/197883097", "@id": "way/197883097", "access": null, "addr:city": null, "addr:state": null, "bridge": "yes", "bridge:movable": null, "covered": null, "crossing:barrier": null, "electrified": "no", "embankment": null, "fixme": null, "gauge": "1435", "highspeed": null, "layer": null, "length": null, "maxspeed": "60 mph", "name": "UP Beaumont Subdivision", "name_1": null, "note": null, "note:old_railway_operator": null, "old_railway_operator": "MP", "operator": "Union Pacific Railroad", "operator:wikidata": "Q725793", "owner": null, "railway": "rail", "railway:atc": null, "railway:freight": null, "railway:ptc": "yes", "railway:ref": null, "railway:track_class": "4", "railway:track_ref": null, "ref": null, "reporting_marks": null, "service": "none", "source": "Texas Department of Transportation", "spur": null, "start_date": null, "tiger:cfcc": "B11:B13", "tiger:county": "Hardin, TX:Harris, TX:Jefferson, TX:Liberty, TX", "tiger:name_base": "Missouri Pacific Railroad:Railroad:Union Pacific Railroad", "tiger:name_base_1": null, "tiger:name_base_2": null, "tiger:reviewed": null, "tiger:zip_left": null, "tiger:zip_right": null, "tracks": null, "tunnel": null, "usage": "main", "maxspeed_mph": 60.0 }, "geometry": { "type": "LineString", "coordinates": [ [ -94.8282745, 30.1193789 ], [ -94.8270418, 30.1197087 ] ] } },
{ "type": "Feature", "properties": { "id": "way/197883098", "@id": "way/197883098", "access": null, "addr:city": null, "addr:state": null, "bridge": "yes", "bridge:movable": null, "covered": null, "crossing:barrier": null, "electrified": "no", "embankment": null, "fixme": null, "gauge": "1435", "highspeed": null, "layer": null, "length": null, "maxspeed": "60 mph", "name": "UP Beaumont Subdivision", "name_1": null, "note": null, "note:old_railway_operator": null, "old_railway_operator": "MP", "operator": "Union Pacific Railroad", "operator:wikidata": "Q725793", "owner": null, "railway": "rail", "railway:atc": null, "railway:freight": null, "railway:ptc": "yes", "railway:ref": null, "railway:track_class": "4", "railway:track_ref": null, "ref": null, "reporting_marks": null, "service": "none", "source": "Texas Department of Transportation", "spur": null, "start_date": null, "tiger:cfcc": "B11:B13", "tiger:county": "Hardin, TX:Harris, TX:Jefferson, TX:Liberty, TX", "tiger:name_base": "Missouri Pacific Railroad:Railroad:Union Pacific Railroad", "tiger:name_base_1": null, "tiger:name_base_2": null, "tiger:reviewed": null, "tiger:zip_left": null, "tiger:zip_right": null, "tracks": null, "tunnel": null, "usage": "main", "maxspeed_mph": 60.0 }, "geometry": { "type": "LineString", "coordinates": [ [ -94.8245985, 30.1201646 ], [ -94.8236159, 30.1202586 ] ] } },
{ "type": "Feature", "properties": { "id": "way/198868439", "@id": "way/198868439", "access": null, "addr:city": null, "addr:state": null, "bridge": "yes", "bridge:movable": null, "covered": null, "crossing:barrier": null, "electrified": "no", "embankment": null, "fixme": null, "gauge": "1435", "highspeed": null, "layer": null, "length": null, "maxspeed": "60 mph", "name": "UP Palestine Subdivision", "name_1": null, "note": null, "note:old_railway_operator": null, "old_railway_operator": "MP", "operator": "Union Pacific Railroad", "operator:wikidata": "Q725793", "owner": null, "railway": "rail", "railway:atc": null, "railway:freight": null, "railway:ptc": "yes", "railway:ref": null, "railway:track_class": "4", "railway:track_ref": null, "ref": null, "reporting_marks": null, "service": "none", "source": "Texas Department of Transportation", "spur": null, "start_date": null, "tiger:cfcc": "B11:B13", "tiger:county": "Harris, TX:Montgomery, TX:Trinity, TX:Walker, TX", "tiger:name_base": "Union Pacific Railroad", "tiger:name_base_1": null, "tiger:name_base_2": null, "tiger:reviewed": null, "tiger:zip_left": null, "tiger:zip_right": null, "tracks": null, "tunnel": null, "usage": "main", "maxspeed_mph": 60.0 }, "geometry": { "type": "LineString", "coordinates": [ [ -95.4233787, 30.1047566 ], [ -95.4234349, 30.1049835 ] ] } },
{ "type": "Feature", "properties": { "id": "way/198868442", "@id": "way/198868442", "access": null, "addr:city": null, "addr:state": null, "bridge": null, "bridge:movable": null, "covered": null, "crossing:barrier": null, "electrified": "no", "embankment": null, "fixme": null, "gauge": "1435", "highspeed": null, "layer": null, "length": null, "maxspeed": "60 mph", "name": "UP Palestine Subdivision", "name_1": null, "note": null, "note:old_railway_operator": null, "old_railway_operator": "MP", "operator": "Union Pacific Railroad", "operator:wikidata": "Q725793", "owner": null, "railway": "rail", "railway:atc": null, "railway:freight": null, "railway:ptc": "yes", "railway:ref": null, "railway:track_class": "4", "railway:track_ref": null, "ref": null, "reporting_marks": null, "service": "none", "source": "Texas Department of Transportation", "spur": null, "start_date": null, "tiger:cfcc": "B11:B13", "tiger:county": "Harris, TX:Montgomery, TX:Trinity, TX:Walker, TX", "tiger:name_base": "Union Pacific Railroad", "tiger:name_base_1": null, "tiger:name_base_2": null, "tiger:reviewed": null, "tiger:zip_left": null, "tiger:zip_right": null, "tracks": null, "tunnel": null, "usage": "main", "maxspeed_mph": 60.0 }, "geometry": { "type": "LineString", "coordinates": [ [ -95.4234349, 30.1049835 ], [ -95.4244351, 30.1090217 ], [ -95.4255228, 30.1133712 ], [ -95.425863, 30.1147785 ], [ -95.4260304, 30.1154709 ] ] } },
{ "type": "Feature", "properties": { "id": "way/201515668", "@id": "way/201515668", "access": null, "addr:city": null, "addr:state": null, "bridge": null, "bridge:movable": null, "covered": null, "crossing:barrier": null, "electrified": "no", "embankment": null, "fixme": null, "gauge": "1435", "highspeed": null, "layer": null, "length": null, "maxspeed": "40 mph", "name": "UP Eureka Subdivision", "name_1": null, "note": null, "note:old_railway_operator": "H&TC", "old_railway_operator": "SP", "operator": "Union Pacific Railroad", "operator:wikidata": "Q725793", "owner": null, "railway": "rail", "railway:atc": null, "railway:freight": null, "railway:ptc": "yes", "railway:ref": null, "railway:track_class": "3", "railway:track_ref": null, "ref": null, "reporting_marks": null, "service": "none", "source": "Texas Department of Transportation", "spur": null, "start_date": null, "tiger:cfcc": "B11", "tiger:county": "Grimes, TX:Harris, TX:Waller, TX", "tiger:name_base": "Railroad:Southern Pacific Railroad", "tiger:name_base_1": null, "tiger:name_base_2": null, "tiger:reviewed": null, "tiger:zip_left": null, "tiger:zip_right": null, "tracks": null, "tunnel": null, "usage": "main", "maxspeed_mph": 40.0 }, "geometry": { "type": "LineString", "coordinates": [ [ -95.4908722, 29.823436 ], [ -95.4842263, 29.818675 ], [ -95.4835502, 29.818197 ], [ -95.4834373, 29.8181094 ], [ -95.4797451, 29.8154407 ], [ -95.4747462, 29.8117965 ], [ -95.4746882, 29.8117545 ], [ -95.4745734, 29.8116693 ], [ -95.4745261, 29.8116342 ], [ -95.47134, 29.809273 ], [ -95.470001, 29.808267 ], [ -95.468943, 29.80751 ], [ -95.467288, 29.806326 ], [ -95.4627234, 29.8030414 ], [ -95.460649, 29.801496 ], [ -95.4597304, 29.8008491 ], [ -95.4565984, 29.7985593 ], [ -95.4564779, 29.7984712 ], [ -95.4560286, 29.798144 ], [ -95.4559386, 29.7980834 ], [ -95.45107, 29.794531 ], [ -95.450959, 29.79445 ], [ -95.450869, 29.794383 ], [ -95.450597, 29.794184 ], [ -95.447602, 29.791991 ], [ -95.4466816, 29.7913171 ], [ -95.4463848, 29.7910944 ], [ -95.4460437, 29.7908386 ], [ -95.444811, 29.789914 ], [ -95.443271, 29.788805 ], [ -95.441636, 29.787613 ], [ -95.4398616, 29.7863152 ], [ -95.4394294, 29.785999 ] ] } },
{ "type": "Feature", "properties": { "id": "way/201515674", "@id": "way/201515674", "access": null, "addr:city": null, "addr:state": null, "bridge": "yes", "bridge:movable": null, "covered": null, "crossing:barrier": null, "electrified": "no", "embankment": null, "fixme": null, "gauge": "1435", "highspeed": null, "layer": "1", "length": null, "maxspeed": "40 mph", "name": "UP Eureka Subdivision", "name_1": null, "note": null, "note:old_railway_operator": "H&TC", "old_railway_operator": "SP", "operator": "Union Pacific Railroad", "operator:wikidata": "Q725793", "owner": null, "railway": "rail", "railway:atc": null, "railway:freight": null, "railway:ptc": "yes", "railway:ref": null, "railway:track_class": "3", "railway:track_ref": null, "ref": null, "reporting_marks": null, "service": "none", "source": "Texas Department of Transportation", "spur": null, "start_date": null, "tiger:cfcc": "B11", "tiger:county": "Grimes, TX:Harris, TX:Waller, TX", "tiger:name_base": "Railroad:Southern Pacific Railroad", "tiger:name_base_1": null, "tiger:name_base_2": null, "tiger:reviewed": null, "tiger:zip_left": null, "tiger:zip_right": null, "tracks": null, "tunnel": null, "usage": "main", "maxspeed_mph": 40.0 }, "geometry": { "type": "LineString", "coordinates": [ [ -95.4910803, 29.8235908 ], [ -95.4908722, 29.823436 ] ] } },
{ "type": "Feature", "properties": { "id": "way/206155163", "@id": "way/206155163", "access": null, "addr:city": null, "addr:state": null, "bridge": null, "bridge:movable": null, "covered": null, "crossing:barrier": null, "electrified": "no", "embankment": null, "fixme": null, "gauge": "1435", "highspeed": null, "layer": null, "length": null, "maxspeed": null, "name": "UP Beaumont Subdivision", "name_1": null, "note": null, "note:old_railway_operator": null, "old_railway_operator": "MP", "operator": "Union Pacific Railroad", "operator:wikidata": "Q725793", "owner": null, "railway": "rail", "railway:atc": null, "railway:freight": null, "railway:ptc": null, "railway:ref": null, "railway:track_class": null, "railway:track_ref": null, "ref": null, "reporting_marks": null, "service": "none", "source": null, "spur": null, "start_date": null, "tiger:cfcc": null, "tiger:county": null, "tiger:name_base": null, "tiger:name_base_1": null, "tiger:name_base_2": null, "tiger:reviewed": null, "tiger:zip_left": null, "tiger:zip_right": null, "tracks": null, "tunnel": null, "usage": "main", "maxspeed_mph": 0.0 }, "geometry": { "type": "LineString", "coordinates": [ [ -95.2861342, 29.8544922 ], [ -95.285951, 29.8546707 ], [ -95.2833573, 29.8571979 ] ] } },
{ "type": "Feature", "properties": { "id": "way/206155168", "@id": "way/206155168", "access": null, "addr:city": null, "addr:state": null, "bridge": "yes", "bridge:movable": null, "covered": null, "crossing:barrier": null, "electrified": "no", "embankment": null, "fixme": null, "gauge": "1435", "highspeed": null, "layer": "1", "length": null, "maxspeed": "60 mph", "name": "UP Lufkin Subdivision", "name_1": null, "note": null, "note:old_railway_operator": "HE&WT", "old_railway_operator": "SP", "operator": "Union Pacific Railroad", "operator:wikidata": "Q725793", "owner": null, "railway": "rail", "railway:atc": "no", "railway:freight": null, "railway:ptc": "no", "railway:ref": null, "railway:track_class": "4", "railway:track_ref": null, "ref": null, "reporting_marks": null, "service": "none", "source": "Texas Department of Transportation", "spur": null, "start_date": null, "tiger:cfcc": "B11", "tiger:county": "Harris, TX", "tiger:name_base": "Houston Belt and Terminal Ry:Southern Pacific Railroad", "tiger:name_base_1": null, "tiger:name_base_2": null, "tiger:reviewed": null, "tiger:zip_left": null, "tiger:zip_right": null, "tracks": null, "tunnel": null, "usage": "main", "maxspeed_mph": 60.0 }, "geometry": { "type": "LineString", "coordinates": [ [ -95.3181293, 29.8627544 ], [ -95.3179799, 29.8631168 ] ] } },
{ "type": "Feature", "properties": { "id": "way/206155170", "@id": "way/206155170", "access": null, "addr:city": null, "addr:state": null, "bridge": null, "bridge:movable": null, "covered": null, "crossing:barrier": null, "electrified": "no", "embankment": null, "fixme": null, "gauge": "1435", "highspeed": null, "layer": null, "length": null, "maxspeed": "60 mph", "name": "UP Lufkin Subdivision", "name_1": null, "note": null, "note:old_railway_operator": "HE&WT", "old_railway_operator": "SP", "operator": "Union Pacific Railroad", "operator:wikidata": "Q725793", "owner": null, "railway": "rail", "railway:atc": "no", "railway:freight": null, "railway:ptc": "no", "railway:ref": null, "railway:track_class": "4", "railway:track_ref": null, "ref": null, "reporting_marks": null, "service": "none", "source": "Texas Department of Transportation", "spur": null, "start_date": null, "tiger:cfcc": "B11", "tiger:county": "Harris, TX", "tiger:name_base": "Houston Belt and Terminal Ry:Southern Pacific Railroad", "tiger:name_base_1": null, "tiger:name_base_2": null, "tiger:reviewed": null, "tiger:zip_left": null, "tiger:zip_right": null, "tracks": null, "tunnel": null, "usage": "main", "maxspeed_mph": 60.0 }, "geometry": { "type": "LineString", "coordinates": [ [ -95.3179799, 29.8631168 ], [ -95.3178883, 29.8633428 ] ] } },
{ "type": "Feature", "properties": { "id": "way/206155176", "@id": "way/206155176", "access": null, "addr:city": null, "addr:state": null, "bridge": null, "bridge:movable": null, "covered": null, "crossing:barrier": null, "electrified": "no", "embankment": null, "fixme": null, "gauge": "1435", "highspeed": null, "layer": null, "length": null, "maxspeed": "60 mph", "name": "UP Lufkin Subdivision", "name_1": null, "note": null, "note:old_railway_operator": "HE&WT", "old_railway_operator": "SP", "operator": "Union Pacific Railroad", "operator:wikidata": "Q725793", "owner": null, "railway": "rail", "railway:atc": "no", "railway:freight": null, "railway:ptc": "no", "railway:ref": null, "railway:track_class": "4", "railway:track_ref": null, "ref": null, "reporting_marks": null, "service": "none", "source": "Texas Department of Transportation", "spur": null, "start_date": null, "tiger:cfcc": "B11", "tiger:county": "Harris, TX", "tiger:name_base": "Houston Belt and Terminal Ry:Southern Pacific Railroad", "tiger:name_base_1": null, "tiger:name_base_2": null, "tiger:reviewed": null, "tiger:zip_left": null, "tiger:zip_right": null, "tracks": null, "tunnel": null, "usage": "main", "maxspeed_mph": 60.0 }, "geometry": { "type": "LineString", "coordinates": [ [ -95.3177764, 29.8636191 ], [ -95.316775, 29.866092 ], [ -95.3165448, 29.8666732 ], [ -95.3159228, 29.8682191 ], [ -95.3151602, 29.8700804 ], [ -95.3150498, 29.8703554 ], [ -95.3113047, 29.8795927 ], [ -95.3112333, 29.8797687 ], [ -95.3090818, 29.885074 ], [ -95.308753, 29.8858877 ], [ -95.3080964, 29.8875125 ], [ -95.3066324, 29.891138 ], [ -95.3051112, 29.89488 ], [ -95.3033221, 29.8992887 ], [ -95.3032156, 29.8995519 ], [ -95.2983496, 29.911577 ] ] } },
{ "type": "Feature", "properties": { "id": "way/206155201", "@id": "way/206155201", "access": null, "addr:city": null, "addr:state": null, "bridge": "yes", "bridge:movable": null, "covered": null, "crossing:barrier": null, "electrified": "no", "embankment": null, "fixme": null, "gauge": "1435", "highspeed": null, "layer": "1", "length": null, "maxspeed": "60 mph", "name": "UP Beaumont Subdivision", "name_1": null, "note": null, "note:old_railway_operator": null, "old_railway_operator": "MP", "operator": "Union Pacific Railroad", "operator:wikidata": "Q725793", "owner": null, "railway": "rail", "railway:atc": null, "railway:freight": null, "railway:ptc": "yes", "railway:ref": null, "railway:track_class": "4", "railway:track_ref": null, "ref": null, "reporting_marks": null, "service": "none", "source": "Texas Department of Transportation", "spur": null, "start_date": null, "tiger:cfcc": "B11", "tiger:county": "Harris, TX", "tiger:name_base": "Union Pacific Railroad", "tiger:name_base_1": null, "tiger:name_base_2": null, "tiger:reviewed": null, "tiger:zip_left": null, "tiger:zip_right": null, "tracks": null, "tunnel": null, "usage": "main", "maxspeed_mph": 60.0 }, "geometry": { "type": "LineString", "coordinates": [ [ -95.2892696, 29.8514582 ], [ -95.2889137, 29.8518029 ] ] } },
{ "type": "Feature", "properties": { "id": "way/206155208", "@id": "way/206155208", "access": null, "addr:city": null, "addr:state": null, "bridge": "yes", "bridge:movable": null, "covered": null, "crossing:barrier": null, "electrified": "no", "embankment": null, "fixme": null, "gauge": "1435", "highspeed": null, "layer": "1", "length": null, "maxspeed": "20 mph", "name": "UP Houston East Belt Subdivision", "name_1": null, "note": null, "note:old_railway_operator": null, "old_railway_operator": "MP", "operator": "Union Pacific Railroad", "operator:wikidata": "Q725793", "owner": null, "railway": "rail", "railway:atc": null, "railway:freight": null, "railway:ptc": "yes", "railway:ref": null, "railway:track_class": "2", "railway:track_ref": null, "ref": null, "reporting_marks": null, "service": "none", "source": "Texas Department of Transportation", "spur": null, "start_date": null, "tiger:cfcc": "B11", "tiger:county": "Harris, TX", "tiger:name_base": "Houston Belt and Terminal Ry:Union Pacific Railroad", "tiger:name_base_1": null, "tiger:name_base_2": null, "tiger:reviewed": null, "tiger:zip_left": null, "tiger:zip_right": null, "tracks": null, "tunnel": null, "usage": "main", "maxspeed_mph": 20.0 }, "geometry": { "type": "LineString", "coordinates": [ [ -95.2881844, 29.8510522 ], [ -95.2880658, 29.8514425 ] ] } },
{ "type": "Feature", "properties": { "id": "way/206155213", "@id": "way/206155213", "access": null, "addr:city": null, "addr:state": null, "bridge": "yes", "bridge:movable": null, "covered": null, "crossing:barrier": null, "electrified": "no", "embankment": null, "fixme": null, "gauge": "1435", "highspeed": null, "layer": "1", "length": null, "maxspeed": "60 mph", "name": "UP Lufkin Subdivision", "name_1": null, "note": null, "note:old_railway_operator": "HE&WT", "old_railway_operator": "SP", "operator": "Union Pacific Railroad", "operator:wikidata": "Q725793", "owner": null, "railway": "rail", "railway:atc": "no", "railway:freight": null, "railway:ptc": "no", "railway:ref": null, "railway:track_class": "4", "railway:track_ref": null, "ref": null, "reporting_marks": null, "service": "none", "source": "Texas Department of Transportation", "spur": null, "start_date": null, "tiger:cfcc": "B11", "tiger:county": "Harris, TX", "tiger:name_base": "Houston Belt and Terminal Ry:Southern Pacific Railroad", "tiger:name_base_1": null, "tiger:name_base_2": null, "tiger:reviewed": null, "tiger:zip_left": null, "tiger:zip_right": null, "tracks": null, "tunnel": null, "usage": "main", "maxspeed_mph": 60.0 }, "geometry": { "type": "LineString", "coordinates": [ [ -95.3178883, 29.8633428 ], [ -95.3177764, 29.8636191 ] ] } },
{ "type": "Feature", "properties": { "id": "way/206155215", "@id": "way/206155215", "access": null, "addr:city": null, "addr:state": null, "bridge": null, "bridge:movable": null, "covered": null, "crossing:barrier": null, "electrified": "no", "embankment": null, "fixme": null, "gauge": "1435", "highspeed": null, "layer": null, "length": null, "maxspeed": "20 mph", "name": "UP Houston East Belt Subdivision", "name_1": null, "note": null, "note:old_railway_operator": null, "old_railway_operator": "MP", "operator": "Union Pacific Railroad", "operator:wikidata": "Q725793", "owner": null, "railway": "rail", "railway:atc": null, "railway:freight": null, "railway:ptc": "yes", "railway:ref": null, "railway:track_class": "2", "railway:track_ref": null, "ref": null, "reporting_marks": null, "service": "none", "source": "Texas Department of Transportation", "spur": null, "start_date": null, "tiger:cfcc": "B11", "tiger:county": "Harris, TX", "tiger:name_base": "Houston Belt and Terminal Ry:Union Pacific Railroad", "tiger:name_base_1": null, "tiger:name_base_2": null, "tiger:reviewed": null, "tiger:zip_left": null, "tiger:zip_right": null, "tracks": null, "tunnel": null, "usage": "main", "maxspeed_mph": 20.0 }, "geometry": { "type": "LineString", "coordinates": [ [ -95.2880658, 29.8514425 ], [ -95.2880074, 29.8516209 ], [ -95.28789, 29.851934 ], [ -95.287738, 29.852276 ], [ -95.2875978, 29.8525549 ], [ -95.287419, 29.8528773 ], [ -95.2871149, 29.853351 ], [ -95.286853, 29.85371 ], [ -95.2861342, 29.8544922 ] ] } },
{ "type": "Feature", "properties": { "id": "way/206307837", "@id": "way/206307837", "access": null, "addr:city": null, "addr:state": null, "bridge": null, "bridge:movable": null, "covered": null, "crossing:barrier": null, "electrified": "no", "embankment": null, "fixme": null, "gauge": "1435", "highspeed": null, "layer": null, "length": null, "maxspeed": "20 mph", "name": "UP Houston East Belt Subdivision", "name_1": null, "note": null, "note:old_railway_operator": null, "old_railway_operator": null, "operator": "Union Pacific Railroad", "operator:wikidata": "Q725793", "owner": null, "railway": "rail", "railway:atc": null, "railway:freight": null, "railway:ptc": "yes", "railway:ref": null, "railway:track_class": "2", "railway:track_ref": null, "ref": null, "reporting_marks": null, "service": "none", "source": "Texas Department of Transportation", "spur": null, "start_date": null, "tiger:cfcc": "B11", "tiger:county": "Harris, TX", "tiger:name_base": "Houston Belt and Terminal Ry", "tiger:name_base_1": null, "tiger:name_base_2": null, "tiger:reviewed": null, "tiger:zip_left": null, "tiger:zip_right": null, "tracks": null, "tunnel": null, "usage": "main", "maxspeed_mph": 20.0 }, "geometry": { "type": "LineString", "coordinates": [ [ -95.2884565, 29.8430183 ], [ -95.2884413, 29.8426888 ], [ -95.288416, 29.8423685 ], [ -95.2883987, 29.8421486 ], [ -95.2883817, 29.8419262 ], [ -95.2883255, 29.8411793 ], [ -95.2883183, 29.8410717 ], [ -95.2883141, 29.8409528 ], [ -95.2883107, 29.8408304 ], [ -95.2883163, 29.8394378 ], [ -95.2883221, 29.8390115 ], [ -95.2883235, 29.8388549 ], [ -95.2883311, 29.8386605 ], [ -95.288388, 29.8376255 ], [ -95.2884221, 29.8369836 ], [ -95.2884265, 29.8368717 ], [ -95.2884305, 29.836744 ], [ -95.2884378, 29.8354363 ], [ -95.2884506, 29.833293 ], [ -95.288453, 29.8328587 ], [ -95.2884509, 29.8325841 ], [ -95.2884366, 29.8321216 ], [ -95.288415, 29.8315906 ], [ -95.2884064, 29.8312653 ], [ -95.2884008, 29.8309941 ], [ -95.2883847, 29.8306054 ], [ -95.2883711, 29.8304148 ], [ -95.2883571, 29.8302857 ], [ -95.2883363, 29.8301267 ], [ -95.288312, 29.8299776 ], [ -95.2882818, 29.8298174 ], [ -95.2881267, 29.8290497 ], [ -95.287938, 29.8281137 ], [ -95.2878899, 29.8278733 ], [ -95.287836, 29.8275774 ], [ -95.2878106, 29.8274378 ], [ -95.2874881, 29.8254299 ], [ -95.2874674, 29.8252828 ], [ -95.2874462, 29.8250964 ], [ -95.2874343, 29.8249066 ], [ -95.2874328, 29.8247209 ], [ -95.2874822, 29.8163777 ], [ -95.2875229, 29.8094995 ], [ -95.2875263, 29.809378 ], [ -95.2875297, 29.8092575 ], [ -95.2875348, 29.8091604 ], [ -95.2875415, 29.8090252 ], [ -95.2875532, 29.8088878 ], [ -95.287589, 29.8085606 ], [ -95.2876187, 29.8083347 ], [ -95.287636, 29.8082143 ], [ -95.2876752, 29.8079604 ], [ -95.2877175, 29.8077151 ], [ -95.2877632, 29.8074679 ], [ -95.2878589, 29.8069846 ], [ -95.2879279, 29.8066889 ], [ -95.2883211, 29.8052824 ], [ -95.2884016, 29.8049501 ], [ -95.2884499, 29.8046638 ], [ -95.2884874, 29.8043752 ], [ -95.2885379, 29.8039183 ], [ -95.2885662, 29.8036754 ], [ -95.2886116, 29.8032565 ], [ -95.2886203, 29.8031653 ], [ -95.2886267, 29.8030722 ], [ -95.288634, 29.802821 ] ] } },
{ "type": "Feature", "properties": { "id": "way/216888632", "@id": "way/216888632", "access": null, "addr:city": null, "addr:state": null, "bridge": "yes", "bridge:movable": null, "covered": null, "crossing:barrier": null, "electrified": "no", "embankment": null, "fixme": null, "gauge": "1435", "highspeed": null, "layer": "1", "length": null, "maxspeed": "55 mph", "name": "BNSF Mykawa Subdivision", "name_1": null, "note": null, "note:old_railway_operator": null, "old_railway_operator": "AT&SF", "operator": "BNSF Railway", "operator:wikidata": "Q267122", "owner": null, "railway": "rail", "railway:atc": null, "railway:freight": null, "railway:ptc": "yes", "railway:ref": null, "railway:track_class": "4", "railway:track_ref": null, "ref": "7501", "reporting_marks": "BNSF", "service": "none", "source": null, "spur": null, "start_date": null, "tiger:cfcc": null, "tiger:county": null, "tiger:name_base": null, "tiger:name_base_1": null, "tiger:name_base_2": null, "tiger:reviewed": null, "tiger:zip_left": null, "tiger:zip_right": null, "tracks": null, "tunnel": null, "usage": "main", "maxspeed_mph": 55.0 }, "geometry": { "type": "LineString", "coordinates": [ [ -95.2924507, 29.5808694 ], [ -95.2923597, 29.5805917 ] ] } },
{ "type": "Feature", "properties": { "id": "way/216888640", "@id": "way/216888640", "access": null, "addr:city": null, "addr:state": null, "bridge": null, "bridge:movable": null, "covered": null, "crossing:barrier": null, "electrified": "no", "embankment": null, "fixme": null, "gauge": "1435", "highspeed": null, "layer": null, "length": null, "maxspeed": "55 mph", "name": "BNSF Mykawa Subdivision", "name_1": null, "note": null, "note:old_railway_operator": null, "old_railway_operator": "AT&SF", "operator": "BNSF Railway", "operator:wikidata": "Q267122", "owner": null, "railway": "rail", "railway:atc": null, "railway:freight": null, "railway:ptc": "yes", "railway:ref": null, "railway:track_class": "4", "railway:track_ref": null, "ref": "7501", "reporting_marks": "BNSF", "service": "none", "source": null, "spur": null, "start_date": null, "tiger:cfcc": null, "tiger:county": null, "tiger:name_base": null, "tiger:name_base_1": null, "tiger:name_base_2": null, "tiger:reviewed": null, "tiger:zip_left": null, "tiger:zip_right": null, "tracks": null, "tunnel": null, "usage": "main", "maxspeed_mph": 55.0 }, "geometry": { "type": "LineString", "coordinates": [ [ -95.2923597, 29.5805917 ], [ -95.2901344, 29.5731591 ], [ -95.2889594, 29.5692479 ], [ -95.2889453, 29.5692007 ], [ -95.2884127, 29.5673985 ], [ -95.2880956, 29.5663121 ], [ -95.2873093, 29.5636883 ], [ -95.2866997, 29.5616581 ], [ -95.2864274, 29.5607723 ], [ -95.2861985, 29.5599941 ], [ -95.2861603, 29.5598646 ], [ -95.2859104, 29.5590182 ], [ -95.2854336, 29.5574199 ], [ -95.2853727, 29.5572157 ], [ -95.2849611, 29.555837 ], [ -95.2845834, 29.5545862 ], [ -95.284268, 29.553535 ], [ -95.2841237, 29.5530568 ] ] } },
{ "type": "Feature", "properties": { "id": "way/238087719", "@id": "way/238087719", "access": null, "addr:city": null, "addr:state": null, "bridge": "yes", "bridge:movable": null, "covered": null, "crossing:barrier": null, "electrified": "no", "embankment": null, "fixme": null, "gauge": "1435", "highspeed": null, "layer": null, "length": null, "maxspeed": "60 mph", "name": "UP Lufkin Subdivision", "name_1": null, "note": null, "note:old_railway_operator": "HE&WT", "old_railway_operator": "SP", "operator": "Union Pacific Railroad", "operator:wikidata": "Q725793", "owner": null, "railway": "rail", "railway:atc": "no", "railway:freight": null, "railway:ptc": "no", "railway:ref": null, "railway:track_class": "4", "railway:track_ref": null, "ref": null, "reporting_marks": null, "service": "none", "source": "Texas Department of Transportation", "spur": null, "start_date": null, "tiger:cfcc": "B11", "tiger:county": "Harris, TX", "tiger:name_base": "Houston Belt and Terminal Ry:Southern Pacific Railroad", "tiger:name_base_1": null, "tiger:name_base_2": null, "tiger:reviewed": null, "tiger:zip_left": null, "tiger:zip_right": null, "tracks": null, "tunnel": null, "usage": "main", "maxspeed_mph": 60.0 }, "geometry": { "type": "LineString", "coordinates": [ [ -95.2908273, 29.9314156 ], [ -95.2907662, 29.9315712 ] ] } },
{ "type": "Feature", "properties": { "id": "way/238087721", "@id": "way/238087721", "access": null, "addr:city": null, "addr:state": null, "bridge": null, "bridge:movable": null, "covered": null, "crossing:barrier": null, "electrified": "no", "embankment": null, "fixme": null, "gauge": "1435", "highspeed": null, "layer": null, "length": null, "maxspeed": "60 mph", "name": "UP Lufkin Subdivision", "name_1": null, "note": null, "note:old_railway_operator": "HE&WT", "old_railway_operator": "SP", "operator": "Union Pacific Railroad", "operator:wikidata": "Q725793", "owner": null, "railway": "rail", "railway:atc": "no", "railway:freight": null, "railway:ptc": "no", "railway:ref": null, "railway:track_class": "4", "railway:track_ref": null, "ref": null, "reporting_marks": null, "service": "none", "source": "Texas Department of Transportation", "spur": null, "start_date": null, "tiger:cfcc": "B11", "tiger:county": "Harris, TX", "tiger:name_base": "Houston Belt and Terminal Ry:Southern Pacific Railroad", "tiger:name_base_1": null, "tiger:name_base_2": null, "tiger:reviewed": null, "tiger:zip_left": null, "tiger:zip_right": null, "tracks": null, "tunnel": null, "usage": "main", "maxspeed_mph": 60.0 }, "geometry": { "type": "LineString", "coordinates": [ [ -95.2907662, 29.9315712 ], [ -95.2896893, 29.9345562 ], [ -95.2895989, 29.9348569 ], [ -95.289523, 29.9350701 ], [ -95.288276, 29.9385723 ], [ -95.2874476, 29.9408981 ], [ -95.285998, 29.94495 ], [ -95.2846925, 29.9486912 ], [ -95.2846127, 29.9489157 ], [ -95.2818158, 29.9567089 ] ] } },
{ "type": "Feature", "properties": { "id": "way/239073856", "@id": "way/239073856", "access": null, "addr:city": null, "addr:state": null, "bridge": null, "bridge:movable": null, "covered": null, "crossing:barrier": null, "electrified": "no", "embankment": null, "fixme": null, "gauge": "1435", "highspeed": null, "layer": null, "length": null, "maxspeed": "60 mph", "name": "UP Lufkin Subdivision", "name_1": null, "note": null, "note:old_railway_operator": "HE&WT", "old_railway_operator": "SP", "operator": "Union Pacific Railroad", "operator:wikidata": "Q725793", "owner": null, "railway": "rail", "railway:atc": "no", "railway:freight": null, "railway:ptc": "no", "railway:ref": null, "railway:track_class": "4", "railway:track_ref": null, "ref": null, "reporting_marks": null, "service": "none", "source": "Texas Department of Transportation", "spur": null, "start_date": null, "tiger:cfcc": "B11", "tiger:county": "Harris, TX", "tiger:name_base": "Houston Belt and Terminal Ry:Southern Pacific Railroad", "tiger:name_base_1": null, "tiger:name_base_2": null, "tiger:reviewed": null, "tiger:zip_left": null, "tiger:zip_right": null, "tracks": null, "tunnel": null, "usage": "main", "maxspeed_mph": 60.0 }, "geometry": { "type": "LineString", "coordinates": [ [ -95.2661588, 29.9974313 ], [ -95.2658196, 29.9983217 ], [ -95.265491, 29.999109 ], [ -95.2652193, 29.9998031 ], [ -95.2651796, 29.9999019 ], [ -95.2562911, 30.0225072 ] ] } },
{ "type": "Feature", "properties": { "id": "way/239073857", "@id": "way/239073857", "access": null, "addr:city": null, "addr:state": null, "bridge": null, "bridge:movable": null, "covered": null, "crossing:barrier": null, "electrified": "no", "embankment": null, "fixme": null, "gauge": "1435", "highspeed": null, "layer": null, "length": null, "maxspeed": "60 mph", "name": "UP Lufkin Subdivision", "name_1": null, "note": null, "note:old_railway_operator": "HE&WT", "old_railway_operator": "SP", "operator": "Union Pacific Railroad", "operator:wikidata": "Q725793", "owner": null, "railway": "rail", "railway:atc": "no", "railway:freight": null, "railway:ptc": "no", "railway:ref": null, "railway:track_class": "4", "railway:track_ref": null, "ref": null, "reporting_marks": null, "service": "none", "source": "Texas Department of Transportation", "spur": null, "start_date": null, "tiger:cfcc": "B11", "tiger:county": "Harris, TX", "tiger:name_base": "Houston Belt and Terminal Ry:Southern Pacific Railroad", "tiger:name_base_1": null, "tiger:name_base_2": null, "tiger:reviewed": null, "tiger:zip_left": null, "tiger:zip_right": null, "tracks": null, "tunnel": null, "usage": "main", "maxspeed_mph": 60.0 }, "geometry": { "type": "LineString", "coordinates": [ [ -95.2666738, 29.99615 ], [ -95.2661588, 29.9974313 ] ] } },
{ "type": "Feature", "properties": { "id": "way/241434974", "@id": "way/241434974", "access": null, "addr:city": null, "addr:state": null, "bridge": null, "bridge:movable": null, "covered": null, "crossing:barrier": null, "electrified": "no", "embankment": null, "fixme": null, "gauge": "1435", "highspeed": null, "layer": null, "length": null, "maxspeed": "55 mph", "name": "BNSF Galveston Subdivision", "name_1": null, "note": null, "note:old_railway_operator": null, "old_railway_operator": "AT&SF", "operator": "BNSF Railway", "operator:wikidata": "Q267122", "owner": null, "railway": "rail", "railway:atc": null, "railway:freight": null, "railway:ptc": "yes", "railway:ref": null, "railway:track_class": "4", "railway:track_ref": null, "ref": "7500", "reporting_marks": "BNSF", "service": "none", "source": null, "spur": null, "start_date": null, "tiger:cfcc": null, "tiger:county": null, "tiger:name_base": null, "tiger:name_base_1": null, "tiger:name_base_2": null, "tiger:reviewed": null, "tiger:zip_left": null, "tiger:zip_right": null, "tracks": null, "tunnel": null, "usage": "main", "maxspeed_mph": 55.0 }, "geometry": { "type": "LineString", "coordinates": [ [ -95.5876343, 29.4975166 ], [ -95.58664, 29.497542 ], [ -95.5851539, 29.4975992 ], [ -95.583405, 29.49766 ], [ -95.581011, 29.497735 ], [ -95.576408, 29.4978871 ], [ -95.5727195, 29.4980124 ] ] } },
{ "type": "Feature", "properties": { "id": "way/243317191", "@id": "way/243317191", "access": null, "addr:city": null, "addr:state": null, "bridge": "yes", "bridge:movable": null, "covered": null, "crossing:barrier": null, "electrified": "no", "embankment": null, "fixme": null, "gauge": "1435", "highspeed": null, "layer": "1", "length": null, "maxspeed": "60 mph", "name": "UP Lufkin Subdivision", "name_1": null, "note": null, "note:old_railway_operator": "HE&WT", "old_railway_operator": "SP", "operator": "Union Pacific Railroad", "operator:wikidata": "Q725793", "owner": null, "railway": "rail", "railway:atc": "no", "railway:freight": null, "railway:ptc": "no", "railway:ref": null, "railway:track_class": "4", "railway:track_ref": null, "ref": null, "reporting_marks": null, "service": "none", "source": "Texas Department of Transportation", "spur": null, "start_date": null, "tiger:cfcc": "B11", "tiger:county": "Harris, TX", "tiger:name_base": "Houston Belt and Terminal Ry:Southern Pacific Railroad", "tiger:name_base_1": null, "tiger:name_base_2": null, "tiger:reviewed": null, "tiger:zip_left": null, "tiger:zip_right": null, "tracks": null, "tunnel": null, "usage": "main", "maxspeed_mph": 60.0 }, "geometry": { "type": "LineString", "coordinates": [ [ -95.3214403, 29.8545515 ], [ -95.3214017, 29.8546443 ] ] } },
{ "type": "Feature", "properties": { "id": "way/243317194", "@id": "way/243317194", "access": null, "addr:city": null, "addr:state": null, "bridge": null, "bridge:movable": null, "covered": null, "crossing:barrier": null, "electrified": "no", "embankment": null, "fixme": null, "gauge": "1435", "highspeed": null, "layer": null, "length": null, "maxspeed": "60 mph", "name": "UP Lufkin Subdivision", "name_1": null, "note": null, "note:old_railway_operator": "HE&WT", "old_railway_operator": "SP", "operator": "Union Pacific Railroad", "operator:wikidata": "Q725793", "owner": null, "railway": "rail", "railway:atc": "no", "railway:freight": null, "railway:ptc": "no", "railway:ref": null, "railway:track_class": "4", "railway:track_ref": null, "ref": null, "reporting_marks": null, "service": "none", "source": "Texas Department of Transportation", "spur": null, "start_date": null, "tiger:cfcc": "B11", "tiger:county": "Harris, TX", "tiger:name_base": "Houston Belt and Terminal Ry:Southern Pacific Railroad", "tiger:name_base_1": null, "tiger:name_base_2": null, "tiger:reviewed": null, "tiger:zip_left": null, "tiger:zip_right": null, "tracks": null, "tunnel": null, "usage": "main", "maxspeed_mph": 60.0 }, "geometry": { "type": "LineString", "coordinates": [ [ -95.3214017, 29.8546443 ], [ -95.3209481, 29.8557826 ], [ -95.320921, 29.8558507 ], [ -95.3203614, 29.8572018 ], [ -95.320351, 29.857234 ], [ -95.31988, 29.858412 ], [ -95.3198737, 29.8584275 ], [ -95.319424, 29.859532 ], [ -95.318563, 29.861651 ], [ -95.3181293, 29.8627544 ] ] } },
{ "type": "Feature", "properties": { "id": "way/261325066", "@id": "way/261325066", "access": null, "addr:city": null, "addr:state": null, "bridge": null, "bridge:movable": null, "covered": null, "crossing:barrier": null, "electrified": "no", "embankment": null, "fixme": null, "gauge": "1435", "highspeed": null, "layer": null, "length": null, "maxspeed": "55 mph", "name": "BNSF Mykawa Subdivision", "name_1": null, "note": null, "note:old_railway_operator": null, "old_railway_operator": "AT&SF", "operator": "BNSF Railway", "operator:wikidata": "Q267122", "owner": null, "railway": "rail", "railway:atc": null, "railway:freight": null, "railway:ptc": "yes", "railway:ref": null, "railway:track_class": "4", "railway:track_ref": null, "ref": "7501", "reporting_marks": "BNSF", "service": "none", "source": null, "spur": null, "start_date": null, "tiger:cfcc": null, "tiger:county": null, "tiger:name_base": null, "tiger:name_base_1": null, "tiger:name_base_2": null, "tiger:reviewed": null, "tiger:zip_left": null, "tiger:zip_right": null, "tracks": null, "tunnel": null, "usage": "main", "maxspeed_mph": 55.0 }, "geometry": { "type": "LineString", "coordinates": [ [ -95.2535646, 29.4509359 ], [ -95.2500056, 29.4390286 ], [ -95.2497672, 29.4382244 ], [ -95.2486124, 29.4343903 ], [ -95.2481042, 29.4326729 ], [ -95.2477629, 29.4314265 ], [ -95.2477173, 29.4312122 ], [ -95.2475608, 29.4304769 ] ] } },
{ "type": "Feature", "properties": { "id": "way/261325067", "@id": "way/261325067", "access": null, "addr:city": null, "addr:state": null, "bridge": "yes", "bridge:movable": null, "covered": null, "crossing:barrier": null, "electrified": "no", "embankment": null, "fixme": null, "gauge": "1435", "highspeed": null, "layer": "1", "length": null, "maxspeed": "55 mph", "name": "BNSF Mykawa Subdivision", "name_1": null, "note": null, "note:old_railway_operator": null, "old_railway_operator": "AT&SF", "operator": "BNSF Railway", "operator:wikidata": "Q267122", "owner": null, "railway": "rail", "railway:atc": null, "railway:freight": null, "railway:ptc": "yes", "railway:ref": null, "railway:track_class": "4", "railway:track_ref": null, "ref": "7501", "reporting_marks": "BNSF", "service": "none", "source": null, "spur": null, "start_date": null, "tiger:cfcc": null, "tiger:county": null, "tiger:name_base": null, "tiger:name_base_1": null, "tiger:name_base_2": null, "tiger:reviewed": null, "tiger:zip_left": null, "tiger:zip_right": null, "tracks": null, "tunnel": null, "usage": "main", "maxspeed_mph": 55.0 }, "geometry": { "type": "LineString", "coordinates": [ [ -95.2841237, 29.5530568 ], [ -95.28406, 29.5528293 ] ] } },
{ "type": "Feature", "properties": { "id": "way/261325069", "@id": "way/261325069", "access": null, "addr:city": null, "addr:state": null, "bridge": null, "bridge:movable": null, "covered": null, "crossing:barrier": null, "electrified": "no", "embankment": null, "fixme": null, "gauge": "1435", "highspeed": null, "layer": null, "length": null, "maxspeed": "55 mph", "name": "BNSF Mykawa Subdivision", "name_1": null, "note": null, "note:old_railway_operator": null, "old_railway_operator": "AT&SF", "operator": "BNSF Railway", "operator:wikidata": "Q267122", "owner": null, "railway": "rail", "railway:atc": null, "railway:freight": null, "railway:ptc": "yes", "railway:ref": null, "railway:track_class": "4", "railway:track_ref": null, "ref": "7501", "reporting_marks": "BNSF", "service": "none", "source": null, "spur": null, "start_date": null, "tiger:cfcc": null, "tiger:county": null, "tiger:name_base": null, "tiger:name_base_1": null, "tiger:name_base_2": null, "tiger:reviewed": null, "tiger:zip_left": null, "tiger:zip_right": null, "tracks": null, "tunnel": null, "usage": "main", "maxspeed_mph": 55.0 }, "geometry": { "type": "LineString", "coordinates": [ [ -95.28406, 29.5528293 ], [ -95.2830534, 29.549462 ], [ -95.2817849, 29.5452643 ], [ -95.2813622, 29.5438217 ], [ -95.2809887, 29.5425774 ], [ -95.2798359, 29.5387289 ], [ -95.2793355, 29.5370581 ], [ -95.2788158, 29.5353185 ], [ -95.2784369, 29.5340522 ], [ -95.278245, 29.5334334 ], [ -95.2781059, 29.5329666 ], [ -95.2779397, 29.5324085 ], [ -95.277703, 29.5316203 ], [ -95.2773049, 29.530282 ], [ -95.2770323, 29.5292947 ], [ -95.2767926, 29.5285184 ], [ -95.2764777, 29.5274921 ], [ -95.2759815, 29.5258133 ], [ -95.2754446, 29.5240167 ], [ -95.2753026, 29.5235484 ] ] } },
{ "type": "Feature", "properties": { "id": "way/261325070", "@id": "way/261325070", "access": null, "addr:city": null, "addr:state": null, "bridge": "yes", "bridge:movable": null, "covered": null, "crossing:barrier": null, "electrified": "no", "embankment": null, "fixme": null, "gauge": "1435", "highspeed": null, "layer": "1", "length": null, "maxspeed": "55 mph", "name": "BNSF Mykawa Subdivision", "name_1": null, "note": null, "note:old_railway_operator": null, "old_railway_operator": "AT&SF", "operator": "BNSF Railway", "operator:wikidata": "Q267122", "owner": null, "railway": "rail", "railway:atc": null, "railway:freight": null, "railway:ptc": "yes", "railway:ref": null, "railway:track_class": "4", "railway:track_ref": null, "ref": "7501", "reporting_marks": "BNSF", "service": "none", "source": null, "spur": null, "start_date": null, "tiger:cfcc": null, "tiger:county": null, "tiger:name_base": null, "tiger:name_base_1": null, "tiger:name_base_2": null, "tiger:reviewed": null, "tiger:zip_left": null, "tiger:zip_right": null, "tracks": null, "tunnel": null, "usage": "main", "maxspeed_mph": 55.0 }, "geometry": { "type": "LineString", "coordinates": [ [ -95.2536228, 29.4511289 ], [ -95.2535646, 29.4509359 ] ] } },
{ "type": "Feature", "properties": { "id": "way/286831652", "@id": "way/286831652", "access": null, "addr:city": null, "addr:state": null, "bridge": null, "bridge:movable": null, "covered": null, "crossing:barrier": null, "electrified": "no", "embankment": null, "fixme": null, "gauge": "1435", "highspeed": null, "layer": null, "length": null, "maxspeed": "40 mph", "name": "UP Eureka Subdivision", "name_1": null, "note": null, "note:old_railway_operator": "H&TC", "old_railway_operator": "SP", "operator": "Union Pacific Railroad", "operator:wikidata": "Q725793", "owner": null, "railway": "rail", "railway:atc": null, "railway:freight": null, "railway:ptc": "yes", "railway:ref": null, "railway:track_class": "3", "railway:track_ref": null, "ref": null, "reporting_marks": null, "service": "none", "source": "Texas Department of Transportation", "spur": null, "start_date": null, "tiger:cfcc": "B11", "tiger:county": "Grimes, TX:Harris, TX:Waller, TX", "tiger:name_base": "Railroad:Southern Pacific Railroad", "tiger:name_base_1": null, "tiger:name_base_2": null, "tiger:reviewed": null, "tiger:zip_left": null, "tiger:zip_right": null, "tracks": null, "tunnel": null, "usage": "main", "maxspeed_mph": 40.0 }, "geometry": { "type": "LineString", "coordinates": [ [ -95.6838863, 29.9593157 ], [ -95.6823195, 29.9582293 ], [ -95.6789057, 29.9558532 ] ] } },
{ "type": "Feature", "properties": { "id": "way/286831654", "@id": "way/286831654", "access": null, "addr:city": null, "addr:state": null, "bridge": "yes", "bridge:movable": null, "covered": null, "crossing:barrier": null, "electrified": "no", "embankment": null, "fixme": null, "gauge": "1435", "highspeed": null, "layer": "1", "length": null, "maxspeed": "40 mph", "name": "UP Eureka Subdivision", "name_1": null, "note": null, "note:old_railway_operator": "H&TC", "old_railway_operator": "SP", "operator": "Union Pacific Railroad", "operator:wikidata": "Q725793", "owner": null, "railway": "rail", "railway:atc": null, "railway:freight": null, "railway:ptc": "yes", "railway:ref": null, "railway:track_class": "3", "railway:track_ref": null, "ref": null, "reporting_marks": null, "service": "none", "source": "Texas Department of Transportation", "spur": null, "start_date": null, "tiger:cfcc": "B11", "tiger:county": "Grimes, TX:Harris, TX:Waller, TX", "tiger:name_base": "Railroad:Southern Pacific Railroad", "tiger:name_base_1": null, "tiger:name_base_2": null, "tiger:reviewed": null, "tiger:zip_left": null, "tiger:zip_right": null, "tracks": null, "tunnel": null, "usage": "main", "maxspeed_mph": 40.0 }, "geometry": { "type": "LineString", "coordinates": [ [ -95.6840318, 29.9594166 ], [ -95.6838863, 29.9593157 ] ] } },
{ "type": "Feature", "properties": { "id": "way/288314462", "@id": "way/288314462", "access": null, "addr:city": null, "addr:state": null, "bridge": null, "bridge:movable": null, "covered": null, "crossing:barrier": null, "electrified": "no", "embankment": null, "fixme": null, "gauge": "1435", "highspeed": null, "layer": null, "length": null, "maxspeed": "40 mph", "name": "BNSF Galveston Subdivision", "name_1": null, "note": null, "note:old_railway_operator": null, "old_railway_operator": "AT&SF", "operator": "BNSF Railway", "operator:wikidata": "Q267122", "owner": null, "railway": "rail", "railway:atc": null, "railway:freight": null, "railway:ptc": "yes", "railway:ref": null, "railway:track_class": "4", "railway:track_ref": null, "ref": "7500", "reporting_marks": "BNSF", "service": "none", "source": null, "spur": null, "start_date": null, "tiger:cfcc": null, "tiger:county": null, "tiger:name_base": null, "tiger:name_base_1": null, "tiger:name_base_2": null, "tiger:reviewed": null, "tiger:zip_left": null, "tiger:zip_right": null, "tracks": null, "tunnel": null, "usage": "main", "maxspeed_mph": 40.0 }, "geometry": { "type": "LineString", "coordinates": [ [ -95.4936962, 29.5029094 ], [ -95.4861835, 29.504397 ], [ -95.4818985, 29.5052563 ], [ -95.4812036, 29.5053747 ], [ -95.4808099, 29.5054125 ], [ -95.4801121, 29.5054402 ], [ -95.4797241, 29.5054201 ], [ -95.4792927, 29.5053697 ], [ -95.4787484, 29.5052588 ], [ -95.4779117, 29.5050094 ] ] } },
{ "type": "Feature", "properties": { "id": "way/288314479", "@id": "way/288314479", "access": null, "addr:city": null, "addr:state": null, "bridge": "yes", "bridge:movable": null, "covered": null, "crossing:barrier": null, "electrified": "no", "embankment": null, "fixme": null, "gauge": "1435", "highspeed": null, "layer": "1", "length": null, "maxspeed": "55 mph", "name": "BNSF Galveston Subdivision", "name_1": null, "note": null, "note:old_railway_operator": null, "old_railway_operator": "AT&SF", "operator": "BNSF Railway", "operator:wikidata": "Q267122", "owner": null, "railway": "rail", "railway:atc": null, "railway:freight": null, "railway:ptc": "yes", "railway:ref": null, "railway:track_class": "4", "railway:track_ref": null, "ref": "7500", "reporting_marks": "BNSF", "service": "none", "source": null, "spur": null, "start_date": null, "tiger:cfcc": null, "tiger:county": null, "tiger:name_base": null, "tiger:name_base_1": null, "tiger:name_base_2": null, "tiger:reviewed": null, "tiger:zip_left": null, "tiger:zip_right": null, "tracks": null, "tunnel": null, "usage": "main", "maxspeed_mph": 55.0 }, "geometry": { "type": "LineString", "coordinates": [ [ -95.6495422, 29.5293412 ], [ -95.6492311, 29.5291956 ] ] } },
{ "type": "Feature", "properties": { "id": "way/288314483", "@id": "way/288314483", "access": null, "addr:city": null, "addr:state": null, "bridge": "yes", "bridge:movable": null, "covered": null, "crossing:barrier": null, "electrified": "no", "embankment": null, "fixme": null, "gauge": "1435", "highspeed": null, "layer": "1", "length": null, "maxspeed": "55 mph", "name": "BNSF Galveston Subdivision", "name_1": null, "note": null, "note:old_railway_operator": null, "old_railway_operator": "AT&SF", "operator": "BNSF Railway", "operator:wikidata": "Q267122", "owner": null, "railway": "rail", "railway:atc": null, "railway:freight": null, "railway:ptc": "yes", "railway:ref": null, "railway:track_class": "4", "railway:track_ref": null, "ref": "7500", "reporting_marks": "BNSF", "service": "none", "source": null, "spur": null, "start_date": null, "tiger:cfcc": null, "tiger:county": null, "tiger:name_base": null, "tiger:name_base_1": null, "tiger:name_base_2": null, "tiger:reviewed": null, "tiger:zip_left": null, "tiger:zip_right": null, "tracks": null, "tunnel": null, "usage": "main", "maxspeed_mph": 55.0 }, "geometry": { "type": "LineString", "coordinates": [ [ -95.5727195, 29.4980124 ], [ -95.572305, 29.4980293 ] ] } },
{ "type": "Feature", "properties": { "id": "way/288314486", "@id": "way/288314486", "access": null, "addr:city": null, "addr:state": null, "bridge": "yes", "bridge:movable": null, "covered": null, "crossing:barrier": null, "electrified": "no", "embankment": null, "fixme": null, "gauge": "1435", "highspeed": null, "layer": "1", "length": null, "maxspeed": "55 mph", "name": "BNSF Galveston Subdivision", "name_1": null, "note": null, "note:old_railway_operator": null, "old_railway_operator": "AT&SF", "operator": "BNSF Railway", "operator:wikidata": "Q267122", "owner": null, "railway": "rail", "railway:atc": null, "railway:freight": null, "railway:ptc": "yes", "railway:ref": null, "railway:track_class": "4", "railway:track_ref": null, "ref": "7500", "reporting_marks": "BNSF", "service": "none", "source": null, "spur": null, "start_date": null, "tiger:cfcc": null, "tiger:county": null, "tiger:name_base": null, "tiger:name_base_1": null, "tiger:name_base_2": null, "tiger:reviewed": null, "tiger:zip_left": null, "tiger:zip_right": null, "tracks": null, "tunnel": null, "usage": "main", "maxspeed_mph": 55.0 }, "geometry": { "type": "LineString", "coordinates": [ [ -95.546713, 29.4988826 ], [ -95.5473542, 29.498862 ] ] } },
{ "type": "Feature", "properties": { "id": "way/288314492", "@id": "way/288314492", "access": null, "addr:city": null, "addr:state": null, "bridge": "yes", "bridge:movable": null, "covered": null, "crossing:barrier": null, "electrified": "no", "embankment": null, "fixme": null, "gauge": "1435", "highspeed": null, "layer": "1", "length": null, "maxspeed": "55 mph", "name": "BNSF Galveston Subdivision", "name_1": null, "note": null, "note:old_railway_operator": null, "old_railway_operator": "AT&SF", "operator": "BNSF Railway", "operator:wikidata": "Q267122", "owner": null, "railway": "rail", "railway:atc": null, "railway:freight": null, "railway:ptc": "yes", "railway:ref": null, "railway:track_class": "4", "railway:track_ref": null, "ref": "7500", "reporting_marks": "BNSF", "service": "none", "source": null, "spur": null, "start_date": null, "tiger:cfcc": null, "tiger:county": null, "tiger:name_base": null, "tiger:name_base_1": null, "tiger:name_base_2": null, "tiger:reviewed": null, "tiger:zip_left": null, "tiger:zip_right": null, "tracks": null, "tunnel": null, "usage": "main", "maxspeed_mph": 55.0 }, "geometry": { "type": "LineString", "coordinates": [ [ -95.5045928, 29.5002618 ], [ -95.5047382, 29.5002576 ] ] } },
{ "type": "Feature", "properties": { "id": "way/288314493", "@id": "way/288314493", "access": null, "addr:city": null, "addr:state": null, "bridge": null, "bridge:movable": null, "covered": null, "crossing:barrier": null, "electrified": "no", "embankment": null, "fixme": null, "gauge": "1435", "highspeed": null, "layer": null, "length": null, "maxspeed": "55 mph", "name": "BNSF Galveston Subdivision", "name_1": null, "note": null, "note:old_railway_operator": null, "old_railway_operator": "AT&SF", "operator": "BNSF Railway", "operator:wikidata": "Q267122", "owner": null, "railway": "rail", "railway:atc": null, "railway:freight": null, "railway:ptc": "yes", "railway:ref": null, "railway:track_class": "4", "railway:track_ref": null, "ref": "7500", "reporting_marks": "BNSF", "service": "none", "source": null, "spur": null, "start_date": null, "tiger:cfcc": null, "tiger:county": null, "tiger:name_base": null, "tiger:name_base_1": null, "tiger:name_base_2": null, "tiger:reviewed": null, "tiger:zip_left": null, "tiger:zip_right": null, "tracks": null, "tunnel": null, "usage": "main", "maxspeed_mph": 55.0 }, "geometry": { "type": "LineString", "coordinates": [ [ -95.5473542, 29.498862 ], [ -95.5548415, 29.4986156 ] ] } },
{ "type": "Feature", "properties": { "id": "way/288314506", "@id": "way/288314506", "access": null, "addr:city": null, "addr:state": null, "bridge": null, "bridge:movable": null, "covered": null, "crossing:barrier": null, "electrified": "no", "embankment": null, "fixme": null, "gauge": "1435", "highspeed": null, "layer": null, "length": null, "maxspeed": "55 mph", "name": "BNSF Galveston Subdivision", "name_1": null, "note": null, "note:old_railway_operator": null, "old_railway_operator": "AT&SF", "operator": "BNSF Railway", "operator:wikidata": "Q267122", "owner": null, "railway": "rail", "railway:atc": null, "railway:freight": null, "railway:ptc": "yes", "railway:ref": null, "railway:track_class": "4", "railway:track_ref": null, "ref": "7500", "reporting_marks": "BNSF", "service": "none", "source": null, "spur": null, "start_date": null, "tiger:cfcc": null, "tiger:county": null, "tiger:name_base": null, "tiger:name_base_1": null, "tiger:name_base_2": null, "tiger:reviewed": null, "tiger:zip_left": null, "tiger:zip_right": null, "tracks": null, "tunnel": null, "usage": "main", "maxspeed_mph": 55.0 }, "geometry": { "type": "LineString", "coordinates": [ [ -95.6492311, 29.5291956 ], [ -95.6352415, 29.5226469 ], [ -95.6232372, 29.5170415 ], [ -95.613597, 29.512541 ], [ -95.6133019, 29.5123961 ], [ -95.613261, 29.512376 ], [ -95.612777, 29.512126 ], [ -95.612206, 29.511823 ], [ -95.611718, 29.511534 ], [ -95.611168, 29.511177 ], [ -95.610334, 29.510587 ], [ -95.605769, 29.507139 ], [ -95.600968, 29.503501 ], [ -95.5975118, 29.5008876 ], [ -95.596505, 29.500142 ], [ -95.595768, 29.499579 ] ] } },
{ "type": "Feature", "properties": { "id": "way/288314515", "@id": "way/288314515", "access": null, "addr:city": null, "addr:state": null, "bridge": null, "bridge:movable": null, "covered": null, "crossing:barrier": null, "electrified": "no", "embankment": null, "fixme": null, "gauge": "1435", "highspeed": null, "layer": null, "length": null, "maxspeed": "55 mph", "name": "BNSF Galveston Subdivision", "name_1": null, "note": null, "note:old_railway_operator": null, "old_railway_operator": "AT&SF", "operator": "BNSF Railway", "operator:wikidata": "Q267122", "owner": null, "railway": "rail", "railway:atc": null, "railway:freight": null, "railway:ptc": "yes", "railway:ref": null, "railway:track_class": "4", "railway:track_ref": null, "ref": "7500", "reporting_marks": "BNSF", "service": "none", "source": null, "spur": null, "start_date": null, "tiger:cfcc": null, "tiger:county": null, "tiger:name_base": null, "tiger:name_base_1": null, "tiger:name_base_2": null, "tiger:reviewed": null, "tiger:zip_left": null, "tiger:zip_right": null, "tracks": null, "tunnel": null, "usage": "main", "maxspeed_mph": 55.0 }, "geometry": { "type": "LineString", "coordinates": [ [ -95.572305, 29.4980293 ], [ -95.5699152, 29.4981163 ], [ -95.5678287, 29.4981834 ] ] } },
{ "type": "Feature", "properties": { "id": "way/290560507", "@id": "way/290560507", "access": null, "addr:city": null, "addr:state": null, "bridge": "yes", "bridge:movable": null, "covered": null, "crossing:barrier": null, "electrified": "no", "embankment": null, "fixme": null, "gauge": "1435", "highspeed": null, "layer": "1", "length": null, "maxspeed": "60 mph", "name": "UP Lufkin Subdivision", "name_1": null, "note": null, "note:old_railway_operator": "HE&WT", "old_railway_operator": "SP", "operator": "Union Pacific Railroad", "operator:wikidata": "Q725793", "owner": null, "railway": "rail", "railway:atc": "no", "railway:freight": null, "railway:ptc": "no", "railway:ref": null, "railway:track_class": "4", "railway:track_ref": null, "ref": null, "reporting_marks": null, "service": "none", "source": "Texas Department of Transportation", "spur": null, "start_date": null, "tiger:cfcc": "B11", "tiger:county": "Harris, TX", "tiger:name_base": "Houston Belt and Terminal Ry:Southern Pacific Railroad", "tiger:name_base_1": null, "tiger:name_base_2": null, "tiger:reviewed": null, "tiger:zip_left": null, "tiger:zip_right": null, "tracks": null, "tunnel": null, "usage": "main", "maxspeed_mph": 60.0 }, "geometry": { "type": "LineString", "coordinates": [ [ -95.2818158, 29.9567089 ], [ -95.2816948, 29.9570541 ] ] } },
{ "type": "Feature", "properties": { "id": "way/290560510", "@id": "way/290560510", "access": null, "addr:city": null, "addr:state": null, "bridge": "yes", "bridge:movable": null, "covered": null, "crossing:barrier": null, "electrified": "no", "embankment": null, "fixme": null, "gauge": "1435", "highspeed": null, "layer": "1", "length": null, "maxspeed": "60 mph", "name": "UP Lufkin Subdivision", "name_1": null, "note": null, "note:old_railway_operator": "HE&WT", "old_railway_operator": "SP", "operator": "Union Pacific Railroad", "operator:wikidata": "Q725793", "owner": null, "railway": "rail", "railway:atc": "no", "railway:freight": null, "railway:ptc": "no", "railway:ref": null, "railway:track_class": "4", "railway:track_ref": null, "ref": null, "reporting_marks": null, "service": "none", "source": "Texas Department of Transportation", "spur": null, "start_date": null, "tiger:cfcc": "B11", "tiger:county": "Harris, TX", "tiger:name_base": "Houston Belt and Terminal Ry:Southern Pacific Railroad", "tiger:name_base_1": null, "tiger:name_base_2": null, "tiger:reviewed": null, "tiger:zip_left": null, "tiger:zip_right": null, "tracks": null, "tunnel": null, "usage": "main", "maxspeed_mph": 60.0 }, "geometry": { "type": "LineString", "coordinates": [ [ -95.2983496, 29.911577 ], [ -95.298273, 29.91177 ] ] } },
{ "type": "Feature", "properties": { "id": "way/290560511", "@id": "way/290560511", "access": null, "addr:city": null, "addr:state": null, "bridge": null, "bridge:movable": null, "covered": null, "crossing:barrier": null, "electrified": "no", "embankment": null, "fixme": null, "gauge": "1435", "highspeed": null, "layer": null, "length": null, "maxspeed": null, "name": "UP Beaumont Subdivision", "name_1": null, "note": null, "note:old_railway_operator": null, "old_railway_operator": null, "operator": "Union Pacific", "operator:wikidata": null, "owner": null, "railway": "rail", "railway:atc": null, "railway:freight": null, "railway:ptc": null, "railway:ref": null, "railway:track_class": null, "railway:track_ref": null, "ref": null, "reporting_marks": null, "service": "none", "source": null, "spur": null, "start_date": null, "tiger:cfcc": null, "tiger:county": null, "tiger:name_base": null, "tiger:name_base_1": null, "tiger:name_base_2": null, "tiger:reviewed": null, "tiger:zip_left": null, "tiger:zip_right": null, "tracks": null, "tunnel": null, "usage": "main", "maxspeed_mph": 0.0 }, "geometry": { "type": "LineString", "coordinates": [ [ -95.269897, 29.8703639 ], [ -95.2812966, 29.8592739 ], [ -95.2813488, 29.8592231 ], [ -95.281531, 29.8590399 ], [ -95.2815851, 29.8589873 ], [ -95.2832419, 29.8573764 ] ] } },
{ "type": "Feature", "properties": { "id": "way/290560514", "@id": "way/290560514", "access": null, "addr:city": null, "addr:state": null, "bridge": null, "bridge:movable": null, "covered": null, "crossing:barrier": null, "electrified": "no", "embankment": null, "fixme": null, "gauge": "1435", "highspeed": null, "layer": null, "length": null, "maxspeed": null, "name": "UP Beaumont Subdivision", "name_1": null, "note": null, "note:old_railway_operator": null, "old_railway_operator": null, "operator": "Union Pacific", "operator:wikidata": null, "owner": null, "railway": "rail", "railway:atc": null, "railway:freight": null, "railway:ptc": null, "railway:ref": null, "railway:track_class": null, "railway:track_ref": null, "ref": null, "reporting_marks": null, "service": "none", "source": null, "spur": null, "start_date": null, "tiger:cfcc": null, "tiger:county": null, "tiger:name_base": null, "tiger:name_base_1": null, "tiger:name_base_2": null, "tiger:reviewed": null, "tiger:zip_left": null, "tiger:zip_right": null, "tracks": null, "tunnel": null, "usage": "main", "maxspeed_mph": 0.0 }, "geometry": { "type": "LineString", "coordinates": [ [ -95.2429321, 29.8964622 ], [ -95.243547, 29.89595 ], [ -95.2446118, 29.8949082 ], [ -95.2475703, 29.8920365 ], [ -95.2476648, 29.8919443 ], [ -95.2477285, 29.8918822 ], [ -95.2478971, 29.8917176 ], [ -95.2479675, 29.8916493 ], [ -95.2573023, 29.8825867 ], [ -95.2681766, 29.8720206 ], [ -95.2683601, 29.8718521 ], [ -95.269775, 29.8704759 ] ] } },
{ "type": "Feature", "properties": { "id": "way/290560516", "@id": "way/290560516", "access": null, "addr:city": null, "addr:state": null, "bridge": "yes", "bridge:movable": null, "covered": null, "crossing:barrier": null, "electrified": "no", "embankment": null, "fixme": null, "gauge": "1435", "highspeed": null, "layer": "1", "length": null, "maxspeed": "60 mph", "name": "UP Beaumont Subdivision", "name_1": null, "note": null, "note:old_railway_operator": null, "old_railway_operator": "MP", "operator": "Union Pacific Railroad", "operator:wikidata": "Q725793", "owner": null, "railway": "rail", "railway:atc": null, "railway:freight": null, "railway:ptc": "yes", "railway:ref": null, "railway:track_class": "4", "railway:track_ref": null, "ref": null, "reporting_marks": null, "service": "none", "source": "Texas Department of Transportation", "spur": null, "start_date": null, "tiger:cfcc": null, "tiger:county": null, "tiger:name_base": null, "tiger:name_base_1": null, "tiger:name_base_2": null, "tiger:reviewed": null, "tiger:zip_left": null, "tiger:zip_right": null, "tracks": null, "tunnel": null, "usage": "main", "maxspeed_mph": 60.0 }, "geometry": { "type": "LineString", "coordinates": [ [ -95.2698565, 29.8703312 ], [ -95.2697355, 29.8704435 ] ] } },
{ "type": "Feature", "properties": { "id": "way/290560517", "@id": "way/290560517", "access": null, "addr:city": null, "addr:state": null, "bridge": "yes", "bridge:movable": null, "covered": null, "crossing:barrier": null, "electrified": "no", "embankment": null, "fixme": null, "gauge": "1435", "highspeed": null, "layer": "1", "length": null, "maxspeed": "60 mph", "name": "UP Beaumont Subdivision", "name_1": null, "note": null, "note:old_railway_operator": null, "old_railway_operator": "MP", "operator": "Union Pacific Railroad", "operator:wikidata": "Q725793", "owner": null, "railway": "rail", "railway:atc": null, "railway:freight": null, "railway:ptc": "yes", "railway:ref": null, "railway:track_class": "4", "railway:track_ref": null, "ref": null, "reporting_marks": null, "service": "none", "source": "Texas Department of Transportation", "spur": null, "start_date": null, "tiger:cfcc": "B11", "tiger:county": "Harris, TX", "tiger:name_base": "Union Pacific Railroad", "tiger:name_base_1": null, "tiger:name_base_2": null, "tiger:reviewed": null, "tiger:zip_left": null, "tiger:zip_right": null, "tracks": null, "tunnel": null, "usage": "main", "maxspeed_mph": 60.0 }, "geometry": { "type": "LineString", "coordinates": [ [ -95.2408418, 29.8984911 ], [ -95.2404919, 29.8988414 ] ] } },
{ "type": "Feature", "properties": { "id": "way/290560518", "@id": "way/290560518", "access": null, "addr:city": null, "addr:state": null, "bridge": null, "bridge:movable": null, "covered": null, "crossing:barrier": null, "electrified": "no", "embankment": null, "fixme": null, "gauge": "1435", "highspeed": null, "layer": null, "length": null, "maxspeed": "60 mph", "name": "UP Lufkin Subdivision", "name_1": null, "note": null, "note:old_railway_operator": "HE&WT", "old_railway_operator": "SP", "operator": "Union Pacific Railroad", "operator:wikidata": "Q725793", "owner": null, "railway": "rail", "railway:atc": "no", "railway:freight": null, "railway:ptc": "no", "railway:ref": null, "railway:track_class": "4", "railway:track_ref": null, "ref": null, "reporting_marks": null, "service": "none", "source": "Texas Department of Transportation", "spur": null, "start_date": null, "tiger:cfcc": "B11", "tiger:county": "Harris, TX", "tiger:name_base": "Houston Belt and Terminal Ry:Southern Pacific Railroad", "tiger:name_base_1": null, "tiger:name_base_2": null, "tiger:reviewed": null, "tiger:zip_left": null, "tiger:zip_right": null, "tracks": null, "tunnel": null, "usage": "main", "maxspeed_mph": 60.0 }, "geometry": { "type": "LineString", "coordinates": [ [ -95.2816948, 29.9570541 ], [ -95.2789226, 29.9648526 ], [ -95.2786313, 29.9656791 ], [ -95.2782442, 29.9666946 ], [ -95.2777882, 29.9678606 ], [ -95.277144, 29.969472 ], [ -95.277109, 29.969563 ], [ -95.2754982, 29.9737155 ] ] } },
{ "type": "Feature", "properties": { "id": "way/290560520", "@id": "way/290560520", "access": null, "addr:city": null, "addr:state": null, "bridge": null, "bridge:movable": null, "covered": null, "crossing:barrier": null, "electrified": "no", "embankment": null, "fixme": null, "gauge": "1435", "highspeed": null, "layer": null, "length": null, "maxspeed": "60 mph", "name": "UP Lufkin Subdivision", "name_1": null, "note": null, "note:old_railway_operator": "HE&WT", "old_railway_operator": "SP", "operator": "Union Pacific Railroad", "operator:wikidata": "Q725793", "owner": null, "railway": "rail", "railway:atc": "no", "railway:freight": null, "railway:ptc": "no", "railway:ref": null, "railway:track_class": "4", "railway:track_ref": null, "ref": null, "reporting_marks": null, "service": "none", "source": "Texas Department of Transportation", "spur": null, "start_date": null, "tiger:cfcc": "B11", "tiger:county": "Harris, TX", "tiger:name_base": "Houston Belt and Terminal Ry:Southern Pacific Railroad", "tiger:name_base_1": null, "tiger:name_base_2": null, "tiger:reviewed": null, "tiger:zip_left": null, "tiger:zip_right": null, "tracks": null, "tunnel": null, "usage": "main", "maxspeed_mph": 60.0 }, "geometry": { "type": "LineString", "coordinates": [ [ -95.2954634, 29.9186827 ], [ -95.2944669, 29.9212478 ], [ -95.292911, 29.9255752 ], [ -95.2908273, 29.9314156 ] ] } },
{ "type": "Feature", "properties": { "id": "way/290560521", "@id": "way/290560521", "access": null, "addr:city": null, "addr:state": null, "bridge": null, "bridge:movable": null, "covered": null, "crossing:barrier": null, "electrified": "no", "embankment": null, "fixme": null, "gauge": "1435", "highspeed": null, "layer": null, "length": null, "maxspeed": "60 mph", "name": "UP Lufkin Subdivision", "name_1": null, "note": null, "note:old_railway_operator": "HE&WT", "old_railway_operator": "SP", "operator": "Union Pacific Railroad", "operator:wikidata": "Q725793", "owner": null, "railway": "rail", "railway:atc": "no", "railway:freight": null, "railway:ptc": "no", "railway:ref": null, "railway:track_class": "4", "railway:track_ref": null, "ref": null, "reporting_marks": null, "service": "none", "source": "Texas Department of Transportation", "spur": null, "start_date": null, "tiger:cfcc": "B11", "tiger:county": "Harris, TX", "tiger:name_base": "Houston Belt and Terminal Ry:Southern Pacific Railroad", "tiger:name_base_1": null, "tiger:name_base_2": null, "tiger:reviewed": null, "tiger:zip_left": null, "tiger:zip_right": null, "tracks": null, "tunnel": null, "usage": "main", "maxspeed_mph": 60.0 }, "geometry": { "type": "LineString", "coordinates": [ [ -95.298273, 29.91177 ], [ -95.29777, 29.91301 ], [ -95.2956215, 29.9183082 ] ] } },
{ "type": "Feature", "properties": { "id": "way/290560523", "@id": "way/290560523", "access": null, "addr:city": null, "addr:state": null, "bridge": "yes", "bridge:movable": null, "covered": null, "crossing:barrier": null, "electrified": "no", "embankment": null, "fixme": null, "gauge": "1435", "highspeed": null, "layer": "1", "length": null, "maxspeed": null, "name": "UP Beaumont Subdivision", "name_1": null, "note": null, "note:old_railway_operator": null, "old_railway_operator": null, "operator": "Union Pacific", "operator:wikidata": null, "owner": null, "railway": "rail", "railway:atc": null, "railway:freight": null, "railway:ptc": null, "railway:ref": null, "railway:track_class": null, "railway:track_ref": null, "ref": null, "reporting_marks": null, "service": "none", "source": null, "spur": null, "start_date": null, "tiger:cfcc": null, "tiger:county": null, "tiger:name_base": null, "tiger:name_base_1": null, "tiger:name_base_2": null, "tiger:reviewed": null, "tiger:zip_left": null, "tiger:zip_right": null, "tracks": null, "tunnel": null, "usage": "main", "maxspeed_mph": 0.0 }, "geometry": { "type": "LineString", "coordinates": [ [ -95.2832419, 29.8573764 ], [ -95.2833939, 29.8572311 ] ] } },
{ "type": "Feature", "properties": { "id": "way/290560528", "@id": "way/290560528", "access": null, "addr:city": null, "addr:state": null, "bridge": null, "bridge:movable": null, "covered": null, "crossing:barrier": null, "electrified": "no", "embankment": null, "fixme": null, "gauge": "1435", "highspeed": null, "layer": null, "length": null, "maxspeed": null, "name": "UP Beaumont Subdivision", "name_1": null, "note": null, "note:old_railway_operator": null, "old_railway_operator": null, "operator": null, "operator:wikidata": null, "owner": null, "railway": "rail", "railway:atc": null, "railway:freight": null, "railway:ptc": null, "railway:ref": null, "railway:track_class": null, "railway:track_ref": null, "ref": null, "reporting_marks": null, "service": "none", "source": null, "spur": null, "start_date": null, "tiger:cfcc": null, "tiger:county": null, "tiger:name_base": null, "tiger:name_base_1": null, "tiger:name_base_2": null, "tiger:reviewed": null, "tiger:zip_left": null, "tiger:zip_right": null, "tracks": null, "tunnel": null, "usage": "main", "maxspeed_mph": 0.0 }, "geometry": { "type": "LineString", "coordinates": [ [ -95.2833939, 29.8572311 ], [ -95.2853264, 29.8553491 ], [ -95.2865617, 29.8541462 ], [ -95.2870061, 29.8536615 ] ] } },
{ "type": "Feature", "properties": { "id": "way/290560530", "@id": "way/290560530", "access": null, "addr:city": null, "addr:state": null, "bridge": "yes", "bridge:movable": null, "covered": null, "crossing:barrier": null, "electrified": "no", "embankment": null, "fixme": null, "gauge": "1435", "highspeed": null, "layer": "1", "length": null, "maxspeed": "60 mph", "name": "UP Lufkin Subdivision", "name_1": null, "note": null, "note:old_railway_operator": "HE&WT", "old_railway_operator": "SP", "operator": "Union Pacific Railroad", "operator:wikidata": "Q725793", "owner": null, "railway": "rail", "railway:atc": "no", "railway:freight": null, "railway:ptc": "no", "railway:ref": null, "railway:track_class": "4", "railway:track_ref": null, "ref": null, "reporting_marks": null, "service": "none", "source": "Texas Department of Transportation", "spur": null, "start_date": null, "tiger:cfcc": "B11", "tiger:county": "Harris, TX", "tiger:name_base": "Houston Belt and Terminal Ry:Southern Pacific Railroad", "tiger:name_base_1": null, "tiger:name_base_2": null, "tiger:reviewed": null, "tiger:zip_left": null, "tiger:zip_right": null, "tracks": null, "tunnel": null, "usage": "main", "maxspeed_mph": 60.0 }, "geometry": { "type": "LineString", "coordinates": [ [ -95.2562911, 30.0225072 ], [ -95.2559036, 30.0234804 ] ] } },
{ "type": "Feature", "properties": { "id": "way/290560532", "@id": "way/290560532", "access": null, "addr:city": null, "addr:state": null, "bridge": "yes", "bridge:movable": null, "covered": null, "crossing:barrier": null, "electrified": "no", "embankment": null, "fixme": null, "gauge": "1435", "highspeed": null, "layer": "1", "length": null, "maxspeed": "60 mph", "name": "UP Beaumont Subdivision", "name_1": null, "note": null, "note:old_railway_operator": null, "old_railway_operator": "MP", "operator": "Union Pacific Railroad", "operator:wikidata": "Q725793", "owner": null, "railway": "rail", "railway:atc": null, "railway:freight": null, "railway:ptc": "yes", "railway:ref": null, "railway:track_class": "4", "railway:track_ref": null, "ref": null, "reporting_marks": null, "service": "none", "source": "Texas Department of Transportation", "spur": null, "start_date": null, "tiger:cfcc": null, "tiger:county": null, "tiger:name_base": null, "tiger:name_base_1": null, "tiger:name_base_2": null, "tiger:reviewed": null, "tiger:zip_left": null, "tiger:zip_right": null, "tracks": null, "tunnel": null, "usage": "main", "maxspeed_mph": 60.0 }, "geometry": { "type": "LineString", "coordinates": [ [ -95.2833573, 29.8571979 ], [ -95.283205, 29.857344 ] ] } },
{ "type": "Feature", "properties": { "id": "way/290560538", "@id": "way/290560538", "access": null, "addr:city": null, "addr:state": null, "bridge": null, "bridge:movable": null, "covered": null, "crossing:barrier": null, "electrified": "no", "embankment": null, "fixme": null, "gauge": "1435", "highspeed": null, "layer": null, "length": null, "maxspeed": "60 mph", "name": "UP Beaumont Subdivision", "name_1": null, "note": null, "note:old_railway_operator": null, "old_railway_operator": "MP", "operator": "Union Pacific Railroad", "operator:wikidata": "Q725793", "owner": null, "railway": "rail", "railway:atc": null, "railway:freight": null, "railway:ptc": "yes", "railway:ref": null, "railway:track_class": "4", "railway:track_ref": null, "ref": null, "reporting_marks": null, "service": "none", "source": "Texas Department of Transportation", "spur": null, "start_date": null, "tiger:cfcc": null, "tiger:county": null, "tiger:name_base": null, "tiger:name_base_1": null, "tiger:name_base_2": null, "tiger:reviewed": null, "tiger:zip_left": null, "tiger:zip_right": null, "tracks": null, "tunnel": null, "usage": "main", "maxspeed_mph": 60.0 }, "geometry": { "type": "LineString", "coordinates": [ [ -95.2697355, 29.8704435 ], [ -95.2682858, 29.8718527 ], [ -95.2681097, 29.8720239 ], [ -95.2653634, 29.8746999 ], [ -95.2573012, 29.882525 ], [ -95.256982, 29.882839 ], [ -95.254052, 29.885675 ], [ -95.2514233, 29.8882233 ], [ -95.2513745, 29.8882749 ], [ -95.2479022, 29.8916513 ], [ -95.2478286, 29.8917229 ], [ -95.2476669, 29.8918832 ], [ -95.2476023, 29.8919457 ], [ -95.2429321, 29.8964622 ], [ -95.2420373, 29.8973393 ] ] } },
{ "type": "Feature", "properties": { "id": "way/290560543", "@id": "way/290560543", "access": null, "addr:city": null, "addr:state": null, "bridge": "yes", "bridge:movable": null, "covered": null, "crossing:barrier": null, "electrified": "no", "embankment": null, "fixme": null, "gauge": "1435", "highspeed": null, "layer": "1", "length": null, "maxspeed": "60 mph", "name": "UP Beaumont Subdivision", "name_1": null, "note": null, "note:old_railway_operator": null, "old_railway_operator": "MP", "operator": "Union Pacific Railroad", "operator:wikidata": "Q725793", "owner": null, "railway": "rail", "railway:atc": null, "railway:freight": null, "railway:ptc": "yes", "railway:ref": null, "railway:track_class": "4", "railway:track_ref": null, "ref": null, "reporting_marks": null, "service": "none", "source": "Texas Department of Transportation", "spur": null, "start_date": null, "tiger:cfcc": "B11", "tiger:county": "Harris, TX", "tiger:name_base": "Union Pacific Railroad", "tiger:name_base_1": null, "tiger:name_base_2": null, "tiger:reviewed": null, "tiger:zip_left": null, "tiger:zip_right": null, "tracks": null, "tunnel": null, "usage": "main", "maxspeed_mph": 60.0 }, "geometry": { "type": "LineString", "coordinates": [ [ -95.2420373, 29.8973393 ], [ -95.2418751, 29.8974953 ] ] } },
{ "type": "Feature", "properties": { "id": "way/290560545", "@id": "way/290560545", "access": null, "addr:city": null, "addr:state": null, "bridge": null, "bridge:movable": null, "covered": null, "crossing:barrier": null, "electrified": "no", "embankment": null, "fixme": null, "gauge": "1435", "highspeed": null, "layer": null, "length": null, "maxspeed": "60 mph", "name": "UP Lufkin Subdivision", "name_1": null, "note": null, "note:old_railway_operator": "HE&WT", "old_railway_operator": "SP", "operator": "Union Pacific Railroad", "operator:wikidata": "Q725793", "owner": null, "railway": "rail", "railway:atc": "no", "railway:freight": null, "railway:ptc": "no", "railway:ref": null, "railway:track_class": "4", "railway:track_ref": null, "ref": null, "reporting_marks": null, "service": "none", "source": "Texas Department of Transportation", "spur": null, "start_date": null, "tiger:cfcc": "B11", "tiger:county": "Harris, TX", "tiger:name_base": "Houston Belt and Terminal Ry:Southern Pacific Railroad", "tiger:name_base_1": null, "tiger:name_base_2": null, "tiger:reviewed": null, "tiger:zip_left": null, "tiger:zip_right": null, "tracks": null, "tunnel": null, "usage": "main", "maxspeed_mph": 60.0 }, "geometry": { "type": "LineString", "coordinates": [ [ -95.2559036, 30.0234804 ], [ -95.2551501, 30.0253922 ] ] } },
{ "type": "Feature", "properties": { "id": "way/290560547", "@id": "way/290560547", "access": null, "addr:city": null, "addr:state": null, "bridge": "yes", "bridge:movable": null, "covered": null, "crossing:barrier": null, "electrified": "no", "embankment": null, "fixme": null, "gauge": "1435", "highspeed": null, "layer": "1", "length": null, "maxspeed": "60 mph", "name": "UP Lufkin Subdivision", "name_1": null, "note": null, "note:old_railway_operator": "HE&WT", "old_railway_operator": "SP", "operator": "Union Pacific Railroad", "operator:wikidata": "Q725793", "owner": null, "railway": "rail", "railway:atc": "no", "railway:freight": null, "railway:ptc": "no", "railway:ref": null, "railway:track_class": "4", "railway:track_ref": null, "ref": null, "reporting_marks": null, "service": "none", "source": "Texas Department of Transportation", "spur": null, "start_date": null, "tiger:cfcc": "B11", "tiger:county": "Harris, TX", "tiger:name_base": "Houston Belt and Terminal Ry:Southern Pacific Railroad", "tiger:name_base_1": null, "tiger:name_base_2": null, "tiger:reviewed": null, "tiger:zip_left": null, "tiger:zip_right": null, "tracks": null, "tunnel": null, "usage": "main", "maxspeed_mph": 60.0 }, "geometry": { "type": "LineString", "coordinates": [ [ -95.2956215, 29.9183082 ], [ -95.2954634, 29.9186827 ] ] } },
{ "type": "Feature", "properties": { "id": "way/290560549", "@id": "way/290560549", "access": null, "addr:city": null, "addr:state": null, "bridge": null, "bridge:movable": null, "covered": null, "crossing:barrier": null, "electrified": "no", "embankment": null, "fixme": null, "gauge": "1435", "highspeed": null, "layer": null, "length": null, "maxspeed": "60 mph", "name": "UP Beaumont Subdivision", "name_1": null, "note": null, "note:old_railway_operator": null, "old_railway_operator": "MP", "operator": "Union Pacific Railroad", "operator:wikidata": "Q725793", "owner": null, "railway": "rail", "railway:atc": null, "railway:freight": null, "railway:ptc": "yes", "railway:ref": null, "railway:track_class": "4", "railway:track_ref": null, "ref": null, "reporting_marks": null, "service": "none", "source": "Texas Department of Transportation", "spur": null, "start_date": null, "tiger:cfcc": "B11", "tiger:county": "Harris, TX", "tiger:name_base": "Union Pacific Railroad", "tiger:name_base_1": null, "tiger:name_base_2": null, "tiger:reviewed": null, "tiger:zip_left": null, "tiger:zip_right": null, "tracks": null, "tunnel": null, "usage": "main", "maxspeed_mph": 60.0 }, "geometry": { "type": "LineString", "coordinates": [ [ -95.2404919, 29.8988414 ], [ -95.237079, 29.90213 ], [ -95.235503, 29.903679 ], [ -95.226838, 29.912081 ], [ -95.224177, 29.914705 ], [ -95.223467, 29.915395 ], [ -95.222134, 29.916675 ], [ -95.220688, 29.918041 ], [ -95.219628, 29.919076 ], [ -95.218446, 29.920212 ], [ -95.217386, 29.92124 ], [ -95.2152308, 29.9233425 ], [ -95.2114765, 29.9269938 ], [ -95.206681, 29.931626 ], [ -95.2046008, 29.9336626 ], [ -95.204109, 29.9341416 ], [ -95.2040458, 29.9342021 ], [ -95.20311, 29.935098 ], [ -95.201489, 29.936658 ], [ -95.199648, 29.938427 ], [ -95.1960161, 29.9419872 ], [ -95.195542, 29.942416 ], [ -95.190985, 29.946865 ], [ -95.1902173, 29.9476156 ], [ -95.18574, 29.951963 ], [ -95.1856326, 29.9520652 ], [ -95.18464, 29.95301 ], [ -95.1827168, 29.954883 ], [ -95.181339, 29.95621 ], [ -95.180727, 29.956808 ], [ -95.178301, 29.959145 ], [ -95.1776204, 29.9598179 ], [ -95.177503, 29.959934 ], [ -95.1756747, 29.9617035 ], [ -95.1743639, 29.9629747 ], [ -95.1728951, 29.9643985 ], [ -95.172175, 29.965069 ], [ -95.171835, 29.965411 ], [ -95.171253, 29.965993 ], [ -95.1703598, 29.9668618 ], [ -95.1695383, 29.9676412 ], [ -95.1691562, 29.9680195 ], [ -95.1676545, 29.9694753 ], [ -95.16671, 29.970364 ], [ -95.1659315, 29.9711257 ], [ -95.165141, 29.971899 ], [ -95.164737, 29.972289 ], [ -95.1632299, 29.9737395 ], [ -95.1621906, 29.9747559 ], [ -95.1611551, 29.9757531 ], [ -95.1604902, 29.9764027 ], [ -95.1596955, 29.9771784 ], [ -95.159388, 29.977464 ], [ -95.15813, 29.978677 ], [ -95.157594, 29.979175 ], [ -95.1570914, 29.9796708 ], [ -95.1564721, 29.980209 ], [ -95.155974, 29.980578 ], [ -95.155515, 29.980911 ], [ -95.155107, 29.981184 ], [ -95.154515, 29.981554 ], [ -95.154001, 29.981839 ], [ -95.153524, 29.982084 ], [ -95.15307, 29.982289 ], [ -95.152647, 29.98247 ], [ -95.152326, 29.982599 ], [ -95.151826, 29.982783 ], [ -95.151253, 29.982972 ], [ -95.150624, 29.983153 ], [ -95.149986, 29.983314 ], [ -95.14955, 29.98341 ], [ -95.148816, 29.983539 ], [ -95.1481733, 29.9836179 ], [ -95.147624, 29.9836702 ], [ -95.1460917, 29.9837932 ], [ -95.1452302, 29.9838684 ], [ -95.144483, 29.9839208 ], [ -95.1431423, 29.9840338 ], [ -95.140608, 29.9842502 ], [ -95.1389103, 29.9845283 ], [ -95.1381231, 29.9847309 ], [ -95.1370938, 29.9850495 ], [ -95.1365548, 29.985254 ], [ -95.1355, 29.9857458 ] ] } },
{ "type": "Feature", "properties": { "id": "way/290560555", "@id": "way/290560555", "access": null, "addr:city": null, "addr:state": null, "bridge": "yes", "bridge:movable": null, "covered": null, "crossing:barrier": null, "electrified": "no", "embankment": null, "fixme": null, "gauge": "1435", "highspeed": null, "layer": "1", "length": null, "maxspeed": null, "name": "UP Beaumont Subdivision", "name_1": null, "note": null, "note:old_railway_operator": null, "old_railway_operator": null, "operator": "Union Pacific", "operator:wikidata": null, "owner": null, "railway": "rail", "railway:atc": null, "railway:freight": null, "railway:ptc": null, "railway:ref": null, "railway:track_class": null, "railway:track_ref": null, "ref": null, "reporting_marks": null, "service": "none", "source": null, "spur": null, "start_date": null, "tiger:cfcc": null, "tiger:county": null, "tiger:name_base": null, "tiger:name_base_1": null, "tiger:name_base_2": null, "tiger:reviewed": null, "tiger:zip_left": null, "tiger:zip_right": null, "tracks": null, "tunnel": null, "usage": "main", "maxspeed_mph": 0.0 }, "geometry": { "type": "LineString", "coordinates": [ [ -95.269775, 29.8704759 ], [ -95.269897, 29.8703639 ] ] } },
{ "type": "Feature", "properties": { "id": "way/290560556", "@id": "way/290560556", "access": null, "addr:city": null, "addr:state": null, "bridge": null, "bridge:movable": null, "covered": null, "crossing:barrier": null, "electrified": "no", "embankment": null, "fixme": null, "gauge": "1435", "highspeed": null, "layer": null, "length": null, "maxspeed": "60 mph", "name": "UP Beaumont Subdivision", "name_1": null, "note": null, "note:old_railway_operator": null, "old_railway_operator": "MP", "operator": "Union Pacific Railroad", "operator:wikidata": "Q725793", "owner": null, "railway": "rail", "railway:atc": null, "railway:freight": null, "railway:ptc": "yes", "railway:ref": null, "railway:track_class": "4", "railway:track_ref": null, "ref": null, "reporting_marks": null, "service": "none", "source": "Texas Department of Transportation", "spur": null, "start_date": null, "tiger:cfcc": null, "tiger:county": null, "tiger:name_base": null, "tiger:name_base_1": null, "tiger:name_base_2": null, "tiger:reviewed": null, "tiger:zip_left": null, "tiger:zip_right": null, "tracks": null, "tunnel": null, "usage": "main", "maxspeed_mph": 60.0 }, "geometry": { "type": "LineString", "coordinates": [ [ -95.283205, 29.857344 ], [ -95.2815838, 29.8589281 ], [ -95.2815324, 29.8589783 ], [ -95.2813461, 29.8591644 ], [ -95.2812957, 29.8592134 ], [ -95.2698565, 29.8703312 ] ] } },
{ "type": "Feature", "properties": { "id": "way/290560557", "@id": "way/290560557", "access": null, "addr:city": null, "addr:state": null, "bridge": null, "bridge:movable": null, "covered": null, "crossing:barrier": null, "electrified": "no", "embankment": null, "fixme": null, "gauge": "1435", "highspeed": null, "layer": null, "length": null, "maxspeed": "60 mph", "name": "UP Beaumont Subdivision", "name_1": null, "note": null, "note:old_railway_operator": null, "old_railway_operator": "MP", "operator": "Union Pacific Railroad", "operator:wikidata": "Q725793", "owner": null, "railway": "rail", "railway:atc": null, "railway:freight": null, "railway:ptc": "yes", "railway:ref": null, "railway:track_class": "4", "railway:track_ref": null, "ref": null, "reporting_marks": null, "service": "none", "source": "Texas Department of Transportation", "spur": null, "start_date": null, "tiger:cfcc": "B11", "tiger:county": "Harris, TX", "tiger:name_base": "Union Pacific Railroad", "tiger:name_base_1": null, "tiger:name_base_2": null, "tiger:reviewed": null, "tiger:zip_left": null, "tiger:zip_right": null, "tracks": null, "tunnel": null, "usage": "main", "maxspeed_mph": 60.0 }, "geometry": { "type": "LineString", "coordinates": [ [ -95.2418751, 29.8974953 ], [ -95.2408418, 29.8984911 ] ] } },
{ "type": "Feature", "properties": { "id": "way/336012857", "@id": "way/336012857", "access": null, "addr:city": null, "addr:state": null, "bridge": null, "bridge:movable": null, "covered": null, "crossing:barrier": null, "electrified": "no", "embankment": null, "fixme": null, "gauge": "1435", "highspeed": null, "layer": null, "length": null, "maxspeed": "40 mph", "name": "BNSF Galveston Subdivision", "name_1": null, "note": null, "note:old_railway_operator": null, "old_railway_operator": "AT&SF", "operator": "BNSF Railway", "operator:wikidata": "Q267122", "owner": null, "railway": "rail", "railway:atc": null, "railway:freight": null, "railway:ptc": "yes", "railway:ref": null, "railway:track_class": "4", "railway:track_ref": null, "ref": "7500", "reporting_marks": "BNSF", "service": "none", "source": null, "spur": null, "start_date": null, "tiger:cfcc": null, "tiger:county": null, "tiger:name_base": null, "tiger:name_base_1": null, "tiger:name_base_2": null, "tiger:reviewed": null, "tiger:zip_left": null, "tiger:zip_right": null, "tracks": null, "tunnel": null, "usage": "main", "maxspeed_mph": 40.0 }, "geometry": { "type": "LineString", "coordinates": [ [ -95.494714, 29.5027095 ], [ -95.4957872, 29.5024954 ], [ -95.4962471, 29.5023587 ], [ -95.4967621, 29.5021795 ], [ -95.497783, 29.501723 ], [ -95.4993546, 29.5009726 ], [ -95.499916, 29.5007393 ], [ -95.5004474, 29.5005649 ], [ -95.5010021, 29.5004464 ], [ -95.5014774, 29.5003863 ], [ -95.5020854, 29.5003457 ] ] } },
{ "type": "Feature", "properties": { "id": "way/345306050", "@id": "way/345306050", "access": null, "addr:city": null, "addr:state": null, "bridge": null, "bridge:movable": null, "covered": null, "crossing:barrier": null, "electrified": "no", "embankment": null, "fixme": null, "gauge": "1435", "highspeed": null, "layer": null, "length": null, "maxspeed": "40 mph", "name": "UP Harrisburg Subdivision", "name_1": null, "note": null, "note:old_railway_operator": "GH&SA", "old_railway_operator": "SP", "operator": "Union Pacific Railroad", "operator:wikidata": "Q725793", "owner": null, "railway": "rail", "railway:atc": null, "railway:freight": null, "railway:ptc": "yes", "railway:ref": null, "railway:track_class": "3", "railway:track_ref": null, "ref": null, "reporting_marks": null, "service": "none", "source": "Texas Department of Transportation", "spur": null, "start_date": null, "tiger:cfcc": "B11", "tiger:county": "Harris, TX", "tiger:name_base": "Southern Pacific Railroad", "tiger:name_base_1": null, "tiger:name_base_2": null, "tiger:reviewed": null, "tiger:zip_left": null, "tiger:zip_right": null, "tracks": null, "tunnel": null, "usage": "main", "maxspeed_mph": 40.0 }, "geometry": { "type": "LineString", "coordinates": [ [ -95.3956534, 29.6710537 ], [ -95.3955018, 29.6711011 ], [ -95.3953991, 29.6711317 ], [ -95.3953039, 29.6711597 ], [ -95.3951193, 29.6712155 ], [ -95.3947908, 29.6713149 ], [ -95.3933223, 29.6717542 ], [ -95.3928751, 29.6718902 ], [ -95.3924805, 29.6720097 ], [ -95.388535, 29.673169 ], [ -95.388268, 29.673249 ], [ -95.3869334, 29.6736576 ] ] } },
{ "type": "Feature", "properties": { "id": "way/345547923", "@id": "way/345547923", "access": null, "addr:city": null, "addr:state": null, "bridge": null, "bridge:movable": null, "covered": null, "crossing:barrier": null, "electrified": "no", "embankment": null, "fixme": null, "gauge": "1435", "highspeed": null, "layer": null, "length": null, "maxspeed": "40 mph", "name": "BNSF Houston Subdivision", "name_1": null, "note": null, "note:old_railway_operator": null, "old_railway_operator": "CB&Q;CRI&P", "operator": "BNSF Railway", "operator:wikidata": "Q267122", "owner": null, "railway": "rail", "railway:atc": null, "railway:freight": null, "railway:ptc": "yes", "railway:ref": null, "railway:track_class": "3", "railway:track_ref": null, "ref": "492", "reporting_marks": "BNSF", "service": "none", "source": null, "spur": null, "start_date": null, "tiger:cfcc": null, "tiger:county": null, "tiger:name_base": "Burlington Northern Railroad:Chicago Rock Island and Pacifi:Houston Belt and Terminal Ry", "tiger:name_base_1": "Chicago Rock Island and Pacifi", "tiger:name_base_2": "Fort Worth and Denver Railway", "tiger:reviewed": null, "tiger:zip_left": null, "tiger:zip_right": null, "tracks": null, "tunnel": null, "usage": "main", "maxspeed_mph": 40.0 }, "geometry": { "type": "LineString", "coordinates": [ [ -95.72982, 30.2999599 ], [ -95.7286285, 30.2987556 ], [ -95.7268758, 30.2970072 ], [ -95.7246039, 30.2946979 ], [ -95.7233163, 30.2933842 ], [ -95.7230006, 30.2930717 ], [ -95.7178421, 30.2878971 ], [ -95.7176917, 30.2877438 ], [ -95.7156523, 30.2856647 ], [ -95.7151884, 30.2851702 ], [ -95.7147194, 30.28464 ], [ -95.714388, 30.284171 ], [ -95.7141026, 30.2837199 ], [ -95.7139318, 30.2833758 ], [ -95.7136896, 30.2827947 ], [ -95.7133201, 30.2817751 ], [ -95.7123833, 30.279035 ], [ -95.7118149, 30.2773171 ], [ -95.7106501, 30.2739245 ], [ -95.7097223, 30.2712024 ], [ -95.708617, 30.267893 ], [ -95.7062709, 30.2610329 ], [ -95.7057864, 30.2596146 ], [ -95.7056536, 30.2592274 ], [ -95.7054077, 30.25865 ], [ -95.7050835, 30.2580538 ], [ -95.7044186, 30.2568835 ], [ -95.7023879, 30.2532815 ], [ -95.7011392, 30.2510713 ], [ -95.7005907, 30.2501181 ], [ -95.6994109, 30.2480485 ], [ -95.6965805, 30.2430094 ], [ -95.6961164, 30.2421917 ], [ -95.6958293, 30.2416642 ], [ -95.6957262, 30.2414581 ], [ -95.6956754, 30.2413564 ], [ -95.695528, 30.2409717 ], [ -95.6953997, 30.2406063 ], [ -95.6952619, 30.2401606 ], [ -95.691282, 30.2270947 ], [ -95.6884034, 30.217643 ], [ -95.6882667, 30.2172527 ], [ -95.688125, 30.2168777 ], [ -95.6879526, 30.2164825 ], [ -95.6876897, 30.216008 ], [ -95.6864874, 30.2140702 ], [ -95.6860496, 30.2133632 ], [ -95.6844455, 30.210773 ], [ -95.6799868, 30.203625 ], [ -95.677624, 30.199828 ], [ -95.6772345, 30.1992275 ], [ -95.6768562, 30.1986597 ], [ -95.6764368, 30.1981507 ], [ -95.6760333, 30.1977812 ], [ -95.6756389, 30.197482 ], [ -95.6751379, 30.1971873 ], [ -95.6745146, 30.1968972 ], [ -95.6687023, 30.194517 ], [ -95.6640258, 30.1926128 ], [ -95.6622055, 30.1918578 ], [ -95.6614095, 30.1915277 ], [ -95.6603939, 30.191077 ], [ -95.6598, 30.1907234 ], [ -95.6588049, 30.1900546 ], [ -95.6581225, 30.1894698 ], [ -95.657538, 30.188821 ], [ -95.657027, 30.188116 ], [ -95.6566038, 30.1873196 ], [ -95.6563197, 30.1867489 ], [ -95.6556271, 30.1852381 ] ] } },
{ "type": "Feature", "properties": { "id": "way/346304700", "@id": "way/346304700", "access": null, "addr:city": null, "addr:state": null, "bridge": "yes", "bridge:movable": null, "covered": null, "crossing:barrier": null, "electrified": "no", "embankment": null, "fixme": null, "gauge": "1435", "highspeed": null, "layer": "1", "length": null, "maxspeed": "60 mph", "name": "UP Palestine Subdivision", "name_1": null, "note": null, "note:old_railway_operator": null, "old_railway_operator": "MP", "operator": "Union Pacific Railroad", "operator:wikidata": "Q725793", "owner": null, "railway": "rail", "railway:atc": null, "railway:freight": null, "railway:ptc": "yes", "railway:ref": null, "railway:track_class": "4", "railway:track_ref": null, "ref": null, "reporting_marks": null, "service": "none", "source": "Texas Department of Transportation", "spur": null, "start_date": null, "tiger:cfcc": "B11:B13", "tiger:county": "Harris, TX:Montgomery, TX:Trinity, TX:Walker, TX", "tiger:name_base": "Union Pacific Railroad", "tiger:name_base_1": null, "tiger:name_base_2": null, "tiger:reviewed": null, "tiger:zip_left": null, "tiger:zip_right": null, "tracks": null, "tunnel": null, "usage": "main", "maxspeed_mph": 60.0 }, "geometry": { "type": "LineString", "coordinates": [ [ -95.4560273, 30.2381615 ], [ -95.4560861, 30.2390053 ] ] } },
{ "type": "Feature", "properties": { "id": "way/346304703", "@id": "way/346304703", "access": null, "addr:city": null, "addr:state": null, "bridge": null, "bridge:movable": null, "covered": null, "crossing:barrier": null, "electrified": "no", "embankment": null, "fixme": null, "gauge": "1435", "highspeed": null, "layer": null, "length": null, "maxspeed": "60 mph", "name": "UP Palestine Subdivision", "name_1": null, "note": null, "note:old_railway_operator": null, "old_railway_operator": "MP", "operator": "Union Pacific Railroad", "operator:wikidata": "Q725793", "owner": null, "railway": "rail", "railway:atc": null, "railway:freight": null, "railway:ptc": "yes", "railway:ref": null, "railway:track_class": "4", "railway:track_ref": null, "ref": null, "reporting_marks": null, "service": "none", "source": "Texas Department of Transportation", "spur": null, "start_date": null, "tiger:cfcc": "B11:B13", "tiger:county": "Harris, TX:Montgomery, TX:Trinity, TX:Walker, TX", "tiger:name_base": "Union Pacific Railroad", "tiger:name_base_1": null, "tiger:name_base_2": null, "tiger:reviewed": null, "tiger:zip_left": null, "tiger:zip_right": null, "tracks": null, "tunnel": null, "usage": "main", "maxspeed_mph": 60.0 }, "geometry": { "type": "LineString", "coordinates": [ [ -95.4560861, 30.2390053 ], [ -95.4561218, 30.2396765 ] ] } },
{ "type": "Feature", "properties": { "id": "way/346304707", "@id": "way/346304707", "access": null, "addr:city": null, "addr:state": null, "bridge": null, "bridge:movable": null, "covered": null, "crossing:barrier": null, "electrified": "no", "embankment": null, "fixme": null, "gauge": "1435", "highspeed": null, "layer": null, "length": null, "maxspeed": "60 mph", "name": "UP Palestine Subdivision", "name_1": null, "note": null, "note:old_railway_operator": null, "old_railway_operator": "MP", "operator": "Union Pacific Railroad", "operator:wikidata": "Q725793", "owner": null, "railway": "rail", "railway:atc": null, "railway:freight": null, "railway:ptc": "yes", "railway:ref": null, "railway:track_class": "4", "railway:track_ref": null, "ref": null, "reporting_marks": null, "service": "none", "source": "Texas Department of Transportation", "spur": null, "start_date": null, "tiger:cfcc": "B11:B13", "tiger:county": "Harris, TX:Montgomery, TX:Trinity, TX:Walker, TX", "tiger:name_base": "Union Pacific Railroad", "tiger:name_base_1": null, "tiger:name_base_2": null, "tiger:reviewed": null, "tiger:zip_left": null, "tiger:zip_right": null, "tracks": null, "tunnel": null, "usage": "main", "maxspeed_mph": 60.0 }, "geometry": { "type": "LineString", "coordinates": [ [ -95.456159, 30.2405224 ], [ -95.456185, 30.2413913 ], [ -95.4561881, 30.2421509 ], [ -95.4561912, 30.2425604 ] ] } },
{ "type": "Feature", "properties": { "id": "way/346304708", "@id": "way/346304708", "access": null, "addr:city": null, "addr:state": null, "bridge": "yes", "bridge:movable": null, "covered": null, "crossing:barrier": null, "electrified": "no", "embankment": null, "fixme": null, "gauge": "1435", "highspeed": null, "layer": "1", "length": null, "maxspeed": "60 mph", "name": "UP Palestine Subdivision", "name_1": null, "note": null, "note:old_railway_operator": null, "old_railway_operator": "MP", "operator": "Union Pacific Railroad", "operator:wikidata": "Q725793", "owner": null, "railway": "rail", "railway:atc": null, "railway:freight": null, "railway:ptc": "yes", "railway:ref": null, "railway:track_class": "4", "railway:track_ref": null, "ref": null, "reporting_marks": null, "service": "none", "source": "Texas Department of Transportation", "spur": null, "start_date": null, "tiger:cfcc": "B11:B13", "tiger:county": "Harris, TX:Montgomery, TX:Trinity, TX:Walker, TX", "tiger:name_base": "Union Pacific Railroad", "tiger:name_base_1": null, "tiger:name_base_2": null, "tiger:reviewed": null, "tiger:zip_left": null, "tiger:zip_right": null, "tracks": null, "tunnel": null, "usage": "main", "maxspeed_mph": 60.0 }, "geometry": { "type": "LineString", "coordinates": [ [ -95.4561218, 30.2396765 ], [ -95.456159, 30.2405224 ] ] } },
{ "type": "Feature", "properties": { "id": "way/346403326", "@id": "way/346403326", "access": null, "addr:city": null, "addr:state": null, "bridge": null, "bridge:movable": null, "covered": null, "crossing:barrier": null, "electrified": "no", "embankment": null, "fixme": null, "gauge": "1435", "highspeed": null, "layer": null, "length": null, "maxspeed": "60 mph", "name": "UP Palestine Subdivision", "name_1": null, "note": null, "note:old_railway_operator": null, "old_railway_operator": "MP", "operator": "Union Pacific Railroad", "operator:wikidata": "Q725793", "owner": null, "railway": "rail", "railway:atc": null, "railway:freight": null, "railway:ptc": "yes", "railway:ref": null, "railway:track_class": "4", "railway:track_ref": null, "ref": null, "reporting_marks": null, "service": "none", "source": "Texas Department of Transportation", "spur": null, "start_date": null, "tiger:cfcc": null, "tiger:county": null, "tiger:name_base": null, "tiger:name_base_1": null, "tiger:name_base_2": null, "tiger:reviewed": null, "tiger:zip_left": null, "tiger:zip_right": null, "tracks": null, "tunnel": null, "usage": "main", "maxspeed_mph": 60.0 }, "geometry": { "type": "LineString", "coordinates": [ [ -95.3543718, 29.828916 ], [ -95.3558334, 29.834685 ], [ -95.3571151, 29.8397705 ], [ -95.3587512, 29.8463412 ], [ -95.3616427, 29.8579371 ], [ -95.3644054, 29.8690134 ], [ -95.36607, 29.8757095 ], [ -95.3661624, 29.8760701 ], [ -95.3666711, 29.8780672 ], [ -95.3677472, 29.8823889 ], [ -95.3690483, 29.8876339 ], [ -95.3702463, 29.8923984 ] ] } },
{ "type": "Feature", "properties": { "id": "way/346679555", "@id": "way/346679555", "access": null, "addr:city": null, "addr:state": null, "bridge": null, "bridge:movable": null, "covered": null, "crossing:barrier": null, "electrified": "no", "embankment": null, "fixme": null, "gauge": "1435", "highspeed": null, "layer": null, "length": null, "maxspeed": "60 mph", "name": "UP Palestine Subdivision", "name_1": null, "note": null, "note:old_railway_operator": null, "old_railway_operator": "MP", "operator": "Union Pacific Railroad", "operator:wikidata": "Q725793", "owner": null, "railway": "rail", "railway:atc": null, "railway:freight": null, "railway:ptc": "yes", "railway:ref": null, "railway:track_class": "4", "railway:track_ref": null, "ref": null, "reporting_marks": null, "service": "none", "source": "Texas Department of Transportation", "spur": null, "start_date": null, "tiger:cfcc": "B11:B13", "tiger:county": "Harris, TX:Montgomery, TX:Trinity, TX:Walker, TX", "tiger:name_base": "Union Pacific Railroad", "tiger:name_base_1": null, "tiger:name_base_2": null, "tiger:reviewed": null, "tiger:zip_left": null, "tiger:zip_right": null, "tracks": null, "tunnel": null, "usage": "main", "maxspeed_mph": 60.0 }, "geometry": { "type": "LineString", "coordinates": [ [ -95.4561662, 30.2454894 ], [ -95.4561568, 30.2492654 ] ] } },
{ "type": "Feature", "properties": { "id": "way/346679556", "@id": "way/346679556", "access": null, "addr:city": null, "addr:state": null, "bridge": "yes", "bridge:movable": null, "covered": null, "crossing:barrier": null, "electrified": "no", "embankment": null, "fixme": null, "gauge": "1435", "highspeed": null, "layer": null, "length": null, "maxspeed": "60 mph", "name": "UP Palestine Subdivision", "name_1": null, "note": null, "note:old_railway_operator": null, "old_railway_operator": "MP", "operator": "Union Pacific Railroad", "operator:wikidata": "Q725793", "owner": null, "railway": "rail", "railway:atc": null, "railway:freight": null, "railway:ptc": "yes", "railway:ref": null, "railway:track_class": "4", "railway:track_ref": null, "ref": null, "reporting_marks": null, "service": "none", "source": "Texas Department of Transportation", "spur": null, "start_date": null, "tiger:cfcc": "B11:B13", "tiger:county": "Harris, TX:Montgomery, TX:Trinity, TX:Walker, TX", "tiger:name_base": "Union Pacific Railroad", "tiger:name_base_1": null, "tiger:name_base_2": null, "tiger:reviewed": null, "tiger:zip_left": null, "tiger:zip_right": null, "tracks": null, "tunnel": null, "usage": "main", "maxspeed_mph": 60.0 }, "geometry": { "type": "LineString", "coordinates": [ [ -95.4561568, 30.2492654 ], [ -95.4561381, 30.2510878 ] ] } },
{ "type": "Feature", "properties": { "id": "way/346679557", "@id": "way/346679557", "access": null, "addr:city": null, "addr:state": null, "bridge": "yes", "bridge:movable": null, "covered": null, "crossing:barrier": null, "electrified": "no", "embankment": null, "fixme": null, "gauge": "1435", "highspeed": null, "layer": null, "length": null, "maxspeed": "60 mph", "name": "UP Palestine Subdivision", "name_1": null, "note": null, "note:old_railway_operator": null, "old_railway_operator": "MP", "operator": "Union Pacific Railroad", "operator:wikidata": "Q725793", "owner": null, "railway": "rail", "railway:atc": null, "railway:freight": null, "railway:ptc": "yes", "railway:ref": null, "railway:track_class": "4", "railway:track_ref": null, "ref": null, "reporting_marks": null, "service": "none", "source": "Texas Department of Transportation", "spur": null, "start_date": null, "tiger:cfcc": "B11:B13", "tiger:county": "Harris, TX:Montgomery, TX:Trinity, TX:Walker, TX", "tiger:name_base": "Union Pacific Railroad", "tiger:name_base_1": null, "tiger:name_base_2": null, "tiger:reviewed": null, "tiger:zip_left": null, "tiger:zip_right": null, "tracks": null, "tunnel": null, "usage": "main", "maxspeed_mph": 60.0 }, "geometry": { "type": "LineString", "coordinates": [ [ -95.4561912, 30.2425604 ], [ -95.4561734, 30.2445075 ] ] } },
{ "type": "Feature", "properties": { "id": "way/348131110", "@id": "way/348131110", "access": null, "addr:city": null, "addr:state": null, "bridge": "yes", "bridge:movable": null, "covered": null, "crossing:barrier": null, "electrified": "no", "embankment": null, "fixme": null, "gauge": "1435", "highspeed": null, "layer": null, "length": null, "maxspeed": "60 mph", "name": "UP Lufkin Subdivision", "name_1": null, "note": null, "note:old_railway_operator": "HE&WT", "old_railway_operator": "SP", "operator": "Union Pacific Railroad", "operator:wikidata": "Q725793", "owner": null, "railway": "rail", "railway:atc": "no", "railway:freight": null, "railway:ptc": "no", "railway:ref": null, "railway:track_class": "4", "railway:track_ref": null, "ref": null, "reporting_marks": null, "service": "none", "source": "Texas Department of Transportation", "spur": null, "start_date": null, "tiger:cfcc": "B11:B13:B21", "tiger:county": "Angelina, TX:Caddo, LA:De Soto, LA:Harris, TX:Liberty, TX:Montgomery, TX:Nacogdoches, TX:Polk, TX:San Jacinto, TX:Shelby, TX", "tiger:name_base": "Kansas City Southern Railway:Southern Pacific Railroad", "tiger:name_base_1": null, "tiger:name_base_2": null, "tiger:reviewed": null, "tiger:zip_left": null, "tiger:zip_right": null, "tracks": null, "tunnel": null, "usage": "main", "maxspeed_mph": 60.0 }, "geometry": { "type": "LineString", "coordinates": [ [ -95.2239542, 30.1181444 ], [ -95.2241433, 30.1175993 ] ] } },
{ "type": "Feature", "properties": { "id": "way/348131111", "@id": "way/348131111", "access": null, "addr:city": null, "addr:state": null, "bridge": null, "bridge:movable": null, "covered": null, "crossing:barrier": null, "electrified": "no", "embankment": null, "fixme": null, "gauge": "1435", "highspeed": null, "layer": null, "length": null, "maxspeed": "60 mph", "name": "UP Lufkin Subdivision", "name_1": null, "note": null, "note:old_railway_operator": "HE&WT", "old_railway_operator": "SP", "operator": "Union Pacific Railroad", "operator:wikidata": "Q725793", "owner": null, "railway": "rail", "railway:atc": "no", "railway:freight": null, "railway:ptc": "no", "railway:ref": null, "railway:track_class": "4", "railway:track_ref": null, "ref": null, "reporting_marks": null, "service": "none", "source": "Texas Department of Transportation", "spur": null, "start_date": null, "tiger:cfcc": "B11:B13:B21", "tiger:county": "Angelina, TX:Caddo, LA:De Soto, LA:Harris, TX:Liberty, TX:Montgomery, TX:Nacogdoches, TX:Polk, TX:San Jacinto, TX:Shelby, TX", "tiger:name_base": "Kansas City Southern Railway:Southern Pacific Railroad", "tiger:name_base_1": null, "tiger:name_base_2": null, "tiger:reviewed": null, "tiger:zip_left": null, "tiger:zip_right": null, "tracks": null, "tunnel": null, "usage": "main", "maxspeed_mph": 60.0 }, "geometry": { "type": "LineString", "coordinates": [ [ -95.2241433, 30.1175993 ], [ -95.2258602, 30.1126193 ], [ -95.2269291, 30.1095505 ], [ -95.2293271, 30.1026415 ], [ -95.2293796, 30.1024899 ], [ -95.2296164, 30.1018064 ], [ -95.2309575, 30.0979622 ], [ -95.232246, 30.0942384 ], [ -95.2328723, 30.0924427 ], [ -95.2342497, 30.0884532 ], [ -95.2350308, 30.0862042 ], [ -95.2360008, 30.083426 ], [ -95.237628, 30.0787242 ], [ -95.2386482, 30.0757929 ], [ -95.2386856, 30.0756855 ], [ -95.2393638, 30.0737367 ] ] } },
{ "type": "Feature", "properties": { "id": "way/350700872", "@id": "way/350700872", "access": null, "addr:city": null, "addr:state": null, "bridge": null, "bridge:movable": null, "covered": null, "crossing:barrier": null, "electrified": "no", "embankment": null, "fixme": null, "gauge": "1435", "highspeed": null, "layer": null, "length": null, "maxspeed": "79 mph", "name": "UP Houston Subdivision", "name_1": null, "note": null, "note:old_railway_operator": null, "old_railway_operator": "SP", "operator": "Union Pacific Railroad", "operator:wikidata": "Q725793", "owner": "Union Pacific Railroad", "railway": "rail", "railway:atc": null, "railway:freight": null, "railway:ptc": "yes", "railway:ref": null, "railway:track_class": "5", "railway:track_ref": null, "ref": null, "reporting_marks": "BNSF;UP", "service": "none", "source": "Texas Department of Transportation", "spur": null, "start_date": null, "tiger:cfcc": "B11", "tiger:county": "Harris, TX:Liberty, TX", "tiger:name_base": "Southern Pacific Railroad", "tiger:name_base_1": null, "tiger:name_base_2": null, "tiger:reviewed": null, "tiger:zip_left": null, "tiger:zip_right": null, "tracks": null, "tunnel": null, "usage": "main", "maxspeed_mph": 79.0 }, "geometry": { "type": "LineString", "coordinates": [ [ -94.8603126, 30.0618569 ], [ -94.856716, 30.0615987 ], [ -94.854434, 30.0614475 ], [ -94.853529, 30.0613744 ], [ -94.851685, 30.0612675 ], [ -94.8466291, 30.0608949 ], [ -94.846505, 30.0608934 ] ] } },
{ "type": "Feature", "properties": { "id": "way/350700873", "@id": "way/350700873", "access": null, "addr:city": null, "addr:state": null, "bridge": "yes", "bridge:movable": null, "covered": null, "crossing:barrier": null, "electrified": "no", "embankment": null, "fixme": null, "gauge": "1435", "highspeed": null, "layer": "1", "length": null, "maxspeed": "79 mph", "name": "UP Houston Subdivision", "name_1": null, "note": null, "note:old_railway_operator": null, "old_railway_operator": "SP", "operator": "Union Pacific Railroad", "operator:wikidata": "Q725793", "owner": "Union Pacific Railroad", "railway": "rail", "railway:atc": null, "railway:freight": null, "railway:ptc": "yes", "railway:ref": null, "railway:track_class": "5", "railway:track_ref": null, "ref": null, "reporting_marks": "BNSF;UP", "service": "none", "source": "Texas Department of Transportation", "spur": null, "start_date": null, "tiger:cfcc": "B11", "tiger:county": "Harris, TX:Liberty, TX", "tiger:name_base": "Southern Pacific Railroad", "tiger:name_base_1": null, "tiger:name_base_2": null, "tiger:reviewed": null, "tiger:zip_left": null, "tiger:zip_right": null, "tracks": null, "tunnel": null, "usage": "main", "maxspeed_mph": 79.0 }, "geometry": { "type": "LineString", "coordinates": [ [ -94.8636874, 30.0620864 ], [ -94.8627172, 30.0620134 ] ] } },
{ "type": "Feature", "properties": { "id": "way/350700874", "@id": "way/350700874", "access": null, "addr:city": null, "addr:state": null, "bridge": "yes", "bridge:movable": null, "covered": null, "crossing:barrier": null, "electrified": "no", "embankment": null, "fixme": null, "gauge": "1435", "highspeed": null, "layer": "1", "length": null, "maxspeed": "79 mph", "name": "UP Houston Subdivision", "name_1": null, "note": null, "note:old_railway_operator": null, "old_railway_operator": "SP", "operator": "Union Pacific Railroad", "operator:wikidata": "Q725793", "owner": "Union Pacific Railroad", "railway": "rail", "railway:atc": "no", "railway:freight": null, "railway:ptc": "no", "railway:ref": null, "railway:track_class": "5", "railway:track_ref": null, "ref": null, "reporting_marks": "BNSF;UP", "service": "none", "source": "Texas Department of Transportation", "spur": null, "start_date": null, "tiger:cfcc": "B11", "tiger:county": "Harris, TX:Liberty, TX", "tiger:name_base": "Southern Pacific Railroad", "tiger:name_base_1": null, "tiger:name_base_2": null, "tiger:reviewed": null, "tiger:zip_left": null, "tiger:zip_right": null, "tracks": null, "tunnel": null, "usage": "main", "maxspeed_mph": 79.0 }, "geometry": { "type": "LineString", "coordinates": [ [ -94.9861947, 29.972717 ], [ -94.985542, 29.9732195 ] ] } },
{ "type": "Feature", "properties": { "id": "way/350700875", "@id": "way/350700875", "access": null, "addr:city": null, "addr:state": null, "bridge": "yes", "bridge:movable": null, "covered": null, "crossing:barrier": null, "electrified": "no", "embankment": null, "fixme": null, "gauge": "1435", "highspeed": null, "layer": "1", "length": null, "maxspeed": "79 mph", "name": "UP Houston Subdivision", "name_1": null, "note": null, "note:old_railway_operator": null, "old_railway_operator": "SP", "operator": "Union Pacific Railroad", "operator:wikidata": "Q725793", "owner": "Union Pacific Railroad", "railway": "rail", "railway:atc": null, "railway:freight": null, "railway:ptc": "yes", "railway:ref": null, "railway:track_class": "5", "railway:track_ref": null, "ref": null, "reporting_marks": "BNSF;UP", "service": "none", "source": "Texas Department of Transportation", "spur": null, "start_date": null, "tiger:cfcc": "B11", "tiger:county": "Harris, TX:Liberty, TX", "tiger:name_base": "Southern Pacific Railroad", "tiger:name_base_1": null, "tiger:name_base_2": null, "tiger:reviewed": null, "tiger:zip_left": null, "tiger:zip_right": null, "tracks": null, "tunnel": null, "usage": "main", "maxspeed_mph": 79.0 }, "geometry": { "type": "LineString", "coordinates": [ [ -94.8620391, 30.0619691 ], [ -94.8603126, 30.0618569 ] ] } },
{ "type": "Feature", "properties": { "id": "way/350700876", "@id": "way/350700876", "access": null, "addr:city": null, "addr:state": null, "bridge": null, "bridge:movable": null, "covered": null, "crossing:barrier": null, "electrified": "no", "embankment": null, "fixme": null, "gauge": "1435", "highspeed": null, "layer": null, "length": null, "maxspeed": "79 mph", "name": "UP Houston Subdivision", "name_1": null, "note": null, "note:old_railway_operator": null, "old_railway_operator": "SP", "operator": "Union Pacific Railroad", "operator:wikidata": "Q725793", "owner": "Union Pacific Railroad", "railway": "rail", "railway:atc": null, "railway:freight": null, "railway:ptc": "yes", "railway:ref": null, "railway:track_class": "5", "railway:track_ref": null, "ref": null, "reporting_marks": "BNSF;UP", "service": "none", "source": "Texas Department of Transportation", "spur": null, "start_date": null, "tiger:cfcc": "B11", "tiger:county": "Harris, TX:Liberty, TX", "tiger:name_base": "Southern Pacific Railroad", "tiger:name_base_1": null, "tiger:name_base_2": null, "tiger:reviewed": null, "tiger:zip_left": null, "tiger:zip_right": null, "tracks": null, "tunnel": null, "usage": "main", "maxspeed_mph": 79.0 }, "geometry": { "type": "LineString", "coordinates": [ [ -94.8627172, 30.0620134 ], [ -94.8620391, 30.0619691 ] ] } },
{ "type": "Feature", "properties": { "id": "way/350700877", "@id": "way/350700877", "access": null, "addr:city": null, "addr:state": null, "bridge": "yes", "bridge:movable": null, "covered": null, "crossing:barrier": null, "electrified": "no", "embankment": null, "fixme": null, "gauge": "1435", "highspeed": null, "layer": "1", "length": null, "maxspeed": "79 mph", "name": "UP Houston Subdivision", "name_1": null, "note": null, "note:old_railway_operator": "T&NO", "old_railway_operator": "SP", "operator": "Union Pacific Railroad", "operator:wikidata": "Q725793", "owner": "Union Pacific Railroad", "railway": "rail", "railway:atc": "no", "railway:freight": null, "railway:ptc": "no", "railway:ref": null, "railway:track_class": "5", "railway:track_ref": null, "ref": null, "reporting_marks": "BNSF;UP", "service": "none", "source": "Texas Department of Transportation", "spur": null, "start_date": null, "tiger:cfcc": "B11", "tiger:county": "Harris, TX", "tiger:name_base": "Southern Pacific Railroad", "tiger:name_base_1": "Amtrak Railroad", "tiger:name_base_2": null, "tiger:reviewed": null, "tiger:zip_left": null, "tiger:zip_right": null, "tracks": null, "tunnel": null, "usage": "main", "maxspeed_mph": 79.0 }, "geometry": { "type": "LineString", "coordinates": [ [ -95.0896691, 29.8823985 ], [ -95.0899427, 29.8821808 ], [ -95.0902331, 29.8819574 ], [ -95.0904983, 29.8817815 ] ] } },
{ "type": "Feature", "properties": { "id": "way/350700878", "@id": "way/350700878", "access": null, "addr:city": null, "addr:state": null, "bridge": null, "bridge:movable": null, "covered": null, "crossing:barrier": null, "electrified": "no", "embankment": null, "fixme": null, "gauge": "1435", "highspeed": null, "layer": null, "length": null, "maxspeed": "79 mph", "name": "UP Houston Subdivision", "name_1": null, "note": null, "note:old_railway_operator": "T&NO", "old_railway_operator": "SP", "operator": "Union Pacific Railroad", "operator:wikidata": "Q725793", "owner": "Union Pacific Railroad", "railway": "rail", "railway:atc": "no", "railway:freight": null, "railway:ptc": "no", "railway:ref": null, "railway:track_class": "5", "railway:track_ref": null, "ref": null, "reporting_marks": "BNSF;UP", "service": "none", "source": "Texas Department of Transportation", "spur": null, "start_date": null, "tiger:cfcc": "B11", "tiger:county": "Harris, TX", "tiger:name_base": "Southern Pacific Railroad", "tiger:name_base_1": "Amtrak Railroad", "tiger:name_base_2": null, "tiger:reviewed": null, "tiger:zip_left": null, "tiger:zip_right": null, "tracks": null, "tunnel": null, "usage": "main", "maxspeed_mph": 79.0 }, "geometry": { "type": "LineString", "coordinates": [ [ -95.0904983, 29.8817815 ], [ -95.0906994, 29.8816475 ], [ -95.0909814, 29.8814855 ], [ -95.0914141, 29.8812678 ], [ -95.0919195, 29.8810528 ], [ -95.092355, 29.8809076 ], [ -95.0927664, 29.8807801 ] ] } },
{ "type": "Feature", "properties": { "id": "way/350700879", "@id": "way/350700879", "access": null, "addr:city": null, "addr:state": null, "bridge": null, "bridge:movable": null, "covered": null, "crossing:barrier": null, "electrified": "no", "embankment": null, "fixme": null, "gauge": "1435", "highspeed": null, "layer": null, "length": null, "maxspeed": "79 mph", "name": "UP Houston Subdivision", "name_1": null, "note": null, "note:old_railway_operator": null, "old_railway_operator": "SP", "operator": "Union Pacific Railroad", "operator:wikidata": "Q725793", "owner": "Union Pacific Railroad", "railway": "rail", "railway:atc": null, "railway:freight": null, "railway:ptc": "yes", "railway:ref": null, "railway:track_class": "5", "railway:track_ref": null, "ref": null, "reporting_marks": "BNSF;UP", "service": "none", "source": "Texas Department of Transportation", "spur": null, "start_date": null, "tiger:cfcc": "B11", "tiger:county": "Harris, TX:Liberty, TX", "tiger:name_base": "Southern Pacific Railroad", "tiger:name_base_1": null, "tiger:name_base_2": null, "tiger:reviewed": null, "tiger:zip_left": null, "tiger:zip_right": null, "tracks": null, "tunnel": null, "usage": "main", "maxspeed_mph": 79.0 }, "geometry": { "type": "LineString", "coordinates": [ [ -94.889658, 30.0465721 ], [ -94.8892145, 30.0469049 ], [ -94.8890121, 30.0470609 ], [ -94.8874288, 30.0482734 ], [ -94.8871419, 30.0484931 ], [ -94.8863282, 30.049119 ], [ -94.885538, 30.0497319 ], [ -94.8851781, 30.0500501 ], [ -94.8849199, 30.0502979 ], [ -94.8846643, 30.0505848 ], [ -94.884393, 30.0508952 ], [ -94.8840696, 30.0513307 ], [ -94.8839157, 30.0515759 ], [ -94.8838002, 30.0517552 ], [ -94.8837175, 30.0518836 ], [ -94.8835767, 30.0521835 ], [ -94.883428, 30.0524757 ], [ -94.8832794, 30.0528512 ], [ -94.8831568, 30.0531642 ], [ -94.8830394, 30.0534772 ], [ -94.8829534, 30.0538136 ], [ -94.882823, 30.0542518 ], [ -94.8826352, 30.0548803 ], [ -94.8824291, 30.0555323 ], [ -94.8822883, 30.0559496 ], [ -94.8820275, 30.056526 ], [ -94.8817641, 30.0570294 ], [ -94.8814459, 30.0575119 ], [ -94.8811251, 30.0579239 ], [ -94.8808252, 30.0582708 ], [ -94.8804131, 30.0586829 ], [ -94.8800219, 30.0590663 ], [ -94.8790777, 30.0599478 ], [ -94.8786552, 30.060326 ], [ -94.8782373, 30.0606416 ], [ -94.8778493, 30.0609441 ], [ -94.8773251, 30.0612962 ], [ -94.8768296, 30.0615674 ], [ -94.8762715, 30.0618178 ], [ -94.8757446, 30.0620265 ], [ -94.875163, 30.0622325 ], [ -94.8745945, 30.0623759 ], [ -94.8742215, 30.0624594 ], [ -94.8738459, 30.0625246 ], [ -94.8735304, 30.0625742 ], [ -94.8730609, 30.0626237 ], [ -94.8726384, 30.0626498 ], [ -94.8721872, 30.0626524 ], [ -94.8714569, 30.0626263 ], [ -94.8707449, 30.0625898 ], [ -94.8636874, 30.0620864 ] ] } },
{ "type": "Feature", "properties": { "id": "way/350700888", "@id": "way/350700888", "access": null, "addr:city": null, "addr:state": null, "bridge": null, "bridge:movable": null, "covered": null, "crossing:barrier": null, "electrified": "no", "embankment": null, "fixme": null, "gauge": "1435", "highspeed": null, "layer": null, "length": null, "maxspeed": "79 mph", "name": "UP Houston Subdivision", "name_1": null, "note": null, "note:old_railway_operator": null, "old_railway_operator": "SP", "operator": "Union Pacific Railroad", "operator:wikidata": "Q725793", "owner": "Union Pacific Railroad", "railway": "rail", "railway:atc": "no", "railway:freight": null, "railway:ptc": "no", "railway:ref": null, "railway:track_class": "5", "railway:track_ref": null, "ref": null, "reporting_marks": "BNSF;UP", "service": "none", "source": "Texas Department of Transportation", "spur": null, "start_date": null, "tiger:cfcc": "B11", "tiger:county": "Harris, TX:Liberty, TX", "tiger:name_base": "Southern Pacific Railroad", "tiger:name_base_1": null, "tiger:name_base_2": null, "tiger:reviewed": null, "tiger:zip_left": null, "tiger:zip_right": null, "tracks": null, "tunnel": null, "usage": "main", "maxspeed_mph": 79.0 }, "geometry": { "type": "LineString", "coordinates": [ [ -94.889658, 30.0465721 ], [ -94.8913438, 30.0452848 ], [ -94.893438, 30.0436782 ], [ -94.8962, 30.0415735 ], [ -94.8977823, 30.0403628 ], [ -94.8986203, 30.0397217 ], [ -94.8999844, 30.0386824 ], [ -94.900965, 30.0379352 ], [ -94.9043059, 30.0353766 ], [ -94.908012, 30.0325521 ], [ -94.9121354, 30.0293911 ], [ -94.916723, 30.0258858 ], [ -94.9199109, 30.0234509 ], [ -94.9200796, 30.0233221 ], [ -94.9206308, 30.0228948 ], [ -94.9213201, 30.0223369 ] ] } },
{ "type": "Feature", "properties": { "id": "way/375546019", "@id": "way/375546019", "access": null, "addr:city": null, "addr:state": null, "bridge": null, "bridge:movable": null, "covered": null, "crossing:barrier": null, "electrified": "no", "embankment": null, "fixme": null, "gauge": "1435", "highspeed": null, "layer": null, "length": null, "maxspeed": "60 mph", "name": "UP Palestine Subdivision", "name_1": null, "note": null, "note:old_railway_operator": null, "old_railway_operator": "MP", "operator": "Union Pacific Railroad", "operator:wikidata": "Q725793", "owner": null, "railway": "rail", "railway:atc": null, "railway:freight": null, "railway:ptc": "yes", "railway:ref": null, "railway:track_class": "4", "railway:track_ref": null, "ref": null, "reporting_marks": null, "service": "none", "source": "Texas Department of Transportation", "spur": null, "start_date": null, "tiger:cfcc": null, "tiger:county": null, "tiger:name_base": null, "tiger:name_base_1": null, "tiger:name_base_2": null, "tiger:reviewed": null, "tiger:zip_left": null, "tiger:zip_right": null, "tracks": null, "tunnel": null, "usage": "main", "maxspeed_mph": 60.0 }, "geometry": { "type": "LineString", "coordinates": [ [ -95.3703477, 29.8927895 ], [ -95.3704302, 29.8931298 ], [ -95.3716044, 29.897792 ], [ -95.3727988, 29.9026013 ], [ -95.3737249, 29.9062883 ], [ -95.3752684, 29.9126728 ], [ -95.3762634, 29.916622 ] ] } },
{ "type": "Feature", "properties": { "id": "way/375546022", "@id": "way/375546022", "access": null, "addr:city": null, "addr:state": null, "bridge": "yes", "bridge:movable": null, "covered": null, "crossing:barrier": null, "electrified": "no", "embankment": null, "fixme": null, "gauge": "1435", "highspeed": null, "layer": "1", "length": null, "maxspeed": "60 mph", "name": "UP Palestine Subdivision", "name_1": null, "note": null, "note:old_railway_operator": null, "old_railway_operator": "MP", "operator": "Union Pacific Railroad", "operator:wikidata": "Q725793", "owner": null, "railway": "rail", "railway:atc": null, "railway:freight": null, "railway:ptc": "yes", "railway:ref": null, "railway:track_class": "4", "railway:track_ref": null, "ref": null, "reporting_marks": null, "service": "none", "source": "Texas Department of Transportation", "spur": null, "start_date": null, "tiger:cfcc": null, "tiger:county": null, "tiger:name_base": null, "tiger:name_base_1": null, "tiger:name_base_2": null, "tiger:reviewed": null, "tiger:zip_left": null, "tiger:zip_right": null, "tracks": null, "tunnel": null, "usage": "main", "maxspeed_mph": 60.0 }, "geometry": { "type": "LineString", "coordinates": [ [ -95.3702463, 29.8923984 ], [ -95.3703477, 29.8927895 ] ] } },
{ "type": "Feature", "properties": { "id": "way/375546023", "@id": "way/375546023", "access": null, "addr:city": null, "addr:state": null, "bridge": "yes", "bridge:movable": null, "covered": null, "crossing:barrier": null, "electrified": "no", "embankment": null, "fixme": null, "gauge": "1435", "highspeed": null, "layer": "1", "length": null, "maxspeed": "60 mph", "name": "UP Palestine Subdivision", "name_1": null, "note": null, "note:old_railway_operator": null, "old_railway_operator": "MP", "operator": "Union Pacific Railroad", "operator:wikidata": "Q725793", "owner": null, "railway": "rail", "railway:atc": null, "railway:freight": null, "railway:ptc": "yes", "railway:ref": null, "railway:track_class": "4", "railway:track_ref": null, "ref": null, "reporting_marks": null, "service": "none", "source": "Texas Department of Transportation", "spur": null, "start_date": null, "tiger:cfcc": null, "tiger:county": null, "tiger:name_base": null, "tiger:name_base_1": null, "tiger:name_base_2": null, "tiger:reviewed": null, "tiger:zip_left": null, "tiger:zip_right": null, "tracks": null, "tunnel": null, "usage": "main", "maxspeed_mph": 60.0 }, "geometry": { "type": "LineString", "coordinates": [ [ -95.3703029, 29.8923951 ], [ -95.3704017, 29.8927772 ] ] } },
{ "type": "Feature", "properties": { "id": "way/375546024", "@id": "way/375546024", "access": null, "addr:city": null, "addr:state": null, "bridge": null, "bridge:movable": null, "covered": null, "crossing:barrier": null, "electrified": "no", "embankment": null, "fixme": null, "gauge": "1435", "highspeed": null, "layer": null, "length": null, "maxspeed": "60 mph", "name": "UP Palestine Subdivision", "name_1": null, "note": null, "note:old_railway_operator": null, "old_railway_operator": "MP", "operator": "Union Pacific Railroad", "operator:wikidata": "Q725793", "owner": null, "railway": "rail", "railway:atc": null, "railway:freight": null, "railway:ptc": "yes", "railway:ref": null, "railway:track_class": "4", "railway:track_ref": null, "ref": null, "reporting_marks": null, "service": "none", "source": "Texas Department of Transportation", "spur": null, "start_date": null, "tiger:cfcc": null, "tiger:county": null, "tiger:name_base": null, "tiger:name_base_1": null, "tiger:name_base_2": null, "tiger:reviewed": null, "tiger:zip_left": null, "tiger:zip_right": null, "tracks": null, "tunnel": null, "usage": "main", "maxspeed_mph": 60.0 }, "geometry": { "type": "LineString", "coordinates": [ [ -95.3704017, 29.8927772 ], [ -95.3710879, 29.8955505 ], [ -95.3715183, 29.8972559 ], [ -95.3725445, 29.9013584 ], [ -95.3729443, 29.9029537 ], [ -95.3737746, 29.906283 ], [ -95.3745845, 29.9095245 ], [ -95.3749639, 29.9112341 ], [ -95.3757901, 29.9145266 ], [ -95.3760227, 29.915461 ], [ -95.3763224, 29.9166159 ] ] } },
{ "type": "Feature", "properties": { "id": "way/375546370", "@id": "way/375546370", "access": null, "addr:city": null, "addr:state": null, "bridge": "yes", "bridge:movable": null, "covered": null, "crossing:barrier": null, "electrified": "no", "embankment": null, "fixme": null, "gauge": "1435", "highspeed": null, "layer": "1", "length": null, "maxspeed": "60 mph", "name": "UP Palestine Subdivision", "name_1": null, "note": null, "note:old_railway_operator": null, "old_railway_operator": "MP", "operator": "Union Pacific Railroad", "operator:wikidata": "Q725793", "owner": null, "railway": "rail", "railway:atc": null, "railway:freight": null, "railway:ptc": "yes", "railway:ref": null, "railway:track_class": "4", "railway:track_ref": null, "ref": null, "reporting_marks": null, "service": "none", "source": "Texas Department of Transportation", "spur": null, "start_date": null, "tiger:cfcc": null, "tiger:county": null, "tiger:name_base": null, "tiger:name_base_1": null, "tiger:name_base_2": null, "tiger:reviewed": null, "tiger:zip_left": null, "tiger:zip_right": null, "tracks": null, "tunnel": null, "usage": "main", "maxspeed_mph": 60.0 }, "geometry": { "type": "LineString", "coordinates": [ [ -95.3818783, 29.9390029 ], [ -95.3819168, 29.9391563 ] ] } },
{ "type": "Feature", "properties": { "id": "way/375546371", "@id": "way/375546371", "access": null, "addr:city": null, "addr:state": null, "bridge": "yes", "bridge:movable": null, "covered": null, "crossing:barrier": null, "electrified": "no", "embankment": null, "fixme": null, "gauge": "1435", "highspeed": null, "layer": "1", "length": null, "maxspeed": "60 mph", "name": "UP Palestine Subdivision", "name_1": null, "note": null, "note:old_railway_operator": null, "old_railway_operator": "MP", "operator": "Union Pacific Railroad", "operator:wikidata": "Q725793", "owner": null, "railway": "rail", "railway:atc": null, "railway:freight": null, "railway:ptc": "yes", "railway:ref": null, "railway:track_class": "4", "railway:track_ref": null, "ref": null, "reporting_marks": null, "service": "none", "source": "Texas Department of Transportation", "spur": null, "start_date": null, "tiger:cfcc": null, "tiger:county": null, "tiger:name_base": null, "tiger:name_base_1": null, "tiger:name_base_2": null, "tiger:reviewed": null, "tiger:zip_left": null, "tiger:zip_right": null, "tracks": null, "tunnel": null, "usage": "main", "maxspeed_mph": 60.0 }, "geometry": { "type": "LineString", "coordinates": [ [ -95.3819275, 29.9390052 ], [ -95.3819643, 29.9391552 ] ] } },
{ "type": "Feature", "properties": { "id": "way/375546372", "@id": "way/375546372", "access": null, "addr:city": null, "addr:state": null, "bridge": null, "bridge:movable": null, "covered": null, "crossing:barrier": null, "electrified": "no", "embankment": null, "fixme": null, "gauge": "1435", "highspeed": null, "layer": "1", "length": null, "maxspeed": "60 mph", "name": "UP Palestine Subdivision", "name_1": null, "note": null, "note:old_railway_operator": null, "old_railway_operator": "MP", "operator": "Union Pacific Railroad", "operator:wikidata": "Q725793", "owner": null, "railway": "rail", "railway:atc": null, "railway:freight": null, "railway:ptc": "yes", "railway:ref": null, "railway:track_class": "4", "railway:track_ref": null, "ref": null, "reporting_marks": null, "service": "none", "source": "Texas Department of Transportation", "spur": null, "start_date": null, "tiger:cfcc": null, "tiger:county": null, "tiger:name_base": null, "tiger:name_base_1": null, "tiger:name_base_2": null, "tiger:reviewed": null, "tiger:zip_left": null, "tiger:zip_right": null, "tracks": null, "tunnel": null, "usage": "main", "maxspeed_mph": 60.0 }, "geometry": { "type": "LineString", "coordinates": [ [ -95.3818143, 29.9385436 ], [ -95.3819275, 29.9390052 ] ] } },
{ "type": "Feature", "properties": { "id": "way/375546373", "@id": "way/375546373", "access": null, "addr:city": null, "addr:state": null, "bridge": "yes", "bridge:movable": null, "covered": null, "crossing:barrier": null, "electrified": "no", "embankment": null, "fixme": null, "gauge": "1435", "highspeed": null, "layer": "1", "length": null, "maxspeed": "60 mph", "name": "UP Palestine Subdivision", "name_1": null, "note": null, "note:old_railway_operator": null, "old_railway_operator": "MP", "operator": "Union Pacific Railroad", "operator:wikidata": "Q725793", "owner": null, "railway": "rail", "railway:atc": null, "railway:freight": null, "railway:ptc": "yes", "railway:ref": null, "railway:track_class": "4", "railway:track_ref": null, "ref": null, "reporting_marks": null, "service": "none", "source": "Texas Department of Transportation", "spur": null, "start_date": null, "tiger:cfcc": null, "tiger:county": null, "tiger:name_base": null, "tiger:name_base_1": null, "tiger:name_base_2": null, "tiger:reviewed": null, "tiger:zip_left": null, "tiger:zip_right": null, "tracks": null, "tunnel": null, "usage": "main", "maxspeed_mph": 60.0 }, "geometry": { "type": "LineString", "coordinates": [ [ -95.3817253, 29.9383927 ], [ -95.3817622, 29.9385398 ] ] } },
{ "type": "Feature", "properties": { "id": "way/375546374", "@id": "way/375546374", "access": null, "addr:city": null, "addr:state": null, "bridge": null, "bridge:movable": null, "covered": null, "crossing:barrier": null, "electrified": "no", "embankment": null, "fixme": null, "gauge": "1435", "highspeed": null, "layer": null, "length": null, "maxspeed": "60 mph", "name": "UP Palestine Subdivision", "name_1": null, "note": null, "note:old_railway_operator": null, "old_railway_operator": "MP", "operator": "Union Pacific Railroad", "operator:wikidata": "Q725793", "owner": null, "railway": "rail", "railway:atc": null, "railway:freight": null, "railway:ptc": "yes", "railway:ref": null, "railway:track_class": "4", "railway:track_ref": null, "ref": null, "reporting_marks": null, "service": "none", "source": "Texas Department of Transportation", "spur": null, "start_date": null, "tiger:cfcc": null, "tiger:county": null, "tiger:name_base": null, "tiger:name_base_1": null, "tiger:name_base_2": null, "tiger:reviewed": null, "tiger:zip_left": null, "tiger:zip_right": null, "tracks": null, "tunnel": null, "usage": "main", "maxspeed_mph": 60.0 }, "geometry": { "type": "LineString", "coordinates": [ [ -95.3817622, 29.9385398 ], [ -95.3818783, 29.9390029 ] ] } },
{ "type": "Feature", "properties": { "id": "way/375546375", "@id": "way/375546375", "access": null, "addr:city": null, "addr:state": null, "bridge": null, "bridge:movable": null, "covered": null, "crossing:barrier": null, "electrified": "no", "embankment": null, "fixme": null, "gauge": "1435", "highspeed": null, "layer": null, "length": null, "maxspeed": "60 mph", "name": "UP Palestine Subdivision", "name_1": null, "note": null, "note:old_railway_operator": null, "old_railway_operator": "MP", "operator": "Union Pacific Railroad", "operator:wikidata": "Q725793", "owner": null, "railway": "rail", "railway:atc": null, "railway:freight": null, "railway:ptc": "yes", "railway:ref": null, "railway:track_class": "4", "railway:track_ref": null, "ref": null, "reporting_marks": null, "service": "none", "source": "Texas Department of Transportation", "spur": null, "start_date": null, "tiger:cfcc": null, "tiger:county": null, "tiger:name_base": null, "tiger:name_base_1": null, "tiger:name_base_2": null, "tiger:reviewed": null, "tiger:zip_left": null, "tiger:zip_right": null, "tracks": null, "tunnel": null, "usage": "main", "maxspeed_mph": 60.0 }, "geometry": { "type": "LineString", "coordinates": [ [ -95.3819168, 29.9391563 ], [ -95.3828162, 29.9427077 ], [ -95.3844274, 29.9491223 ] ] } },
{ "type": "Feature", "properties": { "id": "way/396627317", "@id": "way/396627317", "access": null, "addr:city": null, "addr:state": null, "bridge": null, "bridge:movable": null, "covered": null, "crossing:barrier": null, "electrified": "no", "embankment": null, "fixme": null, "gauge": "1435", "highspeed": null, "layer": null, "length": null, "maxspeed": "20 mph", "name": "UP Houston West Belt Subdivision", "name_1": null, "note": null, "note:old_railway_operator": null, "old_railway_operator": "MP", "operator": "Union Pacific Railroad", "operator:wikidata": "Q725793", "owner": null, "railway": "rail", "railway:atc": null, "railway:freight": null, "railway:ptc": "yes", "railway:ref": null, "railway:track_class": "2", "railway:track_ref": null, "ref": null, "reporting_marks": null, "service": "none", "source": "Texas Department of Transportation", "spur": null, "start_date": null, "tiger:cfcc": null, "tiger:county": null, "tiger:name_base": null, "tiger:name_base_1": null, "tiger:name_base_2": null, "tiger:reviewed": null, "tiger:zip_left": null, "tiger:zip_right": null, "tracks": null, "tunnel": null, "usage": "main", "maxspeed_mph": 20.0 }, "geometry": { "type": "LineString", "coordinates": [ [ -95.3486526, 29.7784212 ], [ -95.3486543, 29.778463 ], [ -95.3486607, 29.7789798 ], [ -95.3486795, 29.7804476 ], [ -95.3486901, 29.7811297 ], [ -95.3487003, 29.7817792 ], [ -95.3487057, 29.7822832 ], [ -95.348717, 29.783421 ], [ -95.3487405, 29.7848939 ], [ -95.3487512, 29.7864827 ], [ -95.3487325, 29.786762 ], [ -95.348703, 29.787053 ], [ -95.3486252, 29.7873766 ], [ -95.3485514, 29.787607 ], [ -95.3484964, 29.7877851 ], [ -95.3484254, 29.7879638 ], [ -95.3480485, 29.7889036 ], [ -95.3468303, 29.7919102 ], [ -95.346384, 29.7930553 ], [ -95.3462692, 29.7933639 ], [ -95.3461211, 29.7938585 ], [ -95.3460902, 29.7940215 ], [ -95.3460703, 29.7941499 ], [ -95.3460593, 29.7943838 ], [ -95.3460573, 29.7946335 ], [ -95.346088, 29.7948726 ], [ -95.3462117, 29.7958771 ], [ -95.3462736, 29.796226 ], [ -95.3464149, 29.7968759 ], [ -95.3472272, 29.8001212 ], [ -95.3473908, 29.8008566 ], [ -95.3475725, 29.8017166 ], [ -95.3478226, 29.8027154 ], [ -95.3479321, 29.8031512 ], [ -95.3479596, 29.8032999 ], [ -95.3480971, 29.8038105 ], [ -95.3483375, 29.8047759 ], [ -95.3485796, 29.8057666 ], [ -95.3486748, 29.8061611 ], [ -95.3489806, 29.8074016 ], [ -95.3493038, 29.8086944 ], [ -95.3494759, 29.8093634 ], [ -95.3495559, 29.8097013 ], [ -95.3499046, 29.8110953 ], [ -95.3500911, 29.8117755 ], [ -95.350371, 29.8129097 ] ] } },
{ "type": "Feature", "properties": { "id": "way/399725960", "@id": "way/399725960", "access": null, "addr:city": null, "addr:state": null, "bridge": "yes", "bridge:movable": null, "covered": null, "crossing:barrier": null, "electrified": "no", "embankment": null, "fixme": null, "gauge": "1435", "highspeed": null, "layer": "1", "length": null, "maxspeed": "55 mph", "name": "BNSF Galveston Subdivision", "name_1": null, "note": null, "note:old_railway_operator": null, "old_railway_operator": "AT&SF", "operator": "BNSF Railway", "operator:wikidata": "Q267122", "owner": null, "railway": "rail", "railway:atc": null, "railway:freight": null, "railway:ptc": "yes", "railway:ref": null, "railway:track_class": "4", "railway:track_ref": null, "ref": "7500", "reporting_marks": "BNSF", "service": "none", "source": null, "spur": null, "start_date": null, "tiger:cfcc": null, "tiger:county": null, "tiger:name_base": null, "tiger:name_base_1": null, "tiger:name_base_2": null, "tiger:reviewed": null, "tiger:zip_left": null, "tiger:zip_right": null, "tracks": null, "tunnel": null, "usage": "main", "maxspeed_mph": 55.0 }, "geometry": { "type": "LineString", "coordinates": [ [ -95.4675647, 29.5014952 ], [ -95.4673781, 29.5014335 ] ] } },
{ "type": "Feature", "properties": { "id": "way/399725976", "@id": "way/399725976", "access": null, "addr:city": null, "addr:state": null, "bridge": null, "bridge:movable": null, "covered": null, "crossing:barrier": null, "electrified": "no", "embankment": null, "fixme": null, "gauge": "1435", "highspeed": null, "layer": null, "length": null, "maxspeed": "55 mph", "name": "BNSF Galveston Subdivision", "name_1": null, "note": null, "note:old_railway_operator": null, "old_railway_operator": "AT&SF", "operator": "BNSF Railway", "operator:wikidata": "Q267122", "owner": null, "railway": "rail", "railway:atc": null, "railway:freight": null, "railway:ptc": "yes", "railway:ref": null, "railway:track_class": "4", "railway:track_ref": null, "ref": "7500", "reporting_marks": "BNSF", "service": "none", "source": null, "spur": null, "start_date": null, "tiger:cfcc": null, "tiger:county": null, "tiger:name_base": null, "tiger:name_base_1": null, "tiger:name_base_2": null, "tiger:reviewed": null, "tiger:zip_left": null, "tiger:zip_right": null, "tracks": null, "tunnel": null, "usage": "main", "maxspeed_mph": 55.0 }, "geometry": { "type": "LineString", "coordinates": [ [ -95.4673781, 29.5014335 ], [ -95.4663451, 29.5010708 ], [ -95.46563, 29.5008365 ] ] } },
{ "type": "Feature", "properties": { "id": "way/429012551", "@id": "way/429012551", "access": null, "addr:city": null, "addr:state": null, "bridge": "yes", "bridge:movable": null, "covered": null, "crossing:barrier": null, "electrified": "no", "embankment": null, "fixme": null, "gauge": "1435", "highspeed": null, "layer": null, "length": null, "maxspeed": "60 mph", "name": "UP Lufkin Subdivision", "name_1": null, "note": null, "note:old_railway_operator": "HE&WT", "old_railway_operator": "SP", "operator": "Union Pacific Railroad", "operator:wikidata": "Q725793", "owner": null, "railway": "rail", "railway:atc": "no", "railway:freight": null, "railway:ptc": "no", "railway:ref": null, "railway:track_class": "4", "railway:track_ref": null, "ref": null, "reporting_marks": null, "service": "none", "source": "Texas Department of Transportation", "spur": null, "start_date": null, "tiger:cfcc": "B11:B13:B21", "tiger:county": "Angelina, TX:Caddo, LA:De Soto, LA:Harris, TX:Liberty, TX:Montgomery, TX:Nacogdoches, TX:Polk, TX:San Jacinto, TX:Shelby, TX", "tiger:name_base": "Kansas City Southern Railway:Southern Pacific Railroad", "tiger:name_base_1": null, "tiger:name_base_2": null, "tiger:reviewed": null, "tiger:zip_left": null, "tiger:zip_right": null, "tracks": null, "tunnel": null, "usage": "main", "maxspeed_mph": 60.0 }, "geometry": { "type": "LineString", "coordinates": [ [ -95.2393638, 30.0737367 ], [ -95.2394143, 30.0735769 ] ] } },
{ "type": "Feature", "properties": { "id": "way/429012552", "@id": "way/429012552", "access": null, "addr:city": null, "addr:state": null, "bridge": null, "bridge:movable": null, "covered": null, "crossing:barrier": null, "electrified": "no", "embankment": null, "fixme": null, "gauge": "1435", "highspeed": null, "layer": null, "length": null, "maxspeed": "60 mph", "name": "UP Lufkin Subdivision", "name_1": null, "note": null, "note:old_railway_operator": "HE&WT", "old_railway_operator": "SP", "operator": "Union Pacific Railroad", "operator:wikidata": "Q725793", "owner": null, "railway": "rail", "railway:atc": "no", "railway:freight": null, "railway:ptc": "no", "railway:ref": null, "railway:track_class": "4", "railway:track_ref": null, "ref": null, "reporting_marks": null, "service": "none", "source": "Texas Department of Transportation", "spur": null, "start_date": null, "tiger:cfcc": null, "tiger:county": null, "tiger:name_base": null, "tiger:name_base_1": null, "tiger:name_base_2": null, "tiger:reviewed": null, "tiger:zip_left": null, "tiger:zip_right": null, "tracks": null, "tunnel": null, "usage": "main", "maxspeed_mph": 60.0 }, "geometry": { "type": "LineString", "coordinates": [ [ -95.2394143, 30.0735769 ], [ -95.2398818, 30.0722526 ], [ -95.2404986, 30.070454 ], [ -95.2411808, 30.068505 ], [ -95.2412217, 30.0683976 ], [ -95.2421352, 30.0657647 ], [ -95.2427986, 30.0638258 ], [ -95.2443151, 30.0594689 ], [ -95.2443575, 30.059347 ], [ -95.2456511, 30.0556126 ], [ -95.2469342, 30.0519218 ], [ -95.2469618, 30.051843 ], [ -95.2470334, 30.051648 ], [ -95.2496902, 30.0439887 ], [ -95.2499603, 30.0431663 ], [ -95.2502856, 30.0422243 ], [ -95.2531692, 30.0312503 ] ] } },
{ "type": "Feature", "properties": { "id": "way/434829225", "@id": "way/434829225", "access": null, "addr:city": null, "addr:state": null, "bridge": null, "bridge:movable": null, "covered": null, "crossing:barrier": null, "electrified": "no", "embankment": null, "fixme": null, "gauge": "1435", "highspeed": null, "layer": null, "length": null, "maxspeed": "60 mph", "name": "UP Palestine Subdivision", "name_1": null, "note": null, "note:old_railway_operator": null, "old_railway_operator": "MP", "operator": "Union Pacific Railroad", "operator:wikidata": "Q725793", "owner": null, "railway": "rail", "railway:atc": null, "railway:freight": null, "railway:ptc": "yes", "railway:ref": null, "railway:track_class": "4", "railway:track_ref": null, "ref": null, "reporting_marks": null, "service": "none", "source": "Texas Department of Transportation", "spur": null, "start_date": null, "tiger:cfcc": "B11", "tiger:county": "Harris, TX", "tiger:name_base": "Houston Belt and Terminal Ry", "tiger:name_base_1": null, "tiger:name_base_2": null, "tiger:reviewed": null, "tiger:zip_left": null, "tiger:zip_right": null, "tracks": null, "tunnel": null, "usage": "main", "maxspeed_mph": 60.0 }, "geometry": { "type": "LineString", "coordinates": [ [ -95.3529774, 29.8231396 ], [ -95.3531836, 29.82399 ], [ -95.3534229, 29.8248316 ], [ -95.3534498, 29.8249461 ], [ -95.3538554, 29.8266703 ], [ -95.3542072, 29.8280938 ], [ -95.3543682, 29.8287009 ] ] } },
{ "type": "Feature", "properties": { "id": "way/434829226", "@id": "way/434829226", "access": null, "addr:city": null, "addr:state": null, "bridge": "yes", "bridge:movable": null, "covered": null, "crossing:barrier": null, "electrified": "no", "embankment": null, "fixme": null, "gauge": "1435", "highspeed": null, "layer": "1", "length": null, "maxspeed": "60 mph", "name": "UP Palestine Subdivision", "name_1": null, "note": null, "note:old_railway_operator": null, "old_railway_operator": "MP", "operator": "Union Pacific Railroad", "operator:wikidata": "Q725793", "owner": null, "railway": "rail", "railway:atc": null, "railway:freight": null, "railway:ptc": "yes", "railway:ref": null, "railway:track_class": "4", "railway:track_ref": null, "ref": null, "reporting_marks": null, "service": "none", "source": "Texas Department of Transportation", "spur": null, "start_date": null, "tiger:cfcc": "B11", "tiger:county": "Harris, TX", "tiger:name_base": "Houston Belt and Terminal Ry", "tiger:name_base_1": null, "tiger:name_base_2": null, "tiger:reviewed": null, "tiger:zip_left": null, "tiger:zip_right": null, "tracks": null, "tunnel": null, "usage": "main", "maxspeed_mph": 60.0 }, "geometry": { "type": "LineString", "coordinates": [ [ -95.3543682, 29.8287009 ], [ -95.3544291, 29.8289331 ] ] } },
{ "type": "Feature", "properties": { "id": "way/434829227", "@id": "way/434829227", "access": null, "addr:city": null, "addr:state": null, "bridge": null, "bridge:movable": null, "covered": null, "crossing:barrier": null, "electrified": "no", "embankment": null, "fixme": null, "gauge": "1435", "highspeed": null, "layer": null, "length": null, "maxspeed": "60 mph", "name": "UP Palestine Subdivision", "name_1": null, "note": null, "note:old_railway_operator": null, "old_railway_operator": "MP", "operator": "Union Pacific Railroad", "operator:wikidata": "Q725793", "owner": null, "railway": "rail", "railway:atc": null, "railway:freight": null, "railway:ptc": "yes", "railway:ref": null, "railway:track_class": "4", "railway:track_ref": null, "ref": null, "reporting_marks": null, "service": "none", "source": "Texas Department of Transportation", "spur": null, "start_date": null, "tiger:cfcc": null, "tiger:county": null, "tiger:name_base": null, "tiger:name_base_1": null, "tiger:name_base_2": null, "tiger:reviewed": null, "tiger:zip_left": null, "tiger:zip_right": null, "tracks": null, "tunnel": null, "usage": "main", "maxspeed_mph": 60.0 }, "geometry": { "type": "LineString", "coordinates": [ [ -95.3543191, 29.8286961 ], [ -95.3533779, 29.824955 ], [ -95.3531304, 29.823971 ] ] } },
{ "type": "Feature", "properties": { "id": "way/434829228", "@id": "way/434829228", "access": null, "addr:city": null, "addr:state": null, "bridge": "yes", "bridge:movable": null, "covered": null, "crossing:barrier": null, "electrified": "no", "embankment": null, "fixme": null, "gauge": "1435", "highspeed": null, "layer": "1", "length": null, "maxspeed": "60 mph", "name": "UP Palestine Subdivision", "name_1": null, "note": null, "note:old_railway_operator": null, "old_railway_operator": "MP", "operator": "Union Pacific Railroad", "operator:wikidata": "Q725793", "owner": null, "railway": "rail", "railway:atc": null, "railway:freight": null, "railway:ptc": "yes", "railway:ref": null, "railway:track_class": "4", "railway:track_ref": null, "ref": null, "reporting_marks": null, "service": "none", "source": "Texas Department of Transportation", "spur": null, "start_date": null, "tiger:cfcc": null, "tiger:county": null, "tiger:name_base": null, "tiger:name_base_1": null, "tiger:name_base_2": null, "tiger:reviewed": null, "tiger:zip_left": null, "tiger:zip_right": null, "tracks": null, "tunnel": null, "usage": "main", "maxspeed_mph": 60.0 }, "geometry": { "type": "LineString", "coordinates": [ [ -95.3543718, 29.828916 ], [ -95.3543191, 29.8286961 ] ] } },
{ "type": "Feature", "properties": { "id": "way/474777925", "@id": "way/474777925", "access": null, "addr:city": null, "addr:state": null, "bridge": "yes", "bridge:movable": null, "covered": null, "crossing:barrier": null, "electrified": "no", "embankment": null, "fixme": null, "gauge": "1435", "highspeed": null, "layer": "1", "length": null, "maxspeed": "79 mph", "name": "UP Houston Subdivision", "name_1": null, "note": null, "note:old_railway_operator": "T&NO", "old_railway_operator": "SP", "operator": "Union Pacific Railroad", "operator:wikidata": "Q725793", "owner": "Union Pacific Railroad", "railway": "rail", "railway:atc": "no", "railway:freight": null, "railway:ptc": "no", "railway:ref": null, "railway:track_class": "5", "railway:track_ref": null, "ref": null, "reporting_marks": "BNSF;UP", "service": "none", "source": "Texas Department of Transportation", "spur": null, "start_date": null, "tiger:cfcc": "A41:B11", "tiger:county": "Harris, TX", "tiger:name_base": "Southern Pacific Railroad", "tiger:name_base_1": "Amtrak Railroad", "tiger:name_base_2": null, "tiger:reviewed": null, "tiger:zip_left": null, "tiger:zip_right": null, "tracks": null, "tunnel": null, "usage": "main", "maxspeed_mph": 79.0 }, "geometry": { "type": "LineString", "coordinates": [ [ -95.1661818, 29.8518632 ], [ -95.1664429, 29.8517502 ] ] } },
{ "type": "Feature", "properties": { "id": "way/474777928", "@id": "way/474777928", "access": null, "addr:city": null, "addr:state": null, "bridge": null, "bridge:movable": null, "covered": null, "crossing:barrier": null, "electrified": "no", "embankment": null, "fixme": null, "gauge": "1435", "highspeed": null, "layer": null, "length": null, "maxspeed": "79 mph", "name": "UP Houston Subdivision", "name_1": null, "note": null, "note:old_railway_operator": "T&NO", "old_railway_operator": "SP", "operator": "Union Pacific Railroad", "operator:wikidata": "Q725793", "owner": "Union Pacific Railroad", "railway": "rail", "railway:atc": "no", "railway:freight": null, "railway:ptc": "no", "railway:ref": null, "railway:track_class": "5", "railway:track_ref": null, "ref": null, "reporting_marks": "BNSF;UP", "service": "none", "source": "Texas Department of Transportation", "spur": null, "start_date": null, "tiger:cfcc": "A41:B11", "tiger:county": "Harris, TX", "tiger:name_base": "Southern Pacific Railroad", "tiger:name_base_1": "Amtrak Railroad", "tiger:name_base_2": null, "tiger:reviewed": null, "tiger:zip_left": null, "tiger:zip_right": null, "tracks": null, "tunnel": null, "usage": "main", "maxspeed_mph": 79.0 }, "geometry": { "type": "LineString", "coordinates": [ [ -95.2076807, 29.8340299 ], [ -95.210648, 29.8327703 ], [ -95.2109488, 29.8326413 ], [ -95.2110664, 29.8325904 ], [ -95.213037, 29.831725 ], [ -95.216127, 29.830414 ], [ -95.2192092, 29.8290708 ], [ -95.224715, 29.826702 ], [ -95.2270119, 29.8257297 ], [ -95.2291063, 29.8248437 ] ] } },
{ "type": "Feature", "properties": { "id": "way/496720381", "@id": "way/496720381", "access": null, "addr:city": null, "addr:state": null, "bridge": null, "bridge:movable": null, "covered": null, "crossing:barrier": null, "electrified": "no", "embankment": null, "fixme": null, "gauge": "1435", "highspeed": null, "layer": null, "length": null, "maxspeed": "79 mph", "name": "UP Houston Subdivision", "name_1": null, "note": null, "note:old_railway_operator": null, "old_railway_operator": "SP", "operator": "Union Pacific Railroad", "operator:wikidata": "Q725793", "owner": "Union Pacific Railroad", "railway": "rail", "railway:atc": "no", "railway:freight": null, "railway:ptc": "no", "railway:ref": null, "railway:track_class": "5", "railway:track_ref": null, "ref": null, "reporting_marks": "BNSF;UP", "service": "none", "source": "Texas Department of Transportation", "spur": null, "start_date": null, "tiger:cfcc": null, "tiger:county": null, "tiger:name_base": null, "tiger:name_base_1": null, "tiger:name_base_2": null, "tiger:reviewed": null, "tiger:zip_left": null, "tiger:zip_right": null, "tracks": null, "tunnel": null, "usage": "main", "maxspeed_mph": 79.0 }, "geometry": { "type": "LineString", "coordinates": [ [ -95.0839893, 29.8971446 ], [ -95.0842302, 29.8967021 ], [ -95.0844173, 29.8963252 ], [ -95.0845876, 29.8959092 ], [ -95.0847384, 29.8954597 ], [ -95.0853498, 29.8934438 ], [ -95.0861204, 29.8908556 ], [ -95.0864828, 29.889663 ] ] } },
{ "type": "Feature", "properties": { "id": "way/496720382", "@id": "way/496720382", "access": null, "addr:city": null, "addr:state": null, "bridge": "yes", "bridge:movable": null, "covered": null, "crossing:barrier": null, "electrified": "no", "embankment": null, "fixme": null, "gauge": "1435", "highspeed": null, "layer": "1", "length": null, "maxspeed": "79 mph", "name": "UP Houston Subdivision", "name_1": null, "note": null, "note:old_railway_operator": null, "old_railway_operator": "SP", "operator": "Union Pacific Railroad", "operator:wikidata": "Q725793", "owner": "Union Pacific Railroad", "railway": "rail", "railway:atc": "no", "railway:freight": null, "railway:ptc": "no", "railway:ref": null, "railway:track_class": "5", "railway:track_ref": null, "ref": null, "reporting_marks": "BNSF;UP", "service": "none", "source": "Texas Department of Transportation", "spur": null, "start_date": null, "tiger:cfcc": "B11", "tiger:county": "Harris, TX", "tiger:name_base": "Southern Pacific Railroad", "tiger:name_base_1": "Amtrak Railroad", "tiger:name_base_2": null, "tiger:reviewed": null, "tiger:zip_left": null, "tiger:zip_right": null, "tracks": null, "tunnel": null, "usage": "main", "maxspeed_mph": 79.0 }, "geometry": { "type": "LineString", "coordinates": [ [ -95.083697, 29.8975872 ], [ -95.0839893, 29.8971446 ] ] } },
{ "type": "Feature", "properties": { "id": "way/505141177", "@id": "way/505141177", "access": null, "addr:city": null, "addr:state": null, "bridge": null, "bridge:movable": null, "covered": null, "crossing:barrier": null, "electrified": "no", "embankment": null, "fixme": null, "gauge": "1435", "highspeed": null, "layer": null, "length": null, "maxspeed": "79 mph", "name": "UP Houston Subdivision", "name_1": null, "note": null, "note:old_railway_operator": null, "old_railway_operator": "SP", "operator": "Union Pacific Railroad", "operator:wikidata": "Q725793", "owner": "Union Pacific Railroad", "railway": "rail", "railway:atc": "no", "railway:freight": null, "railway:ptc": "no", "railway:ref": null, "railway:track_class": "5", "railway:track_ref": null, "ref": null, "reporting_marks": "BNSF;UP", "service": "none", "source": "Texas Department of Transportation", "spur": null, "start_date": null, "tiger:cfcc": "B11", "tiger:county": "Harris, TX", "tiger:name_base": "Southern Pacific Railroad", "tiger:name_base_1": "Amtrak Railroad", "tiger:name_base_2": null, "tiger:reviewed": null, "tiger:zip_left": null, "tiger:zip_right": null, "tracks": null, "tunnel": null, "usage": "main", "maxspeed_mph": 79.0 }, "geometry": { "type": "LineString", "coordinates": [ [ -95.0873932, 29.8865979 ], [ -95.0876896, 29.885601 ], [ -95.0879185, 29.8848807 ], [ -95.0881112, 29.8844563 ], [ -95.0882424, 29.8841799 ], [ -95.088435, 29.8838392 ], [ -95.0886947, 29.8834539 ], [ -95.0888818, 29.8832082 ], [ -95.089256, 29.882776 ], [ -95.0896691, 29.8823985 ] ] } },
{ "type": "Feature", "properties": { "id": "way/505141178", "@id": "way/505141178", "access": null, "addr:city": null, "addr:state": null, "bridge": "yes", "bridge:movable": null, "covered": null, "crossing:barrier": null, "electrified": "no", "embankment": null, "fixme": null, "gauge": "1435", "highspeed": null, "layer": "1", "length": null, "maxspeed": "79 mph", "name": "UP Houston Subdivision", "name_1": null, "note": null, "note:old_railway_operator": null, "old_railway_operator": "SP", "operator": "Union Pacific Railroad", "operator:wikidata": "Q725793", "owner": "Union Pacific Railroad", "railway": "rail", "railway:atc": "no", "railway:freight": null, "railway:ptc": "no", "railway:ref": null, "railway:track_class": "5", "railway:track_ref": null, "ref": null, "reporting_marks": "BNSF;UP", "service": "none", "source": "Texas Department of Transportation", "spur": null, "start_date": null, "tiger:cfcc": "B11", "tiger:county": "Harris, TX", "tiger:name_base": "Southern Pacific Railroad", "tiger:name_base_1": "Amtrak Railroad", "tiger:name_base_2": null, "tiger:reviewed": null, "tiger:zip_left": null, "tiger:zip_right": null, "tracks": null, "tunnel": null, "usage": "main", "maxspeed_mph": 79.0 }, "geometry": { "type": "LineString", "coordinates": [ [ -95.0872186, 29.8871922 ], [ -95.0873932, 29.8865979 ] ] } },
{ "type": "Feature", "properties": { "id": "way/513402799", "@id": "way/513402799", "access": null, "addr:city": null, "addr:state": null, "bridge": null, "bridge:movable": null, "covered": null, "crossing:barrier": null, "electrified": "no", "embankment": null, "fixme": null, "gauge": "1435", "highspeed": null, "layer": null, "length": null, "maxspeed": "70 mph", "name": "UP Houston Subdivision", "name_1": null, "note": null, "note:old_railway_operator": "T&NO", "old_railway_operator": "SP", "operator": "Union Pacific Railroad", "operator:wikidata": "Q725793", "owner": "Union Pacific Railroad", "railway": "rail", "railway:atc": null, "railway:freight": null, "railway:ptc": "yes", "railway:ref": null, "railway:track_class": "5", "railway:track_ref": null, "ref": null, "reporting_marks": null, "service": "none", "source": "Texas Department of Transportation", "spur": null, "start_date": null, "tiger:cfcc": null, "tiger:county": null, "tiger:name_base": null, "tiger:name_base_1": null, "tiger:name_base_2": null, "tiger:reviewed": null, "tiger:zip_left": null, "tiger:zip_right": null, "tracks": null, "tunnel": null, "usage": "main", "maxspeed_mph": 70.0 }, "geometry": { "type": "LineString", "coordinates": [ [ -95.3541618, 29.771416 ], [ -95.3539116, 29.7714977 ], [ -95.3535971, 29.7716128 ], [ -95.3531769, 29.7717921 ], [ -95.3525774, 29.7720517 ], [ -95.3520641, 29.7722592 ], [ -95.3514822, 29.7725063 ], [ -95.3512297, 29.7726138 ], [ -95.3508765, 29.7727715 ] ] } },
{ "type": "Feature", "properties": { "id": "way/513402800", "@id": "way/513402800", "access": null, "addr:city": null, "addr:state": null, "bridge": null, "bridge:movable": null, "covered": null, "crossing:barrier": null, "electrified": "no", "embankment": null, "fixme": null, "gauge": "1435", "highspeed": null, "layer": null, "length": null, "maxspeed": "20 mph", "name": "UP Houston West Belt Subdivision", "name_1": null, "note": null, "note:old_railway_operator": null, "old_railway_operator": null, "operator": "Union Pacific Railroad", "operator:wikidata": "Q725793", "owner": null, "railway": "rail", "railway:atc": null, "railway:freight": null, "railway:ptc": "yes", "railway:ref": null, "railway:track_class": "2", "railway:track_ref": null, "ref": null, "reporting_marks": null, "service": "none", "source": "Texas Department of Transportation", "spur": null, "start_date": null, "tiger:cfcc": null, "tiger:county": null, "tiger:name_base": null, "tiger:name_base_1": null, "tiger:name_base_2": null, "tiger:reviewed": null, "tiger:zip_left": null, "tiger:zip_right": null, "tracks": null, "tunnel": null, "usage": "main", "maxspeed_mph": 20.0 }, "geometry": { "type": "LineString", "coordinates": [ [ -95.3487677, 29.7821305 ], [ -95.3487433, 29.7804519 ], [ -95.3487376, 29.780148 ], [ -95.3487344, 29.7799372 ] ] } },
{ "type": "Feature", "properties": { "id": "way/513402802", "@id": "way/513402802", "access": null, "addr:city": null, "addr:state": null, "bridge": null, "bridge:movable": null, "covered": null, "crossing:barrier": null, "electrified": "no", "embankment": null, "fixme": null, "gauge": "1435", "highspeed": null, "layer": null, "length": null, "maxspeed": "20 mph", "name": "Union Pacific Railroad", "name_1": null, "note": null, "note:old_railway_operator": null, "old_railway_operator": null, "operator": "Union Pacific Railroad", "operator:wikidata": "Q725793", "owner": null, "railway": "rail", "railway:atc": null, "railway:freight": null, "railway:ptc": "yes", "railway:ref": null, "railway:track_class": "2", "railway:track_ref": null, "ref": null, "reporting_marks": null, "service": "none", "source": "Texas Department of Transportation", "spur": null, "start_date": null, "tiger:cfcc": null, "tiger:county": null, "tiger:name_base": null, "tiger:name_base_1": null, "tiger:name_base_2": null, "tiger:reviewed": null, "tiger:zip_left": null, "tiger:zip_right": null, "tracks": null, "tunnel": null, "usage": "main", "maxspeed_mph": 20.0 }, "geometry": { "type": "LineString", "coordinates": [ [ -95.3487645, 29.7782021 ], [ -95.3487512, 29.778078 ], [ -95.3487325, 29.7779689 ], [ -95.3487103, 29.7778764 ], [ -95.3486891, 29.7777955 ], [ -95.348663, 29.7777085 ], [ -95.3486302, 29.7776116 ], [ -95.3485879, 29.7775047 ], [ -95.3485339, 29.7773899 ], [ -95.3484764, 29.7772799 ], [ -95.3484253, 29.7771904 ], [ -95.3483675, 29.7771012 ], [ -95.3482885, 29.776993 ], [ -95.3482181, 29.7769011 ], [ -95.3481507, 29.7768233 ], [ -95.3480744, 29.7767372 ], [ -95.3477485, 29.7763829 ], [ -95.3476453, 29.7762656 ], [ -95.3475122, 29.7760992 ], [ -95.3474378, 29.775999 ], [ -95.347374, 29.7758946 ], [ -95.3473298, 29.7758038 ], [ -95.3472883, 29.7756961 ], [ -95.3472558, 29.7755773 ], [ -95.3472352, 29.7754327 ], [ -95.3472301, 29.7753244 ], [ -95.3472378, 29.7751688 ], [ -95.3472654, 29.7750087 ], [ -95.3472961, 29.7749039 ], [ -95.34736, 29.7747454 ], [ -95.3474095, 29.774649 ], [ -95.3474735, 29.7745463 ], [ -95.3475569, 29.7744397 ], [ -95.3476488, 29.774338 ], [ -95.3477501, 29.7742485 ], [ -95.3478629, 29.7741587 ], [ -95.3479856, 29.7740828 ], [ -95.3481081, 29.7740137 ], [ -95.348358, 29.7738999 ] ] } },
{ "type": "Feature", "properties": { "id": "way/513402809", "@id": "way/513402809", "access": null, "addr:city": null, "addr:state": null, "bridge": null, "bridge:movable": null, "covered": null, "crossing:barrier": null, "electrified": "no", "embankment": null, "fixme": null, "gauge": "1435", "highspeed": null, "layer": null, "length": null, "maxspeed": "20 mph", "name": "UP Houston East Belt Subdivision", "name_1": null, "note": null, "note:old_railway_operator": null, "old_railway_operator": "HB&T", "operator": "Union Pacific Railroad", "operator:wikidata": "Q725793", "owner": "HB&T", "railway": "rail", "railway:atc": null, "railway:freight": null, "railway:ptc": "yes", "railway:ref": null, "railway:track_class": "2", "railway:track_ref": null, "ref": null, "reporting_marks": null, "service": "none", "source": "Texas Department of Transportation", "spur": null, "start_date": null, "tiger:cfcc": null, "tiger:county": null, "tiger:name_base": null, "tiger:name_base_1": null, "tiger:name_base_2": null, "tiger:reviewed": null, "tiger:zip_left": null, "tiger:zip_right": null, "tracks": null, "tunnel": null, "usage": "main", "maxspeed_mph": 20.0 }, "geometry": { "type": "LineString", "coordinates": [ [ -95.3479256, 29.8197761 ], [ -95.3484879, 29.8197689 ] ] } },
{ "type": "Feature", "properties": { "id": "way/519180308", "@id": "way/519180308", "access": null, "addr:city": null, "addr:state": null, "bridge": null, "bridge:movable": null, "covered": null, "crossing:barrier": null, "electrified": "no", "embankment": null, "fixme": null, "gauge": "1435", "highspeed": null, "layer": null, "length": null, "maxspeed": "40 mph", "name": "UP Eureka Subdivision", "name_1": null, "note": null, "note:old_railway_operator": "H&TC", "old_railway_operator": "SP", "operator": "Union Pacific Railroad", "operator:wikidata": "Q725793", "owner": null, "railway": "rail", "railway:atc": null, "railway:freight": null, "railway:ptc": "yes", "railway:ref": null, "railway:track_class": "3", "railway:track_ref": null, "ref": null, "reporting_marks": null, "service": "none", "source": "Texas Department of Transportation", "spur": null, "start_date": null, "tiger:cfcc": "B11", "tiger:county": "Grimes, TX:Harris, TX:Waller, TX", "tiger:name_base": "Railroad:Southern Pacific Railroad", "tiger:name_base_1": null, "tiger:name_base_2": null, "tiger:reviewed": null, "tiger:zip_left": null, "tiger:zip_right": null, "tracks": null, "tunnel": null, "usage": "main", "maxspeed_mph": 40.0 }, "geometry": { "type": "LineString", "coordinates": [ [ -95.5510019, 29.8661516 ], [ -95.5444746, 29.8615422 ], [ -95.544339, 29.8614485 ], [ -95.5442897, 29.8614136 ], [ -95.5441411, 29.8613084 ], [ -95.5415645, 29.8594839 ] ] } },
{ "type": "Feature", "properties": { "id": "way/519180309", "@id": "way/519180309", "access": null, "addr:city": null, "addr:state": null, "bridge": "yes", "bridge:movable": null, "covered": null, "crossing:barrier": null, "electrified": "no", "embankment": null, "fixme": null, "gauge": "1435", "highspeed": null, "layer": "1", "length": null, "maxspeed": "40 mph", "name": "UP Eureka Subdivision", "name_1": null, "note": null, "note:old_railway_operator": "H&TC", "old_railway_operator": "SP", "operator": "Union Pacific Railroad", "operator:wikidata": "Q725793", "owner": null, "railway": "rail", "railway:atc": null, "railway:freight": null, "railway:ptc": "yes", "railway:ref": null, "railway:track_class": "3", "railway:track_ref": null, "ref": null, "reporting_marks": null, "service": "none", "source": "Texas Department of Transportation", "spur": null, "start_date": null, "tiger:cfcc": "B11", "tiger:county": "Grimes, TX:Harris, TX:Waller, TX", "tiger:name_base": "Railroad:Southern Pacific Railroad", "tiger:name_base_1": null, "tiger:name_base_2": null, "tiger:reviewed": null, "tiger:zip_left": null, "tiger:zip_right": null, "tracks": null, "tunnel": null, "usage": "main", "maxspeed_mph": 40.0 }, "geometry": { "type": "LineString", "coordinates": [ [ -95.5510783, 29.866204 ], [ -95.5510019, 29.8661516 ] ] } },
{ "type": "Feature", "properties": { "id": "way/519180410", "@id": "way/519180410", "access": null, "addr:city": null, "addr:state": null, "bridge": "yes", "bridge:movable": null, "covered": null, "crossing:barrier": null, "electrified": "no", "embankment": null, "fixme": null, "gauge": "1435", "highspeed": null, "layer": "1", "length": null, "maxspeed": "40 mph", "name": "UP Eureka Subdivision", "name_1": null, "note": null, "note:old_railway_operator": "H&TC", "old_railway_operator": "SP", "operator": "Union Pacific Railroad", "operator:wikidata": "Q725793", "owner": null, "railway": "rail", "railway:atc": null, "railway:freight": null, "railway:ptc": "yes", "railway:ref": null, "railway:track_class": "3", "railway:track_ref": null, "ref": null, "reporting_marks": null, "service": "none", "source": "Texas Department of Transportation", "spur": null, "start_date": null, "tiger:cfcc": "B11", "tiger:county": "Grimes, TX:Harris, TX:Waller, TX", "tiger:name_base": "Railroad:Southern Pacific Railroad", "tiger:name_base_1": null, "tiger:name_base_2": null, "tiger:reviewed": null, "tiger:zip_left": null, "tiger:zip_right": null, "tracks": null, "tunnel": null, "usage": "main", "maxspeed_mph": 40.0 }, "geometry": { "type": "LineString", "coordinates": [ [ -95.5415645, 29.8594839 ], [ -95.5414827, 29.8594281 ] ] } },
{ "type": "Feature", "properties": { "id": "way/519180411", "@id": "way/519180411", "access": null, "addr:city": null, "addr:state": null, "bridge": null, "bridge:movable": null, "covered": null, "crossing:barrier": null, "electrified": "no", "embankment": null, "fixme": null, "gauge": "1435", "highspeed": null, "layer": null, "length": null, "maxspeed": "40 mph", "name": "UP Eureka Subdivision", "name_1": null, "note": null, "note:old_railway_operator": "H&TC", "old_railway_operator": "SP", "operator": "Union Pacific Railroad", "operator:wikidata": "Q725793", "owner": null, "railway": "rail", "railway:atc": null, "railway:freight": null, "railway:ptc": "yes", "railway:ref": null, "railway:track_class": "3", "railway:track_ref": null, "ref": null, "reporting_marks": null, "service": "none", "source": "Texas Department of Transportation", "spur": null, "start_date": null, "tiger:cfcc": "B11", "tiger:county": "Grimes, TX:Harris, TX:Waller, TX", "tiger:name_base": "Railroad:Southern Pacific Railroad", "tiger:name_base_1": null, "tiger:name_base_2": null, "tiger:reviewed": null, "tiger:zip_left": null, "tiger:zip_right": null, "tracks": null, "tunnel": null, "usage": "main", "maxspeed_mph": 40.0 }, "geometry": { "type": "LineString", "coordinates": [ [ -95.5633521, 29.8748521 ], [ -95.5611839, 29.8733214 ], [ -95.5580253, 29.8710918 ], [ -95.5529508, 29.8675161 ], [ -95.5528316, 29.8674321 ], [ -95.5510783, 29.866204 ] ] } },
{ "type": "Feature", "properties": { "id": "way/520171556", "@id": "way/520171556", "access": null, "addr:city": null, "addr:state": null, "bridge": "yes", "bridge:movable": null, "covered": null, "crossing:barrier": null, "electrified": "no", "embankment": null, "fixme": null, "gauge": "1435", "highspeed": null, "layer": "1", "length": null, "maxspeed": "79 mph", "name": "UP Houston Subdivision", "name_1": null, "note": null, "note:old_railway_operator": null, "old_railway_operator": "SP", "operator": "Union Pacific Railroad", "operator:wikidata": "Q725793", "owner": "Union Pacific Railroad", "railway": "rail", "railway:atc": "no", "railway:freight": null, "railway:ptc": "no", "railway:ref": null, "railway:track_class": "5", "railway:track_ref": null, "ref": null, "reporting_marks": "BNSF;UP", "service": "none", "source": "Texas Department of Transportation", "spur": null, "start_date": null, "tiger:cfcc": "B11", "tiger:county": "Harris, TX", "tiger:name_base": "Southern Pacific Railroad", "tiger:name_base_1": "Amtrak Railroad", "tiger:name_base_2": null, "tiger:reviewed": null, "tiger:zip_left": null, "tiger:zip_right": null, "tracks": null, "tunnel": null, "usage": "main", "maxspeed_mph": 79.0 }, "geometry": { "type": "LineString", "coordinates": [ [ -95.0257261, 29.9424248 ], [ -95.0259023, 29.9422924 ] ] } },
{ "type": "Feature", "properties": { "id": "way/520171562", "@id": "way/520171562", "access": null, "addr:city": null, "addr:state": null, "bridge": null, "bridge:movable": null, "covered": null, "crossing:barrier": null, "electrified": "no", "embankment": null, "fixme": null, "gauge": "1435", "highspeed": null, "layer": null, "length": null, "maxspeed": "79 mph", "name": "UP Houston Subdivision", "name_1": null, "note": null, "note:old_railway_operator": null, "old_railway_operator": "SP", "operator": "Union Pacific Railroad", "operator:wikidata": "Q725793", "owner": "Union Pacific Railroad", "railway": "rail", "railway:atc": "no", "railway:freight": null, "railway:ptc": "no", "railway:ref": null, "railway:track_class": "5", "railway:track_ref": null, "ref": null, "reporting_marks": "BNSF;UP", "service": "none", "source": "Texas Department of Transportation", "spur": null, "start_date": null, "tiger:cfcc": "B11", "tiger:county": "Harris, TX", "tiger:name_base": "Southern Pacific Railroad", "tiger:name_base_1": "Amtrak Railroad", "tiger:name_base_2": null, "tiger:reviewed": null, "tiger:zip_left": null, "tiger:zip_right": null, "tracks": null, "tunnel": null, "usage": "main", "maxspeed_mph": 79.0 }, "geometry": { "type": "LineString", "coordinates": [ [ -94.9970859, 29.9643742 ], [ -95.0000647, 29.9620965 ], [ -95.0018575, 29.9607269 ], [ -95.0040144, 29.9590819 ], [ -95.006208, 29.9573976 ], [ -95.0076614, 29.9562744 ], [ -95.0079919, 29.9560294 ], [ -95.0088445, 29.9553712 ], [ -95.0110696, 29.9536694 ], [ -95.0116477, 29.9532274 ], [ -95.0138338, 29.9515558 ], [ -95.0181807, 29.9482144 ], [ -95.0207331, 29.9462579 ], [ -95.0210913, 29.9459821 ], [ -95.0232334, 29.9443399 ], [ -95.0257261, 29.9424248 ] ] } },
{ "type": "Feature", "properties": { "id": "way/520787616", "@id": "way/520787616", "access": null, "addr:city": null, "addr:state": null, "bridge": null, "bridge:movable": null, "covered": null, "crossing:barrier": null, "electrified": "no", "embankment": null, "fixme": null, "gauge": "1435", "highspeed": null, "layer": null, "length": null, "maxspeed": "79 mph", "name": "UP Houston Subdivision", "name_1": null, "note": null, "note:old_railway_operator": null, "old_railway_operator": "SP", "operator": "Union Pacific Railroad", "operator:wikidata": "Q725793", "owner": "Union Pacific Railroad", "railway": "rail", "railway:atc": "no", "railway:freight": null, "railway:ptc": "no", "railway:ref": null, "railway:track_class": "5", "railway:track_ref": null, "ref": null, "reporting_marks": "BNSF;UP", "service": "none", "source": "Texas Department of Transportation", "spur": null, "start_date": null, "tiger:cfcc": null, "tiger:county": null, "tiger:name_base": null, "tiger:name_base_1": null, "tiger:name_base_2": null, "tiger:reviewed": null, "tiger:zip_left": null, "tiger:zip_right": null, "tracks": null, "tunnel": null, "usage": "main", "maxspeed_mph": 79.0 }, "geometry": { "type": "LineString", "coordinates": [ [ -95.086658, 29.8890542 ], [ -95.0871172, 29.8875443 ], [ -95.0872186, 29.8871922 ] ] } },
{ "type": "Feature", "properties": { "id": "way/520787617", "@id": "way/520787617", "access": null, "addr:city": null, "addr:state": null, "bridge": "yes", "bridge:movable": null, "covered": null, "crossing:barrier": null, "electrified": "no", "embankment": null, "fixme": null, "gauge": "1435", "highspeed": null, "layer": "1", "length": null, "maxspeed": "79 mph", "name": "UP Houston Subdivision", "name_1": null, "note": null, "note:old_railway_operator": null, "old_railway_operator": "SP", "operator": "Union Pacific Railroad", "operator:wikidata": "Q725793", "owner": "Union Pacific Railroad", "railway": "rail", "railway:atc": "no", "railway:freight": null, "railway:ptc": "no", "railway:ref": null, "railway:track_class": "5", "railway:track_ref": null, "ref": null, "reporting_marks": "BNSF;UP", "service": "none", "source": "Texas Department of Transportation", "spur": null, "start_date": null, "tiger:cfcc": null, "tiger:county": null, "tiger:name_base": null, "tiger:name_base_1": null, "tiger:name_base_2": null, "tiger:reviewed": null, "tiger:zip_left": null, "tiger:zip_right": null, "tracks": null, "tunnel": null, "usage": "main", "maxspeed_mph": 79.0 }, "geometry": { "type": "LineString", "coordinates": [ [ -95.0864828, 29.889663 ], [ -95.086658, 29.8890542 ] ] } },
{ "type": "Feature", "properties": { "id": "way/569582386", "@id": "way/569582386", "access": null, "addr:city": null, "addr:state": null, "bridge": "yes", "bridge:movable": null, "covered": null, "crossing:barrier": null, "electrified": "no", "embankment": null, "fixme": null, "gauge": "1435", "highspeed": null, "layer": "1", "length": null, "maxspeed": "60 mph", "name": "UP Palestine Subdivision", "name_1": null, "note": null, "note:old_railway_operator": null, "old_railway_operator": "MP", "operator": "Union Pacific Railroad", "operator:wikidata": "Q725793", "owner": null, "railway": "rail", "railway:atc": null, "railway:freight": null, "railway:ptc": "yes", "railway:ref": null, "railway:track_class": "4", "railway:track_ref": null, "ref": null, "reporting_marks": null, "service": "none", "source": "Texas Department of Transportation", "spur": null, "start_date": null, "tiger:cfcc": "B11:B13", "tiger:county": "Harris, TX:Montgomery, TX:Trinity, TX:Walker, TX", "tiger:name_base": "Union Pacific Railroad", "tiger:name_base_1": null, "tiger:name_base_2": null, "tiger:reviewed": null, "tiger:zip_left": null, "tiger:zip_right": null, "tracks": null, "tunnel": null, "usage": "main", "maxspeed_mph": 60.0 }, "geometry": { "type": "LineString", "coordinates": [ [ -95.4561734, 30.2445075 ], [ -95.4561662, 30.2454894 ] ] } },
{ "type": "Feature", "properties": { "id": "way/585487616", "@id": "way/585487616", "access": null, "addr:city": null, "addr:state": null, "bridge": null, "bridge:movable": null, "covered": null, "crossing:barrier": null, "electrified": "no", "embankment": null, "fixme": null, "gauge": "1435", "highspeed": null, "layer": null, "length": null, "maxspeed": "60 mph", "name": "UP Palestine Subdivision", "name_1": null, "note": null, "note:old_railway_operator": null, "old_railway_operator": "MP", "operator": "Union Pacific Railroad", "operator:wikidata": "Q725793", "owner": null, "railway": "rail", "railway:atc": null, "railway:freight": null, "railway:ptc": "yes", "railway:ref": null, "railway:track_class": "4", "railway:track_ref": null, "ref": null, "reporting_marks": null, "service": "none", "source": "Texas Department of Transportation", "spur": null, "start_date": null, "tiger:cfcc": "B11:B13", "tiger:county": "Harris, TX:Montgomery, TX:Trinity, TX:Walker, TX", "tiger:name_base": "Union Pacific Railroad", "tiger:name_base_1": null, "tiger:name_base_2": null, "tiger:reviewed": null, "tiger:zip_left": null, "tiger:zip_right": null, "tracks": null, "tunnel": null, "usage": "main", "maxspeed_mph": 60.0 }, "geometry": { "type": "LineString", "coordinates": [ [ -95.4515079, 30.2177509 ], [ -95.4520307, 30.219826 ], [ -95.4523808, 30.2212389 ], [ -95.4535556, 30.2259641 ], [ -95.4541112, 30.2281988 ], [ -95.4543626, 30.2292098 ], [ -95.455221, 30.232715 ], [ -95.455391, 30.233558 ], [ -95.455548, 30.234461 ], [ -95.455747, 30.235721 ], [ -95.455895, 30.2367751 ], [ -95.4560273, 30.2381615 ] ] } },
{ "type": "Feature", "properties": { "id": "way/585487617", "@id": "way/585487617", "access": null, "addr:city": null, "addr:state": null, "bridge": "yes", "bridge:movable": null, "covered": null, "crossing:barrier": null, "electrified": "no", "embankment": null, "fixme": null, "gauge": "1435", "highspeed": null, "layer": "1", "length": null, "maxspeed": "60 mph", "name": "UP Palestine Subdivision", "name_1": null, "note": null, "note:old_railway_operator": null, "old_railway_operator": "MP", "operator": "Union Pacific Railroad", "operator:wikidata": "Q725793", "owner": null, "railway": "rail", "railway:atc": null, "railway:freight": null, "railway:ptc": "yes", "railway:ref": null, "railway:track_class": "4", "railway:track_ref": null, "ref": null, "reporting_marks": null, "service": "none", "source": "Texas Department of Transportation", "spur": null, "start_date": null, "tiger:cfcc": "B11:B13", "tiger:county": "Harris, TX:Montgomery, TX:Trinity, TX:Walker, TX", "tiger:name_base": "Union Pacific Railroad", "tiger:name_base_1": null, "tiger:name_base_2": null, "tiger:reviewed": null, "tiger:zip_left": null, "tiger:zip_right": null, "tracks": null, "tunnel": null, "usage": "main", "maxspeed_mph": 60.0 }, "geometry": { "type": "LineString", "coordinates": [ [ -95.4514506, 30.2175218 ], [ -95.4515079, 30.2177509 ] ] } },
{ "type": "Feature", "properties": { "id": "way/592782565", "@id": "way/592782565", "access": null, "addr:city": null, "addr:state": null, "bridge": null, "bridge:movable": null, "covered": null, "crossing:barrier": null, "electrified": "no", "embankment": null, "fixme": null, "gauge": "1435", "highspeed": null, "layer": null, "length": null, "maxspeed": "40 mph", "name": "BNSF Houston Subdivision", "name_1": null, "note": null, "note:old_railway_operator": null, "old_railway_operator": "CB&Q;CRI&P", "operator": "BNSF Railway", "operator:wikidata": "Q267122", "owner": null, "railway": "rail", "railway:atc": null, "railway:freight": null, "railway:ptc": "yes", "railway:ref": null, "railway:track_class": "3", "railway:track_ref": null, "ref": "492", "reporting_marks": "BNSF", "service": "none", "source": null, "spur": null, "start_date": null, "tiger:cfcc": null, "tiger:county": null, "tiger:name_base": "Burlington Northern Railroad:Chicago Rock Island and Pacifi:Houston Belt and Terminal Ry", "tiger:name_base_1": "Chicago Rock Island and Pacifi", "tiger:name_base_2": "Fort Worth and Denver Railway", "tiger:reviewed": null, "tiger:zip_left": null, "tiger:zip_right": null, "tracks": null, "tunnel": null, "usage": "main", "maxspeed_mph": 40.0 }, "geometry": { "type": "LineString", "coordinates": [ [ -95.5920911, 30.0604359 ], [ -95.5899753, 30.0567103 ], [ -95.5898833, 30.0565616 ], [ -95.5893474, 30.0556209 ], [ -95.5887813, 30.0546183 ], [ -95.586833, 30.051246 ], [ -95.5855482, 30.0489823 ], [ -95.5783788, 30.03635 ], [ -95.5781586, 30.035962 ], [ -95.577177, 30.034219 ], [ -95.5750223, 30.0304447 ], [ -95.5725501, 30.0260927 ], [ -95.5709389, 30.0232652 ], [ -95.5707077, 30.0228595 ], [ -95.570644, 30.0227477 ], [ -95.5699086, 30.0214352 ], [ -95.5674088, 30.0170562 ], [ -95.5669662, 30.0162603 ], [ -95.5668769, 30.0161192 ], [ -95.5634116, 30.010017 ], [ -95.5632394, 30.0097137 ], [ -95.5623641, 30.00819 ], [ -95.5613445, 30.0063733 ], [ -95.5588182, 30.0019446 ], [ -95.5587345, 30.0017995 ], [ -95.5565514, 29.9979595 ], [ -95.5556068, 29.9962979 ], [ -95.5538769, 29.9932457 ] ] } },
{ "type": "Feature", "properties": { "id": "way/592782577", "@id": "way/592782577", "access": null, "addr:city": null, "addr:state": null, "bridge": "yes", "bridge:movable": null, "covered": null, "crossing:barrier": null, "electrified": "no", "embankment": null, "fixme": null, "gauge": "1435", "highspeed": null, "layer": "1", "length": null, "maxspeed": "40 mph", "name": "BNSF Houston Subdivision", "name_1": null, "note": null, "note:old_railway_operator": null, "old_railway_operator": "CB&Q;CRI&P", "operator": "BNSF Railway", "operator:wikidata": "Q267122", "owner": null, "railway": "rail", "railway:atc": null, "railway:freight": null, "railway:ptc": "yes", "railway:ref": null, "railway:track_class": "3", "railway:track_ref": null, "ref": "492", "reporting_marks": "BNSF", "service": "none", "source": null, "spur": null, "start_date": null, "tiger:cfcc": null, "tiger:county": null, "tiger:name_base": "Burlington Northern Railroad:Chicago Rock Island and Pacifi:Houston Belt and Terminal Ry", "tiger:name_base_1": "Chicago Rock Island and Pacifi", "tiger:name_base_2": "Fort Worth and Denver Railway", "tiger:reviewed": null, "tiger:zip_left": null, "tiger:zip_right": null, "tracks": null, "tunnel": null, "usage": "main", "maxspeed_mph": 40.0 }, "geometry": { "type": "LineString", "coordinates": [ [ -95.5923058, 30.0608127 ], [ -95.5920911, 30.0604359 ] ] } },
{ "type": "Feature", "properties": { "id": "way/597868491", "@id": "way/597868491", "access": null, "addr:city": null, "addr:state": null, "bridge": null, "bridge:movable": null, "covered": null, "crossing:barrier": null, "electrified": "no", "embankment": null, "fixme": null, "gauge": "1435", "highspeed": null, "layer": null, "length": null, "maxspeed": "60 mph", "name": "UP Palestine Subdivision", "name_1": null, "note": null, "note:old_railway_operator": null, "old_railway_operator": "MP", "operator": "Union Pacific Railroad", "operator:wikidata": "Q725793", "owner": null, "railway": "rail", "railway:atc": null, "railway:freight": null, "railway:ptc": "yes", "railway:ref": null, "railway:track_class": "4", "railway:track_ref": null, "ref": null, "reporting_marks": null, "service": "none", "source": "Texas Department of Transportation", "spur": null, "start_date": null, "tiger:cfcc": null, "tiger:county": null, "tiger:name_base": null, "tiger:name_base_1": null, "tiger:name_base_2": null, "tiger:reviewed": null, "tiger:zip_left": null, "tiger:zip_right": null, "tracks": null, "tunnel": null, "usage": "main", "maxspeed_mph": 60.0 }, "geometry": { "type": "LineString", "coordinates": [ [ -95.3763511, 29.9167328 ], [ -95.3767346, 29.9182782 ], [ -95.3773099, 29.9205814 ], [ -95.377703, 29.922091 ], [ -95.3781244, 29.9238342 ], [ -95.3784836, 29.9252609 ], [ -95.3785421, 29.9254935 ], [ -95.3787423, 29.9263117 ], [ -95.3790792, 29.9276476 ], [ -95.3794969, 29.9293012 ], [ -95.380349, 29.932667 ], [ -95.381364, 29.936682 ], [ -95.381776, 29.9383876 ] ] } },
{ "type": "Feature", "properties": { "id": "way/597868494", "@id": "way/597868494", "access": null, "addr:city": null, "addr:state": null, "bridge": "yes", "bridge:movable": null, "covered": null, "crossing:barrier": null, "electrified": "no", "embankment": null, "fixme": null, "gauge": "1435", "highspeed": null, "layer": "1", "length": null, "maxspeed": "60 mph", "name": "UP Palestine Subdivision", "name_1": null, "note": null, "note:old_railway_operator": null, "old_railway_operator": "MP", "operator": "Union Pacific Railroad", "operator:wikidata": "Q725793", "owner": null, "railway": "rail", "railway:atc": null, "railway:freight": null, "railway:ptc": "yes", "railway:ref": null, "railway:track_class": "4", "railway:track_ref": null, "ref": null, "reporting_marks": null, "service": "none", "source": "Texas Department of Transportation", "spur": null, "start_date": null, "tiger:cfcc": null, "tiger:county": null, "tiger:name_base": null, "tiger:name_base_1": null, "tiger:name_base_2": null, "tiger:reviewed": null, "tiger:zip_left": null, "tiger:zip_right": null, "tracks": null, "tunnel": null, "usage": "main", "maxspeed_mph": 60.0 }, "geometry": { "type": "LineString", "coordinates": [ [ -95.3763224, 29.9166159 ], [ -95.3763511, 29.9167328 ] ] } },
{ "type": "Feature", "properties": { "id": "way/602588772", "@id": "way/602588772", "access": null, "addr:city": null, "addr:state": null, "bridge": null, "bridge:movable": null, "covered": null, "crossing:barrier": null, "electrified": "no", "embankment": null, "fixme": null, "gauge": "1435", "highspeed": null, "layer": null, "length": null, "maxspeed": "60 mph", "name": "UP Lufkin Subdivision", "name_1": null, "note": null, "note:old_railway_operator": "HE&WT", "old_railway_operator": "SP", "operator": "Union Pacific Railroad", "operator:wikidata": "Q725793", "owner": null, "railway": "rail", "railway:atc": "no", "railway:freight": null, "railway:ptc": "no", "railway:ref": null, "railway:track_class": "4", "railway:track_ref": null, "ref": null, "reporting_marks": null, "service": "none", "source": "Texas Department of Transportation", "spur": null, "start_date": null, "tiger:cfcc": "B11:B13:B21", "tiger:county": "Angelina, TX:Caddo, LA:De Soto, LA:Harris, TX:Liberty, TX:Montgomery, TX:Nacogdoches, TX:Polk, TX:San Jacinto, TX:Shelby, TX", "tiger:name_base": "Kansas City Southern Railway:Southern Pacific Railroad", "tiger:name_base_1": null, "tiger:name_base_2": null, "tiger:reviewed": null, "tiger:zip_left": null, "tiger:zip_right": null, "tracks": null, "tunnel": null, "usage": "main", "maxspeed_mph": 60.0 }, "geometry": { "type": "LineString", "coordinates": [ [ -95.1793456, 30.2080794 ], [ -95.1794628, 30.2078947 ], [ -95.1794774, 30.2078717 ], [ -95.1795535, 30.2077517 ], [ -95.1796299, 30.2076313 ], [ -95.1802172, 30.2067839 ], [ -95.182518, 30.2033459 ] ] } },
{ "type": "Feature", "properties": { "id": "way/611223761", "@id": "way/611223761", "access": null, "addr:city": "Tomball", "addr:state": "TX", "bridge": null, "bridge:movable": null, "covered": null, "crossing:barrier": null, "electrified": "no", "embankment": null, "fixme": null, "gauge": "1435", "highspeed": null, "layer": null, "length": null, "maxspeed": "60 mph", "name": "UP Navasota Subdivision", "name_1": null, "note": null, "note:old_railway_operator": null, "old_railway_operator": "MP", "operator": "Union Pacific Railroad", "operator:wikidata": "Q725793", "owner": null, "railway": "rail", "railway:atc": null, "railway:freight": null, "railway:ptc": "yes", "railway:ref": null, "railway:track_class": "4", "railway:track_ref": null, "ref": null, "reporting_marks": null, "service": "none", "source": "Union Pacific", "spur": null, "start_date": null, "tiger:cfcc": "B11", "tiger:county": "Grimes, TX:Harris, TX:Montgomery, TX:Waller, TX", "tiger:name_base": "Railroad:Union Pacific Railroad", "tiger:name_base_1": null, "tiger:name_base_2": null, "tiger:reviewed": null, "tiger:zip_left": null, "tiger:zip_right": null, "tracks": null, "tunnel": null, "usage": "main", "maxspeed_mph": 60.0 }, "geometry": { "type": "LineString", "coordinates": [ [ -95.5471316, 30.1039214 ], [ -95.5468582, 30.1038729 ], [ -95.5453636, 30.1036071 ], [ -95.545211, 30.1035846 ], [ -95.5400564, 30.1026598 ], [ -95.5380362, 30.102303 ], [ -95.5348536, 30.1017344 ], [ -95.5327152, 30.1013556 ], [ -95.5319656, 30.1012236 ], [ -95.5317557, 30.1011867 ], [ -95.5258604, 30.1001363 ], [ -95.5258129, 30.1001278 ], [ -95.5142744, 30.0980716 ], [ -95.5141039, 30.0980408 ], [ -95.5111043, 30.0975084 ], [ -95.5068032, 30.0967372 ], [ -95.5066648, 30.0967112 ], [ -95.5034792, 30.0961506 ], [ -95.4996234, 30.0954644 ], [ -95.4962071, 30.0948574 ], [ -95.4927567, 30.0942435 ], [ -95.4905197, 30.0938464 ], [ -95.4862782, 30.0930868 ], [ -95.4829351, 30.0924969 ], [ -95.4779158, 30.091605 ], [ -95.4723771, 30.0906167 ], [ -95.4697181, 30.0901465 ], [ -95.4645931, 30.0892356 ], [ -95.4622944, 30.088826 ], [ -95.4598534, 30.0883901 ], [ -95.457734, 30.088021 ], [ -95.4547875, 30.0874922 ], [ -95.4523648, 30.0870599 ], [ -95.4493265, 30.0865183 ], [ -95.4439951, 30.0855733 ], [ -95.439098, 30.0847023 ], [ -95.4298113, 30.0830494 ], [ -95.4221292, 30.0816825 ], [ -95.4214172, 30.081557 ], [ -95.4207826, 30.0814438 ] ] } },
{ "type": "Feature", "properties": { "id": "way/611223768", "@id": "way/611223768", "access": null, "addr:city": "Tomball", "addr:state": "TX", "bridge": "yes", "bridge:movable": null, "covered": null, "crossing:barrier": null, "electrified": "no", "embankment": null, "fixme": null, "gauge": "1435", "highspeed": null, "layer": "1", "length": null, "maxspeed": "60 mph", "name": "UP Navasota Subdivision", "name_1": null, "note": null, "note:old_railway_operator": null, "old_railway_operator": "MP", "operator": "Union Pacific Railroad", "operator:wikidata": "Q725793", "owner": null, "railway": "rail", "railway:atc": null, "railway:freight": null, "railway:ptc": "yes", "railway:ref": null, "railway:track_class": "4", "railway:track_ref": null, "ref": null, "reporting_marks": null, "service": "none", "source": "Union Pacific", "spur": null, "start_date": null, "tiger:cfcc": "B11", "tiger:county": "Grimes, TX:Harris, TX:Montgomery, TX:Waller, TX", "tiger:name_base": "Railroad:Union Pacific Railroad", "tiger:name_base_1": null, "tiger:name_base_2": null, "tiger:reviewed": null, "tiger:zip_left": null, "tiger:zip_right": null, "tracks": null, "tunnel": null, "usage": "main", "maxspeed_mph": 60.0 }, "geometry": { "type": "LineString", "coordinates": [ [ -95.5809694, 30.1136061 ], [ -95.5808937, 30.1135613 ] ] } },
{ "type": "Feature", "properties": { "id": "way/616187533", "@id": "way/616187533", "access": null, "addr:city": null, "addr:state": null, "bridge": "yes", "bridge:movable": null, "covered": null, "crossing:barrier": null, "electrified": "no", "embankment": null, "fixme": null, "gauge": "1435", "highspeed": null, "layer": "1", "length": null, "maxspeed": "60 mph", "name": "UP Lufkin Subdivision", "name_1": null, "note": null, "note:old_railway_operator": "HE&WT", "old_railway_operator": "SP", "operator": "Union Pacific Railroad", "operator:wikidata": "Q725793", "owner": null, "railway": "rail", "railway:atc": "no", "railway:freight": null, "railway:ptc": "no", "railway:ref": null, "railway:track_class": "4", "railway:track_ref": null, "ref": null, "reporting_marks": null, "service": "none", "source": "Texas Department of Transportation", "spur": null, "start_date": null, "tiger:cfcc": "B11:B13:B21", "tiger:county": "Angelina, TX:Caddo, LA:De Soto, LA:Harris, TX:Liberty, TX:Montgomery, TX:Nacogdoches, TX:Polk, TX:San Jacinto, TX:Shelby, TX", "tiger:name_base": "Kansas City Southern Railway:Southern Pacific Railroad", "tiger:name_base_1": null, "tiger:name_base_2": null, "tiger:reviewed": null, "tiger:zip_left": null, "tiger:zip_right": null, "tracks": null, "tunnel": null, "usage": "main", "maxspeed_mph": 60.0 }, "geometry": { "type": "LineString", "coordinates": [ [ -95.2124757, 30.1512584 ], [ -95.2125037, 30.1511775 ] ] } },
{ "type": "Feature", "properties": { "id": "way/616187540", "@id": "way/616187540", "access": null, "addr:city": null, "addr:state": null, "bridge": null, "bridge:movable": null, "covered": null, "crossing:barrier": null, "electrified": "no", "embankment": null, "fixme": null, "gauge": "1435", "highspeed": null, "layer": null, "length": null, "maxspeed": "60 mph", "name": "UP Lufkin Subdivision", "name_1": null, "note": null, "note:old_railway_operator": "HE&WT", "old_railway_operator": "SP", "operator": "Union Pacific Railroad", "operator:wikidata": "Q725793", "owner": null, "railway": "rail", "railway:atc": "no", "railway:freight": null, "railway:ptc": "no", "railway:ref": null, "railway:track_class": "4", "railway:track_ref": null, "ref": null, "reporting_marks": null, "service": "none", "source": "Texas Department of Transportation", "spur": null, "start_date": null, "tiger:cfcc": "B11:B13:B21", "tiger:county": "Angelina, TX:Caddo, LA:De Soto, LA:Harris, TX:Liberty, TX:Montgomery, TX:Nacogdoches, TX:Polk, TX:San Jacinto, TX:Shelby, TX", "tiger:name_base": "Kansas City Southern Railway:Southern Pacific Railroad", "tiger:name_base_1": null, "tiger:name_base_2": null, "tiger:reviewed": null, "tiger:zip_left": null, "tiger:zip_right": null, "tracks": null, "tunnel": null, "usage": "main", "maxspeed_mph": 60.0 }, "geometry": { "type": "LineString", "coordinates": [ [ -95.2128856, 30.1500724 ], [ -95.2142913, 30.1460203 ], [ -95.2147475, 30.1447061 ], [ -95.215654, 30.1420817 ], [ -95.2166975, 30.1390867 ], [ -95.2173984, 30.13707 ], [ -95.2179005, 30.1356081 ], [ -95.2181691, 30.1348159 ], [ -95.2196925, 30.1304254 ], [ -95.2202403, 30.1288467 ], [ -95.2203158, 30.1286292 ], [ -95.2213179, 30.1257545 ], [ -95.2225381, 30.122243 ], [ -95.2239542, 30.1181444 ] ] } },
{ "type": "Feature", "properties": { "id": "way/616776892", "@id": "way/616776892", "access": null, "addr:city": null, "addr:state": null, "bridge": "yes", "bridge:movable": null, "covered": null, "crossing:barrier": null, "electrified": "no", "embankment": null, "fixme": null, "gauge": "1435", "highspeed": null, "layer": "1", "length": null, "maxspeed": "40 mph", "name": "BNSF Houston Subdivision", "name_1": null, "note": null, "note:old_railway_operator": null, "old_railway_operator": "CB&Q;CRI&P", "operator": "BNSF Railway", "operator:wikidata": "Q267122", "owner": null, "railway": "rail", "railway:atc": null, "railway:freight": null, "railway:ptc": "yes", "railway:ref": null, "railway:track_class": "3", "railway:track_ref": null, "ref": "492", "reporting_marks": "BNSF", "service": "none", "source": null, "spur": null, "start_date": null, "tiger:cfcc": null, "tiger:county": null, "tiger:name_base": "Burlington Northern Railroad:Chicago Rock Island and Pacifi:Houston Belt and Terminal Ry", "tiger:name_base_1": "Chicago Rock Island and Pacifi", "tiger:name_base_2": "Fort Worth and Denver Railway", "tiger:reviewed": null, "tiger:zip_left": null, "tiger:zip_right": null, "tracks": null, "tunnel": null, "usage": "main", "maxspeed_mph": 40.0 }, "geometry": { "type": "LineString", "coordinates": [ [ -95.5930247, 30.0620694 ], [ -95.592865, 30.0617903 ] ] } },
{ "type": "Feature", "properties": { "id": "way/616776900", "@id": "way/616776900", "access": null, "addr:city": null, "addr:state": null, "bridge": null, "bridge:movable": null, "covered": null, "crossing:barrier": null, "electrified": "no", "embankment": null, "fixme": null, "gauge": "1435", "highspeed": null, "layer": null, "length": null, "maxspeed": "40 mph", "name": "BNSF Houston Subdivision", "name_1": null, "note": null, "note:old_railway_operator": null, "old_railway_operator": "CB&Q;CRI&P", "operator": "BNSF Railway", "operator:wikidata": "Q267122", "owner": null, "railway": "rail", "railway:atc": null, "railway:freight": null, "railway:ptc": "yes", "railway:ref": null, "railway:track_class": "3", "railway:track_ref": null, "ref": "492", "reporting_marks": "BNSF", "service": "none", "source": null, "spur": null, "start_date": null, "tiger:cfcc": null, "tiger:county": null, "tiger:name_base": "Burlington Northern Railroad:Chicago Rock Island and Pacifi:Houston Belt and Terminal Ry", "tiger:name_base_1": "Chicago Rock Island and Pacifi", "tiger:name_base_2": "Fort Worth and Denver Railway", "tiger:reviewed": null, "tiger:zip_left": null, "tiger:zip_right": null, "tracks": null, "tunnel": null, "usage": "main", "maxspeed_mph": 40.0 }, "geometry": { "type": "LineString", "coordinates": [ [ -95.592865, 30.0617903 ], [ -95.5923058, 30.0608127 ] ] } },
{ "type": "Feature", "properties": { "id": "way/617519996", "@id": "way/617519996", "access": null, "addr:city": null, "addr:state": null, "bridge": null, "bridge:movable": null, "covered": null, "crossing:barrier": null, "electrified": "no", "embankment": null, "fixme": null, "gauge": "1435", "highspeed": null, "layer": null, "length": null, "maxspeed": "55 mph", "name": "BNSF Mykawa Subdivision", "name_1": null, "note": null, "note:old_railway_operator": null, "old_railway_operator": "AT&SF", "operator": "BNSF Railway", "operator:wikidata": "Q267122", "owner": null, "railway": "rail", "railway:atc": null, "railway:freight": null, "railway:ptc": "yes", "railway:ref": null, "railway:track_class": "4", "railway:track_ref": null, "ref": "7501", "reporting_marks": "BNSF", "service": "none", "source": null, "spur": null, "start_date": null, "tiger:cfcc": null, "tiger:county": null, "tiger:name_base": null, "tiger:name_base_1": null, "tiger:name_base_2": null, "tiger:reviewed": null, "tiger:zip_left": null, "tiger:zip_right": null, "tracks": null, "tunnel": null, "usage": "main", "maxspeed_mph": 55.0 }, "geometry": { "type": "LineString", "coordinates": [ [ -95.2637802, 29.4851065 ], [ -95.2637225, 29.4848904 ], [ -95.2631629, 29.4830236 ], [ -95.2626169, 29.4812088 ], [ -95.2622437, 29.479961 ], [ -95.2615521, 29.4776383 ], [ -95.2608385, 29.4752572 ], [ -95.2605553, 29.4743147 ], [ -95.2601258, 29.4728897 ] ] } },
{ "type": "Feature", "properties": { "id": "way/617519998", "@id": "way/617519998", "access": null, "addr:city": null, "addr:state": null, "bridge": "yes", "bridge:movable": null, "covered": null, "crossing:barrier": null, "electrified": "no", "embankment": null, "fixme": null, "gauge": "1435", "highspeed": null, "layer": "1", "length": null, "maxspeed": "55 mph", "name": "BNSF Mykawa Subdivision", "name_1": null, "note": null, "note:old_railway_operator": null, "old_railway_operator": "AT&SF", "operator": "BNSF Railway", "operator:wikidata": "Q267122", "owner": null, "railway": "rail", "railway:atc": null, "railway:freight": null, "railway:ptc": "yes", "railway:ref": null, "railway:track_class": "4", "railway:track_ref": null, "ref": "7501", "reporting_marks": "BNSF", "service": "none", "source": null, "spur": null, "start_date": null, "tiger:cfcc": null, "tiger:county": null, "tiger:name_base": null, "tiger:name_base_1": null, "tiger:name_base_2": null, "tiger:reviewed": null, "tiger:zip_left": null, "tiger:zip_right": null, "tracks": null, "tunnel": null, "usage": "main", "maxspeed_mph": 55.0 }, "geometry": { "type": "LineString", "coordinates": [ [ -95.2638405, 29.4853054 ], [ -95.2637802, 29.4851065 ] ] } },
{ "type": "Feature", "properties": { "id": "way/617548299", "@id": "way/617548299", "access": null, "addr:city": null, "addr:state": null, "bridge": null, "bridge:movable": null, "covered": null, "crossing:barrier": null, "electrified": "no", "embankment": null, "fixme": null, "gauge": "1435", "highspeed": null, "layer": null, "length": null, "maxspeed": "55 mph", "name": "BNSF Mykawa Subdivision", "name_1": null, "note": null, "note:old_railway_operator": null, "old_railway_operator": "AT&SF", "operator": "BNSF Railway", "operator:wikidata": "Q267122", "owner": null, "railway": "rail", "railway:atc": null, "railway:freight": null, "railway:ptc": "yes", "railway:ref": null, "railway:track_class": "4", "railway:track_ref": null, "ref": "7501", "reporting_marks": "BNSF", "service": "none", "source": null, "spur": null, "start_date": null, "tiger:cfcc": null, "tiger:county": null, "tiger:name_base": null, "tiger:name_base_1": null, "tiger:name_base_2": null, "tiger:reviewed": null, "tiger:zip_left": null, "tiger:zip_right": null, "tracks": null, "tunnel": null, "usage": "main", "maxspeed_mph": 55.0 }, "geometry": { "type": "LineString", "coordinates": [ [ -95.2600956, 29.4727896 ], [ -95.2600025, 29.4724615 ], [ -95.2589173, 29.4688502 ], [ -95.2581952, 29.4664333 ], [ -95.2564006, 29.4603713 ], [ -95.2536228, 29.4511289 ] ] } },
{ "type": "Feature", "properties": { "id": "way/617548300", "@id": "way/617548300", "access": null, "addr:city": null, "addr:state": null, "bridge": "yes", "bridge:movable": null, "covered": null, "crossing:barrier": null, "electrified": "no", "embankment": null, "fixme": null, "gauge": "1435", "highspeed": null, "layer": "1", "length": null, "maxspeed": "55 mph", "name": "BNSF Mykawa Subdivision", "name_1": null, "note": null, "note:old_railway_operator": null, "old_railway_operator": "AT&SF", "operator": "BNSF Railway", "operator:wikidata": "Q267122", "owner": null, "railway": "rail", "railway:atc": null, "railway:freight": null, "railway:ptc": "yes", "railway:ref": null, "railway:track_class": "4", "railway:track_ref": null, "ref": "7501", "reporting_marks": "BNSF", "service": "none", "source": null, "spur": null, "start_date": null, "tiger:cfcc": null, "tiger:county": null, "tiger:name_base": null, "tiger:name_base_1": null, "tiger:name_base_2": null, "tiger:reviewed": null, "tiger:zip_left": null, "tiger:zip_right": null, "tracks": null, "tunnel": null, "usage": "main", "maxspeed_mph": 55.0 }, "geometry": { "type": "LineString", "coordinates": [ [ -95.2601258, 29.4728897 ], [ -95.2600956, 29.4727896 ] ] } },
{ "type": "Feature", "properties": { "id": "way/633513311", "@id": "way/633513311", "access": null, "addr:city": null, "addr:state": null, "bridge": null, "bridge:movable": null, "covered": null, "crossing:barrier": null, "electrified": "no", "embankment": null, "fixme": null, "gauge": "1435", "highspeed": null, "layer": null, "length": null, "maxspeed": "20 mph", "name": "UP Houston West Belt Subdivision", "name_1": null, "note": null, "note:old_railway_operator": null, "old_railway_operator": null, "operator": "Union Pacific Railroad", "operator:wikidata": "Q725793", "owner": null, "railway": "rail", "railway:atc": null, "railway:freight": null, "railway:ptc": "yes", "railway:ref": null, "railway:track_class": "2", "railway:track_ref": null, "ref": null, "reporting_marks": null, "service": "none", "source": "Texas Department of Transportation", "spur": null, "start_date": null, "tiger:cfcc": null, "tiger:county": null, "tiger:name_base": null, "tiger:name_base_1": null, "tiger:name_base_2": null, "tiger:reviewed": null, "tiger:zip_left": null, "tiger:zip_right": null, "tracks": null, "tunnel": null, "usage": "main", "maxspeed_mph": 20.0 }, "geometry": { "type": "LineString", "coordinates": [ [ -95.3513704, 29.8168919 ], [ -95.3519001, 29.8190379 ], [ -95.3520725, 29.8197364 ], [ -95.3524071, 29.8209009 ], [ -95.3526427, 29.8217979 ] ] } },
{ "type": "Feature", "properties": { "id": "way/659634745", "@id": "way/659634745", "access": null, "addr:city": null, "addr:state": null, "bridge": null, "bridge:movable": null, "covered": null, "crossing:barrier": null, "electrified": "no", "embankment": null, "fixme": null, "gauge": "1435", "highspeed": null, "layer": null, "length": null, "maxspeed": "79 mph", "name": "UP Houston Subdivision", "name_1": null, "note": null, "note:old_railway_operator": "H&TC", "old_railway_operator": "SP", "operator": "Union Pacific Railroad", "operator:wikidata": "Q725793", "owner": "Union Pacific Railroad", "railway": "rail", "railway:atc": null, "railway:freight": null, "railway:ptc": "yes", "railway:ref": null, "railway:track_class": "5", "railway:track_ref": null, "ref": null, "reporting_marks": null, "service": "none", "source": "Texas Department of Transportation", "spur": null, "start_date": null, "tiger:cfcc": null, "tiger:county": null, "tiger:name_base": null, "tiger:name_base_1": null, "tiger:name_base_2": null, "tiger:reviewed": null, "tiger:zip_left": null, "tiger:zip_right": null, "tracks": null, "tunnel": null, "usage": "main", "maxspeed_mph": 79.0 }, "geometry": { "type": "LineString", "coordinates": [ [ -95.3705304, 29.768526 ], [ -95.3703095, 29.7684779 ] ] } },
{ "type": "Feature", "properties": { "id": "way/659634746", "@id": "way/659634746", "access": null, "addr:city": null, "addr:state": null, "bridge": null, "bridge:movable": null, "covered": null, "crossing:barrier": null, "electrified": "no", "embankment": null, "fixme": null, "gauge": "1435", "highspeed": null, "layer": null, "length": null, "maxspeed": "79 mph", "name": "UP Houston Subdivision", "name_1": null, "note": null, "note:old_railway_operator": "H&TC", "old_railway_operator": "SP", "operator": "Union Pacific Railroad", "operator:wikidata": "Q725793", "owner": "Union Pacific Railroad", "railway": "rail", "railway:atc": null, "railway:freight": null, "railway:ptc": "yes", "railway:ref": null, "railway:track_class": "5", "railway:track_ref": null, "ref": null, "reporting_marks": null, "service": "none", "source": "Texas Department of Transportation", "spur": null, "start_date": null, "tiger:cfcc": null, "tiger:county": null, "tiger:name_base": null, "tiger:name_base_1": null, "tiger:name_base_2": null, "tiger:reviewed": null, "tiger:zip_left": null, "tiger:zip_right": null, "tracks": null, "tunnel": null, "usage": "main", "maxspeed_mph": 79.0 }, "geometry": { "type": "LineString", "coordinates": [ [ -95.3618868, 29.7662631 ], [ -95.3616785, 29.7661753 ], [ -95.3615006, 29.7661017 ], [ -95.3613321, 29.7660426 ], [ -95.3611682, 29.7659923 ], [ -95.3609203, 29.7659255 ] ] } },
{ "type": "Feature", "properties": { "id": "way/659634748", "@id": "way/659634748", "access": null, "addr:city": null, "addr:state": null, "bridge": "yes", "bridge:movable": null, "covered": null, "crossing:barrier": null, "electrified": "no", "embankment": null, "fixme": null, "gauge": "1435", "highspeed": null, "layer": "1", "length": null, "maxspeed": "79 mph", "name": "UP Houston Subdivision", "name_1": null, "note": null, "note:old_railway_operator": "T&NO", "old_railway_operator": "SP", "operator": "Union Pacific Railroad", "operator:wikidata": "Q725793", "owner": "Union Pacific Railroad", "railway": "rail", "railway:atc": null, "railway:freight": null, "railway:ptc": "yes", "railway:ref": null, "railway:track_class": "5", "railway:track_ref": null, "ref": null, "reporting_marks": "BNSF;UP", "service": "none", "source": "Texas Department of Transportation", "spur": null, "start_date": null, "tiger:cfcc": null, "tiger:county": null, "tiger:name_base": null, "tiger:name_base_1": null, "tiger:name_base_2": null, "tiger:reviewed": null, "tiger:zip_left": null, "tiger:zip_right": null, "tracks": null, "tunnel": null, "usage": "main", "maxspeed_mph": 79.0 }, "geometry": { "type": "LineString", "coordinates": [ [ -95.290174, 29.7986319 ], [ -95.2897497, 29.7988101 ] ] } },
{ "type": "Feature", "properties": { "id": "way/659634750", "@id": "way/659634750", "access": null, "addr:city": null, "addr:state": null, "bridge": "yes", "bridge:movable": null, "covered": null, "crossing:barrier": null, "electrified": "no", "embankment": null, "fixme": null, "gauge": "1435", "highspeed": null, "layer": "1", "length": null, "maxspeed": "79 mph", "name": "UP Houston Subdivision", "name_1": null, "note": null, "note:old_railway_operator": "T&NO", "old_railway_operator": "SP", "operator": "Union Pacific Railroad", "operator:wikidata": "Q725793", "owner": "Union Pacific Railroad", "railway": "rail", "railway:atc": null, "railway:freight": null, "railway:ptc": "yes", "railway:ref": null, "railway:track_class": "5", "railway:track_ref": null, "ref": null, "reporting_marks": "BNSF;UP", "service": "none", "source": "Texas Department of Transportation", "spur": null, "start_date": null, "tiger:cfcc": null, "tiger:county": null, "tiger:name_base": null, "tiger:name_base_1": null, "tiger:name_base_2": null, "tiger:reviewed": null, "tiger:zip_left": null, "tiger:zip_right": null, "tracks": null, "tunnel": null, "usage": "main", "maxspeed_mph": 79.0 }, "geometry": { "type": "LineString", "coordinates": [ [ -95.2901967, 29.7986726 ], [ -95.2899067, 29.7987987 ] ] } },
{ "type": "Feature", "properties": { "id": "way/659634752", "@id": "way/659634752", "access": null, "addr:city": null, "addr:state": null, "bridge": null, "bridge:movable": null, "covered": null, "crossing:barrier": null, "electrified": "no", "embankment": null, "fixme": null, "gauge": "1435", "highspeed": null, "layer": null, "length": null, "maxspeed": "79 mph", "name": "UP Houston Subdivision", "name_1": null, "note": null, "note:old_railway_operator": "T&NO", "old_railway_operator": "SP", "operator": "Union Pacific Railroad", "operator:wikidata": "Q725793", "owner": "Union Pacific Railroad", "railway": "rail", "railway:atc": null, "railway:freight": null, "railway:ptc": "yes", "railway:ref": null, "railway:track_class": "5", "railway:track_ref": null, "ref": null, "reporting_marks": null, "service": "none", "source": "Texas Department of Transportation", "spur": null, "start_date": null, "tiger:cfcc": null, "tiger:county": null, "tiger:name_base": null, "tiger:name_base_1": null, "tiger:name_base_2": null, "tiger:reviewed": null, "tiger:zip_left": null, "tiger:zip_right": null, "tracks": null, "tunnel": null, "usage": "main", "maxspeed_mph": 79.0 }, "geometry": { "type": "LineString", "coordinates": [ [ -95.2905855, 29.7984552 ], [ -95.2905119, 29.7984892 ] ] } },
{ "type": "Feature", "properties": { "id": "way/659634753", "@id": "way/659634753", "access": null, "addr:city": null, "addr:state": null, "bridge": null, "bridge:movable": null, "covered": null, "crossing:barrier": null, "electrified": "no", "embankment": null, "fixme": null, "gauge": "1435", "highspeed": null, "layer": null, "length": null, "maxspeed": "79 mph", "name": "UP Houston Subdivision", "name_1": null, "note": null, "note:old_railway_operator": "T&NO", "old_railway_operator": "SP", "operator": "Union Pacific Railroad", "operator:wikidata": "Q725793", "owner": "Union Pacific Railroad", "railway": "rail", "railway:atc": "no", "railway:freight": null, "railway:ptc": "no", "railway:ref": null, "railway:track_class": "5", "railway:track_ref": null, "ref": null, "reporting_marks": "BNSF;UP", "service": "none", "source": "Texas Department of Transportation", "spur": null, "start_date": null, "tiger:cfcc": null, "tiger:county": null, "tiger:name_base": null, "tiger:name_base_1": null, "tiger:name_base_2": null, "tiger:reviewed": null, "tiger:zip_left": null, "tiger:zip_right": null, "tracks": null, "tunnel": null, "usage": "main", "maxspeed_mph": 79.0 }, "geometry": { "type": "LineString", "coordinates": [ [ -95.2843392, 29.8011389 ], [ -95.2846417, 29.8009847 ], [ -95.2848239, 29.800892 ], [ -95.2850278, 29.8007897 ], [ -95.2852889, 29.8006584 ], [ -95.2856404, 29.8004791 ] ] } },
{ "type": "Feature", "properties": { "id": "way/659634754", "@id": "way/659634754", "access": null, "addr:city": null, "addr:state": null, "bridge": null, "bridge:movable": null, "covered": null, "crossing:barrier": null, "electrified": "no", "embankment": null, "fixme": null, "gauge": "1435", "highspeed": null, "layer": null, "length": null, "maxspeed": "79 mph", "name": "UP Houston Subdivision", "name_1": null, "note": null, "note:old_railway_operator": "T&NO", "old_railway_operator": "SP", "operator": "Union Pacific Railroad", "operator:wikidata": "Q725793", "owner": "Union Pacific Railroad", "railway": "rail", "railway:atc": "no", "railway:freight": null, "railway:ptc": "no", "railway:ref": null, "railway:track_class": "5", "railway:track_ref": null, "ref": null, "reporting_marks": "BNSF;UP", "service": "none", "source": "Texas Department of Transportation", "spur": null, "start_date": null, "tiger:cfcc": null, "tiger:county": null, "tiger:name_base": null, "tiger:name_base_1": null, "tiger:name_base_2": null, "tiger:reviewed": null, "tiger:zip_left": null, "tiger:zip_right": null, "tracks": null, "tunnel": null, "usage": "main", "maxspeed_mph": 79.0 }, "geometry": { "type": "LineString", "coordinates": [ [ -95.2720356, 29.8064421 ], [ -95.273139, 29.8059694 ], [ -95.2742953, 29.8054759 ], [ -95.2753625, 29.8050179 ], [ -95.2765158, 29.8045252 ], [ -95.2776731, 29.804029 ], [ -95.2787003, 29.8035882 ], [ -95.2798546, 29.8030942 ], [ -95.2807558, 29.8027095 ], [ -95.2816313, 29.8023358 ], [ -95.2827015, 29.8018774 ], [ -95.2833138, 29.8016144 ], [ -95.2836443, 29.8014739 ], [ -95.2838239, 29.8013939 ], [ -95.283956, 29.801332 ], [ -95.2841367, 29.801242 ], [ -95.2843392, 29.8011389 ] ] } },
{ "type": "Feature", "properties": { "id": "way/659634758", "@id": "way/659634758", "access": null, "addr:city": null, "addr:state": null, "bridge": null, "bridge:movable": null, "covered": null, "crossing:barrier": null, "electrified": "no", "embankment": null, "fixme": null, "gauge": "1435", "highspeed": null, "layer": null, "length": null, "maxspeed": "20 mph", "name": "UP Houston East Belt Subdivision", "name_1": null, "note": null, "note:old_railway_operator": null, "old_railway_operator": "MP", "operator": "Union Pacific Railroad", "operator:wikidata": "Q725793", "owner": null, "railway": "rail", "railway:atc": null, "railway:freight": null, "railway:ptc": "yes", "railway:ref": null, "railway:track_class": "2", "railway:track_ref": null, "ref": null, "reporting_marks": null, "service": "none", "source": "Texas Department of Transportation", "spur": null, "start_date": null, "tiger:cfcc": "B11", "tiger:county": "Harris, TX", "tiger:name_base": "Houston Belt and Terminal Ry:Union Pacific Railroad", "tiger:name_base_1": null, "tiger:name_base_2": null, "tiger:reviewed": null, "tiger:zip_left": null, "tiger:zip_right": null, "tracks": null, "tunnel": null, "usage": "main", "maxspeed_mph": 20.0 }, "geometry": { "type": "LineString", "coordinates": [ [ -95.2884565, 29.8430183 ], [ -95.2884549, 29.8431955 ], [ -95.2884454, 29.8450928 ], [ -95.2884438, 29.8452196 ], [ -95.2884396, 29.8455547 ], [ -95.288424, 29.846319 ], [ -95.2884199, 29.8491202 ], [ -95.2884101, 29.8495732 ], [ -95.2883777, 29.8500519 ], [ -95.2882974, 29.8505513 ], [ -95.2881844, 29.8510522 ] ] } },
{ "type": "Feature", "properties": { "id": "way/688516708", "@id": "way/688516708", "access": null, "addr:city": null, "addr:state": null, "bridge": "yes", "bridge:movable": null, "covered": null, "crossing:barrier": null, "electrified": "no", "embankment": null, "fixme": null, "gauge": "1435", "highspeed": null, "layer": "1", "length": null, "maxspeed": "60 mph", "name": "UP Palestine Subdivision", "name_1": null, "note": null, "note:old_railway_operator": null, "old_railway_operator": "MP", "operator": "Union Pacific Railroad", "operator:wikidata": "Q725793", "owner": null, "railway": "rail", "railway:atc": null, "railway:freight": null, "railway:ptc": "yes", "railway:ref": null, "railway:track_class": "4", "railway:track_ref": null, "ref": null, "reporting_marks": null, "service": "none", "source": "Texas Department of Transportation", "spur": null, "start_date": null, "tiger:cfcc": null, "tiger:county": null, "tiger:name_base": null, "tiger:name_base_1": null, "tiger:name_base_2": null, "tiger:reviewed": null, "tiger:zip_left": null, "tiger:zip_right": null, "tracks": null, "tunnel": null, "usage": "main", "maxspeed_mph": 60.0 }, "geometry": { "type": "LineString", "coordinates": [ [ -95.3762634, 29.916622 ], [ -95.3762929, 29.9167392 ] ] } },
{ "type": "Feature", "properties": { "id": "way/688516709", "@id": "way/688516709", "access": null, "addr:city": null, "addr:state": null, "bridge": null, "bridge:movable": null, "covered": null, "crossing:barrier": null, "electrified": "no", "embankment": null, "fixme": null, "gauge": "1435", "highspeed": null, "layer": null, "length": null, "maxspeed": "60 mph", "name": "UP Palestine Subdivision", "name_1": null, "note": null, "note:old_railway_operator": null, "old_railway_operator": "MP", "operator": "Union Pacific Railroad", "operator:wikidata": "Q725793", "owner": null, "railway": "rail", "railway:atc": null, "railway:freight": null, "railway:ptc": "yes", "railway:ref": null, "railway:track_class": "4", "railway:track_ref": null, "ref": null, "reporting_marks": null, "service": "none", "source": "Texas Department of Transportation", "spur": null, "start_date": null, "tiger:cfcc": null, "tiger:county": null, "tiger:name_base": null, "tiger:name_base_1": null, "tiger:name_base_2": null, "tiger:reviewed": null, "tiger:zip_left": null, "tiger:zip_right": null, "tracks": null, "tunnel": null, "usage": "main", "maxspeed_mph": 60.0 }, "geometry": { "type": "LineString", "coordinates": [ [ -95.3762929, 29.9167392 ], [ -95.3768672, 29.9190187 ], [ -95.3780715, 29.9238221 ], [ -95.3817253, 29.9383927 ] ] } },
{ "type": "Feature", "properties": { "id": "way/712461170", "@id": "way/712461170", "access": null, "addr:city": null, "addr:state": null, "bridge": null, "bridge:movable": null, "covered": null, "crossing:barrier": null, "electrified": "no", "embankment": null, "fixme": null, "gauge": "1435", "highspeed": null, "layer": null, "length": null, "maxspeed": "40 mph", "name": "BNSF Houston Subdivision", "name_1": null, "note": null, "note:old_railway_operator": null, "old_railway_operator": "CB&Q;CRI&P", "operator": "BNSF Railway", "operator:wikidata": "Q267122", "owner": null, "railway": "rail", "railway:atc": null, "railway:freight": null, "railway:ptc": "yes", "railway:ref": null, "railway:track_class": "3", "railway:track_ref": null, "ref": "492", "reporting_marks": "BNSF", "service": "none", "source": null, "spur": null, "start_date": null, "tiger:cfcc": null, "tiger:county": null, "tiger:name_base": "Burlington Northern Railroad:Chicago Rock Island and Pacifi:Houston Belt and Terminal Ry", "tiger:name_base_1": "Chicago Rock Island and Pacifi", "tiger:name_base_2": "Fort Worth and Denver Railway", "tiger:reviewed": null, "tiger:zip_left": null, "tiger:zip_right": null, "tracks": null, "tunnel": null, "usage": "main", "maxspeed_mph": 40.0 }, "geometry": { "type": "LineString", "coordinates": [ [ -95.4679521, 29.841628 ], [ -95.4676578, 29.8410736 ], [ -95.4676359, 29.8410324 ], [ -95.4675767, 29.8409285 ], [ -95.4675556, 29.8408913 ], [ -95.4673949, 29.8406151 ], [ -95.465306, 29.8369226 ], [ -95.4652835, 29.8368892 ], [ -95.4629513, 29.8327549 ], [ -95.462897, 29.8326682 ], [ -95.4627512, 29.8323889 ], [ -95.4627053, 29.8323082 ], [ -95.4599915, 29.8275324 ], [ -95.4597516, 29.8271103 ] ] } },
{ "type": "Feature", "properties": { "id": "way/770052276", "@id": "way/770052276", "access": null, "addr:city": null, "addr:state": null, "bridge": null, "bridge:movable": null, "covered": null, "crossing:barrier": null, "electrified": "no", "embankment": null, "fixme": null, "gauge": "1435", "highspeed": null, "layer": null, "length": null, "maxspeed": "40 mph", "name": "BNSF Houston Subdivision", "name_1": null, "note": null, "note:old_railway_operator": null, "old_railway_operator": "CB&Q;CRI&P", "operator": "BNSF Railway", "operator:wikidata": "Q267122", "owner": null, "railway": "rail", "railway:atc": null, "railway:freight": null, "railway:ptc": "yes", "railway:ref": null, "railway:track_class": "3", "railway:track_ref": null, "ref": "492", "reporting_marks": "BNSF", "service": "none", "source": null, "spur": null, "start_date": null, "tiger:cfcc": null, "tiger:county": null, "tiger:name_base": "Burlington Northern Railroad:Chicago Rock Island and Pacifi:Houston Belt and Terminal Ry", "tiger:name_base_1": "Chicago Rock Island and Pacifi", "tiger:name_base_2": "Fort Worth and Denver Railway", "tiger:reviewed": null, "tiger:zip_left": null, "tiger:zip_right": null, "tracks": null, "tunnel": null, "usage": "main", "maxspeed_mph": 40.0 }, "geometry": { "type": "LineString", "coordinates": [ [ -95.5054376, 29.9078254 ], [ -95.5042606, 29.9057466 ], [ -95.5041989, 29.9056376 ], [ -95.5030443, 29.9036111 ], [ -95.5014273, 29.9007806 ], [ -95.5007776, 29.8996099 ], [ -95.5005267, 29.8991794 ], [ -95.4981545, 29.8949929 ] ] } },
{ "type": "Feature", "properties": { "id": "way/835048344", "@id": "way/835048344", "access": null, "addr:city": null, "addr:state": null, "bridge": null, "bridge:movable": null, "covered": null, "crossing:barrier": null, "electrified": "no", "embankment": null, "fixme": null, "gauge": "1435", "highspeed": null, "layer": null, "length": null, "maxspeed": "20 mph", "name": "UP Houston West Belt Subdivision", "name_1": null, "note": null, "note:old_railway_operator": null, "old_railway_operator": "MP", "operator": "Union Pacific Railroad", "operator:wikidata": "Q725793", "owner": null, "railway": "rail", "railway:atc": null, "railway:freight": null, "railway:ptc": "yes", "railway:ref": null, "railway:track_class": "2", "railway:track_ref": null, "ref": null, "reporting_marks": null, "service": "none", "source": "Texas Department of Transportation", "spur": null, "start_date": null, "tiger:cfcc": null, "tiger:county": null, "tiger:name_base": null, "tiger:name_base_1": null, "tiger:name_base_2": null, "tiger:reviewed": null, "tiger:zip_left": null, "tiger:zip_right": null, "tracks": null, "tunnel": null, "usage": "main", "maxspeed_mph": 20.0 }, "geometry": { "type": "LineString", "coordinates": [ [ -95.3513604, 29.8168554 ], [ -95.3513704, 29.8168919 ] ] } },
{ "type": "Feature", "properties": { "id": "way/888775416", "@id": "way/888775416", "access": null, "addr:city": null, "addr:state": null, "bridge": null, "bridge:movable": null, "covered": null, "crossing:barrier": null, "electrified": "no", "embankment": null, "fixme": null, "gauge": "1435", "highspeed": null, "layer": null, "length": null, "maxspeed": "79 mph", "name": "UP Houston Subdivision", "name_1": null, "note": null, "note:old_railway_operator": "GH&SA", "old_railway_operator": "SP", "operator": "Union Pacific Railroad", "operator:wikidata": "Q725793", "owner": "Union Pacific Railroad", "railway": "rail", "railway:atc": "no", "railway:freight": null, "railway:ptc": "no", "railway:ref": null, "railway:track_class": "5", "railway:track_ref": null, "ref": null, "reporting_marks": null, "service": "none", "source": "Texas Department of Transportation", "spur": null, "start_date": null, "tiger:cfcc": null, "tiger:county": null, "tiger:name_base": null, "tiger:name_base_1": null, "tiger:name_base_2": null, "tiger:reviewed": null, "tiger:zip_left": null, "tiger:zip_right": null, "tracks": null, "tunnel": null, "usage": "main", "maxspeed_mph": 79.0 }, "geometry": { "type": "LineString", "coordinates": [ [ -95.4475616, 29.7146618 ], [ -95.4476189, 29.7175094 ] ] } },
{ "type": "Feature", "properties": { "id": "way/888775417", "@id": "way/888775417", "access": null, "addr:city": null, "addr:state": null, "bridge": null, "bridge:movable": null, "covered": null, "crossing:barrier": null, "electrified": "no", "embankment": null, "fixme": null, "gauge": "1435", "highspeed": null, "layer": null, "length": null, "maxspeed": "79 mph", "name": "UP Houston Subdivision", "name_1": null, "note": null, "note:old_railway_operator": "H&TC", "old_railway_operator": "SP", "operator": "Union Pacific Railroad", "operator:wikidata": "Q725793", "owner": "Union Pacific Railroad", "railway": "rail", "railway:atc": "no", "railway:freight": null, "railway:ptc": "no", "railway:ref": null, "railway:track_class": "5", "railway:track_ref": null, "ref": null, "reporting_marks": null, "service": "none", "source": "Texas Department of Transportation", "spur": null, "start_date": null, "tiger:cfcc": null, "tiger:county": null, "tiger:name_base": null, "tiger:name_base_1": null, "tiger:name_base_2": null, "tiger:reviewed": null, "tiger:zip_left": null, "tiger:zip_right": null, "tracks": null, "tunnel": null, "usage": "main", "maxspeed_mph": 79.0 }, "geometry": { "type": "LineString", "coordinates": [ [ -95.4476355, 29.715895 ], [ -95.4476438, 29.7162929 ] ] } },
{ "type": "Feature", "properties": { "id": "way/888775418", "@id": "way/888775418", "access": null, "addr:city": null, "addr:state": null, "bridge": null, "bridge:movable": null, "covered": null, "crossing:barrier": null, "electrified": "no", "embankment": null, "fixme": null, "gauge": "1435", "highspeed": null, "layer": null, "length": null, "maxspeed": "79 mph", "name": "UP Houston Subdivision", "name_1": null, "note": null, "note:old_railway_operator": "H&TC", "old_railway_operator": "SP", "operator": "Union Pacific Railroad", "operator:wikidata": "Q725793", "owner": "Union Pacific Railroad", "railway": "rail", "railway:atc": "no", "railway:freight": null, "railway:ptc": "no", "railway:ref": null, "railway:track_class": "5", "railway:track_ref": null, "ref": null, "reporting_marks": null, "service": "none", "source": "Texas Department of Transportation", "spur": null, "start_date": null, "tiger:cfcc": null, "tiger:county": null, "tiger:name_base": null, "tiger:name_base_1": null, "tiger:name_base_2": null, "tiger:reviewed": null, "tiger:zip_left": null, "tiger:zip_right": null, "tracks": null, "tunnel": null, "usage": "main", "maxspeed_mph": 79.0 }, "geometry": { "type": "LineString", "coordinates": [ [ -95.4470679, 29.6892339 ], [ -95.4470799, 29.6897924 ], [ -95.4470809, 29.689838 ], [ -95.447086, 29.6900721 ], [ -95.4471069, 29.6910485 ], [ -95.4474188, 29.7056208 ], [ -95.4474222, 29.7057781 ], [ -95.4474233, 29.7058276 ], [ -95.4474272, 29.7059864 ], [ -95.4474285, 29.7060471 ], [ -95.4476075, 29.714561 ], [ -95.4476355, 29.715895 ] ] } },
{ "type": "Feature", "properties": { "id": "way/888775419", "@id": "way/888775419", "access": null, "addr:city": null, "addr:state": null, "bridge": null, "bridge:movable": null, "covered": null, "crossing:barrier": null, "electrified": "no", "embankment": null, "fixme": null, "gauge": "1435", "highspeed": null, "layer": null, "length": null, "maxspeed": "79 mph", "name": "UP Houston Subdivision", "name_1": null, "note": null, "note:old_railway_operator": "GH&SA", "old_railway_operator": "SP", "operator": "Union Pacific Railroad", "operator:wikidata": "Q725793", "owner": "Union Pacific Railroad", "railway": "rail", "railway:atc": "no", "railway:freight": null, "railway:ptc": "no", "railway:ref": null, "railway:track_class": "5", "railway:track_ref": null, "ref": null, "reporting_marks": null, "service": "none", "source": "Texas Department of Transportation", "spur": null, "start_date": null, "tiger:cfcc": null, "tiger:county": null, "tiger:name_base": null, "tiger:name_base_1": null, "tiger:name_base_2": null, "tiger:reviewed": null, "tiger:zip_left": null, "tiger:zip_right": null, "tracks": null, "tunnel": null, "usage": "main", "maxspeed_mph": 79.0 }, "geometry": { "type": "LineString", "coordinates": [ [ -95.4470253, 29.6892343 ], [ -95.4470362, 29.6897939 ], [ -95.4470371, 29.689838 ], [ -95.4470416, 29.690071 ], [ -95.4470624, 29.691053 ], [ -95.4473706, 29.7056191 ], [ -95.447374, 29.7057787 ], [ -95.447375, 29.7058283 ], [ -95.4473788, 29.7059869 ], [ -95.4473801, 29.7060497 ], [ -95.4475594, 29.7145571 ], [ -95.4475616, 29.7146618 ] ] } },
{ "type": "Feature", "properties": { "id": "way/888775420", "@id": "way/888775420", "access": null, "addr:city": null, "addr:state": null, "bridge": null, "bridge:movable": null, "covered": null, "crossing:barrier": null, "electrified": "no", "embankment": null, "fixme": null, "gauge": "1435", "highspeed": null, "layer": null, "length": null, "maxspeed": "79 mph", "name": "UP Houston Subdivision", "name_1": null, "note": null, "note:old_railway_operator": "H&TC", "old_railway_operator": "SP", "operator": "Union Pacific Railroad", "operator:wikidata": "Q725793", "owner": "Union Pacific Railroad", "railway": "rail", "railway:atc": "no", "railway:freight": null, "railway:ptc": "no", "railway:ref": null, "railway:track_class": "5", "railway:track_ref": null, "ref": null, "reporting_marks": null, "service": "none", "source": "Texas Department of Transportation", "spur": null, "start_date": null, "tiger:cfcc": null, "tiger:county": null, "tiger:name_base": null, "tiger:name_base_1": null, "tiger:name_base_2": null, "tiger:reviewed": null, "tiger:zip_left": null, "tiger:zip_right": null, "tracks": null, "tunnel": null, "usage": "main", "maxspeed_mph": 79.0 }, "geometry": { "type": "LineString", "coordinates": [ [ -95.4352453, 29.7830486 ], [ -95.4338154, 29.7821445 ] ] } },
{ "type": "Feature", "properties": { "id": "way/888775421", "@id": "way/888775421", "access": null, "addr:city": null, "addr:state": null, "bridge": null, "bridge:movable": null, "covered": null, "crossing:barrier": null, "electrified": "no", "embankment": null, "fixme": null, "gauge": "1435", "highspeed": null, "layer": null, "length": null, "maxspeed": "79 mph", "name": "UP Houston Subdivision", "name_1": null, "note": null, "note:old_railway_operator": "H&TC", "old_railway_operator": "SP", "operator": "Union Pacific Railroad", "operator:wikidata": "Q725793", "owner": "Union Pacific Railroad", "railway": "rail", "railway:atc": null, "railway:freight": null, "railway:ptc": "yes", "railway:ref": null, "railway:track_class": "5", "railway:track_ref": null, "ref": null, "reporting_marks": null, "service": "none", "source": "Texas Department of Transportation", "spur": null, "start_date": null, "tiger:cfcc": null, "tiger:county": null, "tiger:name_base": null, "tiger:name_base_1": null, "tiger:name_base_2": null, "tiger:reviewed": null, "tiger:zip_left": null, "tiger:zip_right": null, "tracks": null, "tunnel": null, "usage": "main", "maxspeed_mph": 79.0 }, "geometry": { "type": "LineString", "coordinates": [ [ -95.43462, 29.7827037 ], [ -95.4345247, 29.7826427 ] ] } },
{ "type": "Feature", "properties": { "id": "way/888775423", "@id": "way/888775423", "access": null, "addr:city": null, "addr:state": null, "bridge": null, "bridge:movable": null, "covered": null, "crossing:barrier": null, "electrified": "no", "embankment": null, "fixme": null, "gauge": "1435", "highspeed": null, "layer": null, "length": null, "maxspeed": "79 mph", "name": "UP Houston Subdivision", "name_1": null, "note": null, "note:old_railway_operator": "H&TC", "old_railway_operator": "SP", "operator": "Union Pacific Railroad", "operator:wikidata": "Q725793", "owner": "Union Pacific Railroad", "railway": "rail", "railway:atc": null, "railway:freight": null, "railway:ptc": "yes", "railway:ref": null, "railway:track_class": "5", "railway:track_ref": null, "ref": null, "reporting_marks": null, "service": "none", "source": "Texas Department of Transportation", "spur": null, "start_date": null, "tiger:cfcc": null, "tiger:county": null, "tiger:name_base": null, "tiger:name_base_1": null, "tiger:name_base_2": null, "tiger:reviewed": null, "tiger:zip_left": null, "tiger:zip_right": null, "tracks": null, "tunnel": null, "usage": "main", "maxspeed_mph": 79.0 }, "geometry": { "type": "LineString", "coordinates": [ [ -95.398543, 29.7715344 ], [ -95.3978482, 29.7714593 ], [ -95.3975499, 29.7714271 ], [ -95.3974731, 29.7714188 ], [ -95.3971955, 29.771391 ], [ -95.3971134, 29.7713823 ], [ -95.3961462, 29.7712797 ], [ -95.3960736, 29.771272 ], [ -95.3960263, 29.771267 ], [ -95.3959831, 29.7712624 ], [ -95.3953864, 29.7711983 ], [ -95.3944465, 29.7710996 ], [ -95.3934196, 29.77099 ], [ -95.3930554, 29.7709502 ] ] } },
{ "type": "Feature", "properties": { "id": "way/888775424", "@id": "way/888775424", "access": null, "addr:city": null, "addr:state": null, "bridge": null, "bridge:movable": null, "covered": null, "crossing:barrier": null, "electrified": "no", "embankment": null, "fixme": null, "gauge": "1435", "highspeed": null, "layer": null, "length": null, "maxspeed": "79 mph", "name": "UP Houston Subdivision", "name_1": null, "note": null, "note:old_railway_operator": "H&TC", "old_railway_operator": "SP", "operator": "Union Pacific Railroad", "operator:wikidata": "Q725793", "owner": "Union Pacific Railroad", "railway": "rail", "railway:atc": null, "railway:freight": null, "railway:ptc": "yes", "railway:ref": null, "railway:track_class": "5", "railway:track_ref": null, "ref": null, "reporting_marks": null, "service": "none", "source": "Texas Department of Transportation", "spur": null, "start_date": null, "tiger:cfcc": null, "tiger:county": null, "tiger:name_base": null, "tiger:name_base_1": null, "tiger:name_base_2": null, "tiger:reviewed": null, "tiger:zip_left": null, "tiger:zip_right": null, "tracks": null, "tunnel": null, "usage": "main", "maxspeed_mph": 79.0 }, "geometry": { "type": "LineString", "coordinates": [ [ -95.3921595, 29.7708917 ], [ -95.3917699, 29.770857 ], [ -95.3912722, 29.7708318 ] ] } },
{ "type": "Feature", "properties": { "id": "way/888775425", "@id": "way/888775425", "access": null, "addr:city": null, "addr:state": null, "bridge": null, "bridge:movable": null, "covered": null, "crossing:barrier": null, "electrified": "no", "embankment": null, "fixme": null, "gauge": "1435", "highspeed": null, "layer": null, "length": null, "maxspeed": "70 mph", "name": "UP Houston Subdivision", "name_1": null, "note": null, "note:old_railway_operator": "T&NO", "old_railway_operator": "SP", "operator": "Union Pacific Railroad", "operator:wikidata": "Q725793", "owner": "Union Pacific Railroad", "railway": "rail", "railway:atc": null, "railway:freight": null, "railway:ptc": "yes", "railway:ref": null, "railway:track_class": "5", "railway:track_ref": null, "ref": null, "reporting_marks": null, "service": "none", "source": "Texas Department of Transportation", "spur": null, "start_date": null, "tiger:cfcc": null, "tiger:county": null, "tiger:name_base": null, "tiger:name_base_1": null, "tiger:name_base_2": null, "tiger:reviewed": null, "tiger:zip_left": null, "tiger:zip_right": null, "tracks": null, "tunnel": null, "usage": "main", "maxspeed_mph": 70.0 }, "geometry": { "type": "LineString", "coordinates": [ [ -95.3476914, 29.7741339 ], [ -95.3467298, 29.7745404 ], [ -95.3464236, 29.7746734 ], [ -95.3461709, 29.7747804 ], [ -95.346127, 29.7747993 ], [ -95.345783, 29.7749434 ], [ -95.3455996, 29.7750222 ], [ -95.3445301, 29.7754815 ], [ -95.3442782, 29.7755862 ] ] } },
{ "type": "Feature", "properties": { "id": "way/888775426", "@id": "way/888775426", "access": null, "addr:city": null, "addr:state": null, "bridge": null, "bridge:movable": null, "covered": null, "crossing:barrier": null, "electrified": "no", "embankment": null, "fixme": null, "gauge": "1435", "highspeed": null, "layer": null, "length": null, "maxspeed": "70 mph", "name": "UP Houston Subdivision", "name_1": null, "note": null, "note:old_railway_operator": "T&NO", "old_railway_operator": "SP", "operator": "Union Pacific Railroad", "operator:wikidata": "Q725793", "owner": "Union Pacific Railroad", "railway": "rail", "railway:atc": null, "railway:freight": null, "railway:ptc": "yes", "railway:ref": null, "railway:track_class": "5", "railway:track_ref": null, "ref": null, "reporting_marks": null, "service": "none", "source": "Texas Department of Transportation", "spur": null, "start_date": null, "tiger:cfcc": null, "tiger:county": null, "tiger:name_base": null, "tiger:name_base_1": null, "tiger:name_base_2": null, "tiger:reviewed": null, "tiger:zip_left": null, "tiger:zip_right": null, "tracks": null, "tunnel": null, "usage": "main", "maxspeed_mph": 70.0 }, "geometry": { "type": "LineString", "coordinates": [ [ -95.3442782, 29.7755862 ], [ -95.3435487, 29.7759007 ], [ -95.3420426, 29.7765407 ] ] } },
{ "type": "Feature", "properties": { "id": "way/888775427", "@id": "way/888775427", "access": null, "addr:city": null, "addr:state": null, "bridge": null, "bridge:movable": null, "covered": null, "crossing:barrier": null, "electrified": "no", "embankment": null, "fixme": null, "gauge": "1435", "highspeed": null, "layer": null, "length": null, "maxspeed": "79 mph", "name": "UP Houston Subdivision", "name_1": null, "note": null, "note:old_railway_operator": "T&NO", "old_railway_operator": "SP", "operator": "Union Pacific Railroad", "operator:wikidata": "Q725793", "owner": "Union Pacific Railroad", "railway": "rail", "railway:atc": null, "railway:freight": null, "railway:ptc": "yes", "railway:ref": null, "railway:track_class": "5", "railway:track_ref": null, "ref": null, "reporting_marks": null, "service": "none", "source": "Texas Department of Transportation", "spur": null, "start_date": null, "tiger:cfcc": null, "tiger:county": null, "tiger:name_base": null, "tiger:name_base_1": null, "tiger:name_base_2": null, "tiger:reviewed": null, "tiger:zip_left": null, "tiger:zip_right": null, "tracks": null, "tunnel": null, "usage": "main", "maxspeed_mph": 79.0 }, "geometry": { "type": "LineString", "coordinates": [ [ -95.3427999, 29.7761715 ], [ -95.3434828, 29.7758887 ] ] } },
{ "type": "Feature", "properties": { "id": "way/888775428", "@id": "way/888775428", "access": null, "addr:city": null, "addr:state": null, "bridge": null, "bridge:movable": null, "covered": null, "crossing:barrier": null, "electrified": "no", "embankment": null, "fixme": null, "gauge": "1435", "highspeed": null, "layer": null, "length": null, "maxspeed": "79 mph", "name": "UP Houston Subdivision", "name_1": null, "note": null, "note:old_railway_operator": "T&NO", "old_railway_operator": "SP", "operator": "Union Pacific Railroad", "operator:wikidata": "Q725793", "owner": "Union Pacific Railroad", "railway": "rail", "railway:atc": null, "railway:freight": null, "railway:ptc": "yes", "railway:ref": null, "railway:track_class": "5", "railway:track_ref": null, "ref": null, "reporting_marks": null, "service": "none", "source": "Texas Department of Transportation", "spur": null, "start_date": null, "tiger:cfcc": null, "tiger:county": null, "tiger:name_base": null, "tiger:name_base_1": null, "tiger:name_base_2": null, "tiger:reviewed": null, "tiger:zip_left": null, "tiger:zip_right": null, "tracks": null, "tunnel": null, "usage": "main", "maxspeed_mph": 79.0 }, "geometry": { "type": "LineString", "coordinates": [ [ -95.341914, 29.7765548 ], [ -95.342025, 29.7765092 ], [ -95.3427999, 29.7761715 ] ] } },
{ "type": "Feature", "properties": { "id": "way/888775429", "@id": "way/888775429", "access": null, "addr:city": null, "addr:state": null, "bridge": null, "bridge:movable": null, "covered": null, "crossing:barrier": null, "electrified": "no", "embankment": null, "fixme": null, "gauge": "1435", "highspeed": null, "layer": null, "length": null, "maxspeed": "79 mph", "name": "UP Houston Subdivision", "name_1": null, "note": null, "note:old_railway_operator": "T&NO", "old_railway_operator": "SP", "operator": "Union Pacific Railroad", "operator:wikidata": "Q725793", "owner": "Union Pacific Railroad", "railway": "rail", "railway:atc": null, "railway:freight": null, "railway:ptc": "yes", "railway:ref": null, "railway:track_class": "5", "railway:track_ref": null, "ref": null, "reporting_marks": null, "service": "none", "source": "Texas Department of Transportation", "spur": null, "start_date": null, "tiger:cfcc": null, "tiger:county": null, "tiger:name_base": null, "tiger:name_base_1": null, "tiger:name_base_2": null, "tiger:reviewed": null, "tiger:zip_left": null, "tiger:zip_right": null, "tracks": null, "tunnel": null, "usage": "main", "maxspeed_mph": 79.0 }, "geometry": { "type": "LineString", "coordinates": [ [ -95.3417341, 29.7766329 ], [ -95.3414257, 29.776762 ] ] } },
{ "type": "Feature", "properties": { "id": "way/888775430", "@id": "way/888775430", "access": null, "addr:city": null, "addr:state": null, "bridge": null, "bridge:movable": null, "covered": null, "crossing:barrier": null, "electrified": "no", "embankment": null, "fixme": null, "gauge": "1435", "highspeed": null, "layer": null, "length": null, "maxspeed": "79 mph", "name": "UP Houston Subdivision", "name_1": null, "note": null, "note:old_railway_operator": "T&NO", "old_railway_operator": "SP", "operator": "Union Pacific Railroad", "operator:wikidata": "Q725793", "owner": "Union Pacific Railroad", "railway": "rail", "railway:atc": null, "railway:freight": null, "railway:ptc": "yes", "railway:ref": null, "railway:track_class": "5", "railway:track_ref": null, "ref": null, "reporting_marks": null, "service": "none", "source": "Texas Department of Transportation", "spur": null, "start_date": null, "tiger:cfcc": null, "tiger:county": null, "tiger:name_base": null, "tiger:name_base_1": null, "tiger:name_base_2": null, "tiger:reviewed": null, "tiger:zip_left": null, "tiger:zip_right": null, "tracks": null, "tunnel": null, "usage": "main", "maxspeed_mph": 79.0 }, "geometry": { "type": "LineString", "coordinates": [ [ -95.3417374, 29.7766737 ], [ -95.3409968, 29.7769816 ], [ -95.3406609, 29.7771266 ] ] } },
{ "type": "Feature", "properties": { "id": "way/888775432", "@id": "way/888775432", "access": null, "addr:city": null, "addr:state": null, "bridge": null, "bridge:movable": null, "covered": null, "crossing:barrier": null, "electrified": "no", "embankment": null, "fixme": null, "gauge": "1435", "highspeed": null, "layer": null, "length": null, "maxspeed": "79 mph", "name": "UP Houston Subdivision", "name_1": null, "note": null, "note:old_railway_operator": "T&NO", "old_railway_operator": "SP", "operator": "Union Pacific Railroad", "operator:wikidata": "Q725793", "owner": "Union Pacific Railroad", "railway": "rail", "railway:atc": null, "railway:freight": null, "railway:ptc": "yes", "railway:ref": null, "railway:track_class": "5", "railway:track_ref": null, "ref": null, "reporting_marks": null, "service": "none", "source": "Texas Department of Transportation", "spur": null, "start_date": null, "tiger:cfcc": null, "tiger:county": null, "tiger:name_base": null, "tiger:name_base_1": null, "tiger:name_base_2": null, "tiger:reviewed": null, "tiger:zip_left": null, "tiger:zip_right": null, "tracks": null, "tunnel": null, "usage": "main", "maxspeed_mph": 79.0 }, "geometry": { "type": "LineString", "coordinates": [ [ -95.3406609, 29.7771266 ], [ -95.339187, 29.7777541 ], [ -95.3370079, 29.7786809 ], [ -95.3358141, 29.779195 ], [ -95.3357806, 29.7792094 ], [ -95.3341199, 29.7799112 ], [ -95.3330637, 29.7803598 ], [ -95.3319928, 29.7808215 ] ] } },
{ "type": "Feature", "properties": { "id": "way/888775433", "@id": "way/888775433", "access": null, "addr:city": null, "addr:state": null, "bridge": null, "bridge:movable": null, "covered": null, "crossing:barrier": null, "electrified": "no", "embankment": null, "fixme": null, "gauge": "1435", "highspeed": null, "layer": null, "length": null, "maxspeed": "79 mph", "name": "UP Houston Subdivision", "name_1": null, "note": null, "note:old_railway_operator": "T&NO", "old_railway_operator": "SP", "operator": "Union Pacific Railroad", "operator:wikidata": "Q725793", "owner": "Union Pacific Railroad", "railway": "rail", "railway:atc": null, "railway:freight": null, "railway:ptc": "yes", "railway:ref": null, "railway:track_class": "5", "railway:track_ref": null, "ref": null, "reporting_marks": null, "service": "none", "source": "Texas Department of Transportation", "spur": null, "start_date": null, "tiger:cfcc": null, "tiger:county": null, "tiger:name_base": null, "tiger:name_base_1": null, "tiger:name_base_2": null, "tiger:reviewed": null, "tiger:zip_left": null, "tiger:zip_right": null, "tracks": null, "tunnel": null, "usage": "main", "maxspeed_mph": 79.0 }, "geometry": { "type": "LineString", "coordinates": [ [ -95.3414257, 29.776762 ], [ -95.3406449, 29.7770954 ], [ -95.3393728, 29.7776297 ], [ -95.3371283, 29.7785863 ], [ -95.3358143, 29.7791499 ], [ -95.3357786, 29.7791653 ], [ -95.3345448, 29.7796876 ], [ -95.3330233, 29.7803356 ], [ -95.3319758, 29.7807855 ], [ -95.3311857, 29.7811217 ] ] } },
{ "type": "Feature", "properties": { "id": "way/888775435", "@id": "way/888775435", "access": null, "addr:city": null, "addr:state": null, "bridge": null, "bridge:movable": null, "covered": null, "crossing:barrier": null, "electrified": "no", "embankment": null, "fixme": null, "gauge": "1435", "highspeed": null, "layer": null, "length": null, "maxspeed": "79 mph", "name": "UP Houston Subdivision", "name_1": null, "note": null, "note:old_railway_operator": "T&NO", "old_railway_operator": "SP", "operator": "Union Pacific Railroad", "operator:wikidata": "Q725793", "owner": "Union Pacific Railroad", "railway": "rail", "railway:atc": null, "railway:freight": null, "railway:ptc": "yes", "railway:ref": null, "railway:track_class": "5", "railway:track_ref": null, "ref": null, "reporting_marks": null, "service": "none", "source": "Texas Department of Transportation", "spur": null, "start_date": null, "tiger:cfcc": null, "tiger:county": null, "tiger:name_base": null, "tiger:name_base_1": null, "tiger:name_base_2": null, "tiger:reviewed": null, "tiger:zip_left": null, "tiger:zip_right": null, "tracks": null, "tunnel": null, "usage": "main", "maxspeed_mph": 79.0 }, "geometry": { "type": "LineString", "coordinates": [ [ -95.3201066, 29.7858838 ], [ -95.3182857, 29.7866591 ], [ -95.3164407, 29.7874477 ], [ -95.3150842, 29.7880257 ] ] } },
{ "type": "Feature", "properties": { "id": "way/888775436", "@id": "way/888775436", "access": null, "addr:city": null, "addr:state": null, "bridge": null, "bridge:movable": null, "covered": null, "crossing:barrier": null, "electrified": "no", "embankment": null, "fixme": null, "gauge": "1435", "highspeed": null, "layer": null, "length": null, "maxspeed": "79 mph", "name": "UP Houston Subdivision", "name_1": null, "note": null, "note:old_railway_operator": "T&NO", "old_railway_operator": "SP", "operator": "Union Pacific Railroad", "operator:wikidata": "Q725793", "owner": "Union Pacific Railroad", "railway": "rail", "railway:atc": null, "railway:freight": null, "railway:ptc": "yes", "railway:ref": null, "railway:track_class": "5", "railway:track_ref": null, "ref": null, "reporting_marks": null, "service": "none", "source": "Texas Department of Transportation", "spur": null, "start_date": null, "tiger:cfcc": null, "tiger:county": null, "tiger:name_base": null, "tiger:name_base_1": null, "tiger:name_base_2": null, "tiger:reviewed": null, "tiger:zip_left": null, "tiger:zip_right": null, "tracks": null, "tunnel": null, "usage": "main", "maxspeed_mph": 79.0 }, "geometry": { "type": "LineString", "coordinates": [ [ -95.3195021, 29.7860982 ], [ -95.3193657, 29.7861561 ], [ -95.3178092, 29.7868213 ], [ -95.3157271, 29.78771 ], [ -95.3144884, 29.78824 ] ] } },
{ "type": "Feature", "properties": { "id": "way/888775437", "@id": "way/888775437", "access": null, "addr:city": null, "addr:state": null, "bridge": null, "bridge:movable": null, "covered": null, "crossing:barrier": null, "electrified": "no", "embankment": null, "fixme": null, "gauge": "1435", "highspeed": null, "layer": null, "length": null, "maxspeed": "79 mph", "name": "UP Houston Subdivision", "name_1": null, "note": null, "note:old_railway_operator": "T&NO", "old_railway_operator": "SP", "operator": "Union Pacific Railroad", "operator:wikidata": "Q725793", "owner": "Union Pacific Railroad", "railway": "rail", "railway:atc": null, "railway:freight": null, "railway:ptc": "yes", "railway:ref": null, "railway:track_class": "5", "railway:track_ref": null, "ref": null, "reporting_marks": "BNSF;UP", "service": "none", "source": "Texas Department of Transportation", "spur": null, "start_date": null, "tiger:cfcc": null, "tiger:county": null, "tiger:name_base": null, "tiger:name_base_1": null, "tiger:name_base_2": null, "tiger:reviewed": null, "tiger:zip_left": null, "tiger:zip_right": null, "tracks": null, "tunnel": null, "usage": "main", "maxspeed_mph": 79.0 }, "geometry": { "type": "LineString", "coordinates": [ [ -95.3150842, 29.7880257 ], [ -95.3140338, 29.7884751 ], [ -95.3133529, 29.7887664 ], [ -95.3131537, 29.7888514 ], [ -95.3125747, 29.7890999 ], [ -95.3120197, 29.7893382 ], [ -95.3104552, 29.7900057 ], [ -95.3071761, 29.7914103 ], [ -95.3047769, 29.7924344 ], [ -95.2939122, 29.7970815 ], [ -95.292673, 29.7976079 ], [ -95.2909018, 29.7983662 ], [ -95.2901967, 29.7986726 ] ] } },
{ "type": "Feature", "properties": { "id": "way/888775438", "@id": "way/888775438", "access": null, "addr:city": null, "addr:state": null, "bridge": null, "bridge:movable": null, "covered": null, "crossing:barrier": null, "electrified": "no", "embankment": null, "fixme": null, "gauge": "1435", "highspeed": null, "layer": null, "length": null, "maxspeed": "79 mph", "name": "UP Houston Subdivision", "name_1": null, "note": null, "note:old_railway_operator": "T&NO", "old_railway_operator": "SP", "operator": "Union Pacific Railroad", "operator:wikidata": "Q725793", "owner": "Union Pacific Railroad", "railway": "rail", "railway:atc": null, "railway:freight": null, "railway:ptc": "yes", "railway:ref": null, "railway:track_class": "5", "railway:track_ref": null, "ref": null, "reporting_marks": null, "service": "none", "source": "Texas Department of Transportation", "spur": null, "start_date": null, "tiger:cfcc": null, "tiger:county": null, "tiger:name_base": null, "tiger:name_base_1": null, "tiger:name_base_2": null, "tiger:reviewed": null, "tiger:zip_left": null, "tiger:zip_right": null, "tracks": null, "tunnel": null, "usage": "main", "maxspeed_mph": 79.0 }, "geometry": { "type": "LineString", "coordinates": [ [ -95.3144884, 29.78824 ], [ -95.3139956, 29.7884506 ], [ -95.3131344, 29.7888181 ], [ -95.3125698, 29.7890598 ], [ -95.3124339, 29.789118 ], [ -95.311436, 29.7895445 ], [ -95.3071582, 29.7913706 ], [ -95.3047606, 29.7924012 ], [ -95.3008957, 29.7940531 ], [ -95.2959775, 29.7961576 ], [ -95.292373, 29.7976955 ], [ -95.2911005, 29.7982377 ], [ -95.2905855, 29.7984552 ] ] } },
{ "type": "Feature", "properties": { "id": "way/888775495", "@id": "way/888775495", "access": null, "addr:city": null, "addr:state": null, "bridge": null, "bridge:movable": null, "covered": null, "crossing:barrier": null, "electrified": "no", "embankment": null, "fixme": null, "gauge": "1435", "highspeed": null, "layer": null, "length": null, "maxspeed": "79 mph", "name": "UP Houston Subdivision", "name_1": null, "note": null, "note:old_railway_operator": "T&NO", "old_railway_operator": "SP", "operator": "Union Pacific Railroad", "operator:wikidata": "Q725793", "owner": "Union Pacific Railroad", "railway": "rail", "railway:atc": null, "railway:freight": null, "railway:ptc": "yes", "railway:ref": null, "railway:track_class": "5", "railway:track_ref": null, "ref": null, "reporting_marks": "BNSF;UP", "service": "none", "source": "Texas Department of Transportation", "spur": null, "start_date": null, "tiger:cfcc": null, "tiger:county": null, "tiger:name_base": null, "tiger:name_base_1": null, "tiger:name_base_2": null, "tiger:reviewed": null, "tiger:zip_left": null, "tiger:zip_right": null, "tracks": null, "tunnel": null, "usage": "main", "maxspeed_mph": 79.0 }, "geometry": { "type": "LineString", "coordinates": [ [ -95.2905119, 29.7984892 ], [ -95.290174, 29.7986319 ] ] } },
{ "type": "Feature", "properties": { "id": "way/888775496", "@id": "way/888775496", "access": null, "addr:city": null, "addr:state": null, "bridge": null, "bridge:movable": null, "covered": null, "crossing:barrier": null, "electrified": "no", "embankment": null, "fixme": null, "gauge": "1435", "highspeed": null, "layer": null, "length": null, "maxspeed": "79 mph", "name": "UP Houston Subdivision", "name_1": null, "note": null, "note:old_railway_operator": "T&NO", "old_railway_operator": "SP", "operator": "Union Pacific Railroad", "operator:wikidata": "Q725793", "owner": "Union Pacific Railroad", "railway": "rail", "railway:atc": "no", "railway:freight": null, "railway:ptc": "no", "railway:ref": null, "railway:track_class": "5", "railway:track_ref": null, "ref": null, "reporting_marks": "BNSF;UP", "service": "crossover", "source": "Texas Department of Transportation", "spur": null, "start_date": null, "tiger:cfcc": null, "tiger:county": null, "tiger:name_base": null, "tiger:name_base_1": null, "tiger:name_base_2": null, "tiger:reviewed": null, "tiger:zip_left": null, "tiger:zip_right": null, "tracks": null, "tunnel": null, "usage": "main", "maxspeed_mph": 79.0 }, "geometry": { "type": "LineString", "coordinates": [ [ -95.2839588, 29.8013895 ], [ -95.2842471, 29.8012541 ], [ -95.2844522, 29.8011494 ], [ -95.2847824, 29.8009733 ], [ -95.2849883, 29.8008567 ], [ -95.2852238, 29.8007169 ], [ -95.2853901, 29.8006171 ], [ -95.2856404, 29.8004791 ] ] } },
{ "type": "Feature", "properties": { "id": "way/888775497", "@id": "way/888775497", "access": null, "addr:city": null, "addr:state": null, "bridge": null, "bridge:movable": null, "covered": null, "crossing:barrier": null, "electrified": null, "embankment": null, "fixme": null, "gauge": "1435", "highspeed": null, "layer": null, "length": null, "maxspeed": "79 mph", "name": "UP Houston Subdivision", "name_1": null, "note": null, "note:old_railway_operator": "T&NO", "old_railway_operator": "SP", "operator": "Union Pacific Railroad", "operator:wikidata": "Q725793", "owner": "Union Pacific Railroad", "railway": "rail", "railway:atc": "no", "railway:freight": null, "railway:ptc": "no", "railway:ref": null, "railway:track_class": "5", "railway:track_ref": null, "ref": null, "reporting_marks": "BNSF;UP", "service": "crossover", "source": "Texas Department of Transportation", "spur": null, "start_date": null, "tiger:cfcc": null, "tiger:county": null, "tiger:name_base": null, "tiger:name_base_1": null, "tiger:name_base_2": null, "tiger:reviewed": null, "tiger:zip_left": null, "tiger:zip_right": null, "tracks": null, "tunnel": null, "usage": "main", "maxspeed_mph": 79.0 }, "geometry": { "type": "LineString", "coordinates": [ [ -95.2853274, 29.8005755 ], [ -95.2850603, 29.8007213 ], [ -95.2846755, 29.8009518 ], [ -95.2843392, 29.8011389 ] ] } },
{ "type": "Feature", "properties": { "id": "way/888775498", "@id": "way/888775498", "access": null, "addr:city": null, "addr:state": null, "bridge": null, "bridge:movable": null, "covered": null, "crossing:barrier": null, "electrified": "no", "embankment": null, "fixme": null, "gauge": "1435", "highspeed": null, "layer": null, "length": null, "maxspeed": "79 mph", "name": "UP Houston Subdivision", "name_1": null, "note": null, "note:old_railway_operator": "T&NO", "old_railway_operator": "SP", "operator": "Union Pacific Railroad", "operator:wikidata": "Q725793", "owner": "Union Pacific Railroad", "railway": "rail", "railway:atc": "no", "railway:freight": null, "railway:ptc": "no", "railway:ref": null, "railway:track_class": "5", "railway:track_ref": null, "ref": null, "reporting_marks": "BNSF;UP", "service": "none", "source": "Texas Department of Transportation", "spur": null, "start_date": null, "tiger:cfcc": null, "tiger:county": null, "tiger:name_base": null, "tiger:name_base_1": null, "tiger:name_base_2": null, "tiger:reviewed": null, "tiger:zip_left": null, "tiger:zip_right": null, "tracks": null, "tunnel": null, "usage": "main", "maxspeed_mph": 79.0 }, "geometry": { "type": "LineString", "coordinates": [ [ -95.2617559, 29.810887 ], [ -95.2622218, 29.8106891 ], [ -95.2622655, 29.8106705 ] ] } },
{ "type": "Feature", "properties": { "id": "way/888775499", "@id": "way/888775499", "access": null, "addr:city": null, "addr:state": null, "bridge": null, "bridge:movable": null, "covered": null, "crossing:barrier": null, "electrified": "no", "embankment": null, "fixme": null, "gauge": "1435", "highspeed": null, "layer": null, "length": null, "maxspeed": "79 mph", "name": "UP Houston Subdivision", "name_1": null, "note": null, "note:old_railway_operator": "T&NO", "old_railway_operator": "SP", "operator": "Union Pacific Railroad", "operator:wikidata": "Q725793", "owner": "Union Pacific Railroad", "railway": "rail", "railway:atc": "no", "railway:freight": null, "railway:ptc": "no", "railway:ref": null, "railway:track_class": "5", "railway:track_ref": null, "ref": null, "reporting_marks": "BNSF;UP", "service": "none", "source": "Texas Department of Transportation", "spur": null, "start_date": null, "tiger:cfcc": "B11", "tiger:county": "Harris, TX", "tiger:name_base": "Southern Pacific Railroad", "tiger:name_base_1": null, "tiger:name_base_2": null, "tiger:reviewed": null, "tiger:zip_left": null, "tiger:zip_right": null, "tracks": null, "tunnel": null, "usage": "main", "maxspeed_mph": 79.0 }, "geometry": { "type": "LineString", "coordinates": [ [ -95.2617473, 29.8108348 ], [ -95.2622128, 29.8106401 ], [ -95.2632267, 29.8102159 ] ] } },
{ "type": "Feature", "properties": { "id": "way/888775500", "@id": "way/888775500", "access": null, "addr:city": null, "addr:state": null, "bridge": null, "bridge:movable": null, "covered": null, "crossing:barrier": null, "electrified": "no", "embankment": null, "fixme": null, "gauge": "1435", "highspeed": null, "layer": null, "length": null, "maxspeed": "79 mph", "name": "UP Houston Subdivision", "name_1": null, "note": null, "note:old_railway_operator": "T&NO", "old_railway_operator": "SP", "operator": "Union Pacific Railroad", "operator:wikidata": "Q725793", "owner": "Union Pacific Railroad", "railway": "rail", "railway:atc": "no", "railway:freight": null, "railway:ptc": "no", "railway:ref": null, "railway:track_class": "5", "railway:track_ref": null, "ref": null, "reporting_marks": "BNSF;UP", "service": "none", "source": "Texas Department of Transportation", "spur": null, "start_date": null, "tiger:cfcc": null, "tiger:county": null, "tiger:name_base": null, "tiger:name_base_1": null, "tiger:name_base_2": null, "tiger:reviewed": null, "tiger:zip_left": null, "tiger:zip_right": null, "tracks": null, "tunnel": null, "usage": "main", "maxspeed_mph": 79.0 }, "geometry": { "type": "LineString", "coordinates": [ [ -95.2622655, 29.8106705 ], [ -95.264039, 29.8099114 ], [ -95.2648973, 29.8095511 ], [ -95.2658045, 29.8091623 ] ] } },
{ "type": "Feature", "properties": { "id": "way/888775501", "@id": "way/888775501", "access": null, "addr:city": null, "addr:state": null, "bridge": null, "bridge:movable": null, "covered": null, "crossing:barrier": null, "electrified": "no", "embankment": null, "fixme": null, "gauge": "1435", "highspeed": null, "layer": null, "length": null, "maxspeed": "79 mph", "name": "UP Houston Subdivision", "name_1": null, "note": null, "note:old_railway_operator": "T&NO", "old_railway_operator": "SP", "operator": "Union Pacific Railroad", "operator:wikidata": "Q725793", "owner": "Union Pacific Railroad", "railway": "rail", "railway:atc": "no", "railway:freight": null, "railway:ptc": "no", "railway:ref": null, "railway:track_class": "5", "railway:track_ref": null, "ref": null, "reporting_marks": "BNSF;UP", "service": "none", "source": "Texas Department of Transportation", "spur": null, "start_date": null, "tiger:cfcc": "B11", "tiger:county": "Harris, TX", "tiger:name_base": "Southern Pacific Railroad", "tiger:name_base_1": null, "tiger:name_base_2": null, "tiger:reviewed": null, "tiger:zip_left": null, "tiger:zip_right": null, "tracks": null, "tunnel": null, "usage": "main", "maxspeed_mph": 79.0 }, "geometry": { "type": "LineString", "coordinates": [ [ -95.2632267, 29.8102159 ], [ -95.2635755, 29.8100677 ], [ -95.2642693, 29.8097677 ], [ -95.2648099, 29.8095357 ] ] } },
{ "type": "Feature", "properties": { "id": "way/888775503", "@id": "way/888775503", "access": null, "addr:city": null, "addr:state": null, "bridge": null, "bridge:movable": null, "covered": null, "crossing:barrier": null, "electrified": "no", "embankment": null, "fixme": null, "gauge": "1435", "highspeed": null, "layer": null, "length": null, "maxspeed": "79 mph", "name": "UP Houston Subdivision", "name_1": null, "note": null, "note:old_railway_operator": "T&NO", "old_railway_operator": "SP", "operator": "Union Pacific Railroad", "operator:wikidata": "Q725793", "owner": "Union Pacific Railroad", "railway": "rail", "railway:atc": "no", "railway:freight": null, "railway:ptc": "no", "railway:ref": null, "railway:track_class": "5", "railway:track_ref": null, "ref": null, "reporting_marks": "BNSF;UP", "service": "none", "source": "Texas Department of Transportation", "spur": null, "start_date": null, "tiger:cfcc": "A41:B11", "tiger:county": "Harris, TX", "tiger:name_base": "Southern Pacific Railroad", "tiger:name_base_1": "Amtrak Railroad", "tiger:name_base_2": null, "tiger:reviewed": null, "tiger:zip_left": null, "tiger:zip_right": null, "tracks": null, "tunnel": null, "usage": "main", "maxspeed_mph": 79.0 }, "geometry": { "type": "LineString", "coordinates": [ [ -95.1664429, 29.8517502 ], [ -95.174042, 29.8484831 ], [ -95.1887817, 29.8421391 ], [ -95.1935156, 29.8401114 ], [ -95.1978392, 29.8382554 ], [ -95.1999436, 29.8373506 ], [ -95.1999929, 29.8373297 ], [ -95.2009424, 29.8369267 ] ] } },
{ "type": "Feature", "properties": { "id": "way/888775504", "@id": "way/888775504", "access": null, "addr:city": null, "addr:state": null, "bridge": null, "bridge:movable": null, "covered": null, "crossing:barrier": null, "electrified": "no", "embankment": null, "fixme": null, "gauge": "1435", "highspeed": null, "layer": null, "length": null, "maxspeed": "79 mph", "name": "UP Houston Subdivision", "name_1": null, "note": null, "note:old_railway_operator": "T&NO", "old_railway_operator": "SP", "operator": "Union Pacific Railroad", "operator:wikidata": "Q725793", "owner": "Union Pacific Railroad", "railway": "rail", "railway:atc": "no", "railway:freight": null, "railway:ptc": "no", "railway:ref": null, "railway:track_class": "5", "railway:track_ref": null, "ref": null, "reporting_marks": "BNSF;UP", "service": "none", "source": "Texas Department of Transportation", "spur": null, "start_date": null, "tiger:cfcc": "A41:B11", "tiger:county": "Harris, TX", "tiger:name_base": "Southern Pacific Railroad", "tiger:name_base_1": "Amtrak Railroad", "tiger:name_base_2": null, "tiger:reviewed": null, "tiger:zip_left": null, "tiger:zip_right": null, "tracks": null, "tunnel": null, "usage": "main", "maxspeed_mph": 79.0 }, "geometry": { "type": "LineString", "coordinates": [ [ -95.137394, 29.8642438 ], [ -95.1383514, 29.8638307 ], [ -95.1464234, 29.8603483 ], [ -95.1495631, 29.8590025 ], [ -95.15022, 29.858719 ], [ -95.1513234, 29.8582472 ], [ -95.153773, 29.857148 ], [ -95.1588946, 29.8549911 ], [ -95.1602572, 29.8543929 ] ] } },
{ "type": "Feature", "properties": { "id": "way/888775507", "@id": "way/888775507", "access": null, "addr:city": null, "addr:state": null, "bridge": null, "bridge:movable": null, "covered": null, "crossing:barrier": null, "electrified": "no", "embankment": null, "fixme": null, "gauge": "1435", "highspeed": null, "layer": null, "length": null, "maxspeed": "79 mph", "name": "UP Houston Subdivision", "name_1": null, "note": null, "note:old_railway_operator": "T&NO", "old_railway_operator": "SP", "operator": "Union Pacific Railroad", "operator:wikidata": "Q725793", "owner": "Union Pacific Railroad", "railway": "rail", "railway:atc": "no", "railway:freight": null, "railway:ptc": "no", "railway:ref": null, "railway:track_class": "5", "railway:track_ref": null, "ref": null, "reporting_marks": "BNSF;UP", "service": "none", "source": "Texas Department of Transportation", "spur": null, "start_date": null, "tiger:cfcc": "A41:B11", "tiger:county": "Harris, TX", "tiger:name_base": "Southern Pacific Railroad", "tiger:name_base_1": "Amtrak Railroad", "tiger:name_base_2": null, "tiger:reviewed": null, "tiger:zip_left": null, "tiger:zip_right": null, "tracks": null, "tunnel": null, "usage": "main", "maxspeed_mph": 79.0 }, "geometry": { "type": "LineString", "coordinates": [ [ -95.160488, 29.8542947 ], [ -95.1615567, 29.8538408 ], [ -95.1628582, 29.8532879 ], [ -95.1659934, 29.8519421 ], [ -95.1661818, 29.8518632 ] ] } },
{ "type": "Feature", "properties": { "id": "way/888775508", "@id": "way/888775508", "access": null, "addr:city": null, "addr:state": null, "bridge": null, "bridge:movable": null, "covered": null, "crossing:barrier": null, "electrified": "no", "embankment": null, "fixme": null, "gauge": "1435", "highspeed": null, "layer": null, "length": null, "maxspeed": "79 mph", "name": "UP Houston Subdivision", "name_1": null, "note": null, "note:old_railway_operator": "T&NO", "old_railway_operator": "SP", "operator": "Union Pacific Railroad", "operator:wikidata": "Q725793", "owner": "Union Pacific Railroad", "railway": "rail", "railway:atc": "no", "railway:freight": null, "railway:ptc": "no", "railway:ref": null, "railway:track_class": "5", "railway:track_ref": null, "ref": null, "reporting_marks": "BNSF;UP", "service": "none", "source": "Texas Department of Transportation", "spur": null, "start_date": null, "tiger:cfcc": "A41:B11", "tiger:county": "Harris, TX", "tiger:name_base": "Southern Pacific Railroad", "tiger:name_base_1": "Amtrak Railroad", "tiger:name_base_2": null, "tiger:reviewed": null, "tiger:zip_left": null, "tiger:zip_right": null, "tracks": null, "tunnel": null, "usage": "main", "maxspeed_mph": 79.0 }, "geometry": { "type": "LineString", "coordinates": [ [ -95.1602572, 29.8543929 ], [ -95.1603943, 29.8543357 ], [ -95.160488, 29.8542947 ] ] } },
{ "type": "Feature", "properties": { "id": "way/888775516", "@id": "way/888775516", "access": null, "addr:city": null, "addr:state": null, "bridge": null, "bridge:movable": null, "covered": null, "crossing:barrier": null, "electrified": "no", "embankment": null, "fixme": null, "gauge": "1435", "highspeed": null, "layer": null, "length": null, "maxspeed": "79 mph", "name": "UP Houston Subdivision", "name_1": null, "note": null, "note:old_railway_operator": null, "old_railway_operator": "SP", "operator": "Union Pacific Railroad", "operator:wikidata": "Q725793", "owner": "Union Pacific Railroad", "railway": "rail", "railway:atc": "no", "railway:freight": null, "railway:ptc": "no", "railway:ref": null, "railway:track_class": "5", "railway:track_ref": null, "ref": null, "reporting_marks": "BNSF;UP", "service": "none", "source": "Texas Department of Transportation", "spur": null, "start_date": null, "tiger:cfcc": "B11", "tiger:county": "Harris, TX:Liberty, TX", "tiger:name_base": "Southern Pacific Railroad", "tiger:name_base_1": null, "tiger:name_base_2": null, "tiger:reviewed": null, "tiger:zip_left": null, "tiger:zip_right": null, "tracks": null, "tunnel": null, "usage": "main", "maxspeed_mph": 79.0 }, "geometry": { "type": "LineString", "coordinates": [ [ -94.9655771, 29.9884772 ], [ -94.9653865, 29.9886256 ], [ -94.9651106, 29.9888376 ], [ -94.9628963, 29.990539 ], [ -94.9605621, 29.9923326 ], [ -94.9589859, 29.9935184 ], [ -94.95884, 29.993618 ], [ -94.9553762, 29.9962903 ], [ -94.9525537, 29.9984516 ], [ -94.9522665, 29.9986587 ], [ -94.9505961, 29.9999418 ], [ -94.9474336, 30.0023625 ], [ -94.9455297, 30.0038178 ], [ -94.944377, 30.0047045 ], [ -94.9427553, 30.0059413 ] ] } },
{ "type": "Feature", "properties": { "id": "way/888777292", "@id": "way/888777292", "access": null, "addr:city": null, "addr:state": null, "bridge": null, "bridge:movable": null, "covered": null, "crossing:barrier": null, "electrified": "no", "embankment": null, "fixme": null, "gauge": "1435", "highspeed": null, "layer": null, "length": null, "maxspeed": "79 mph", "name": "UP Glidden Subdivision", "name_1": null, "note": null, "note:old_railway_operator": null, "old_railway_operator": "SP", "operator": "Union Pacific Railroad", "operator:wikidata": "Q725793", "owner": "Union Pacific Railroad", "railway": "rail", "railway:atc": null, "railway:freight": null, "railway:ptc": "yes", "railway:ref": null, "railway:track_class": "5", "railway:track_ref": "1", "ref": null, "reporting_marks": null, "service": "none", "source": "Texas Department of Transportation", "spur": null, "start_date": null, "tiger:cfcc": "B11", "tiger:county": "Fort Bend, TX", "tiger:name_base": null, "tiger:name_base_1": null, "tiger:name_base_2": null, "tiger:reviewed": null, "tiger:zip_left": null, "tiger:zip_right": null, "tracks": null, "tunnel": null, "usage": "main", "maxspeed_mph": 79.0 }, "geometry": { "type": "LineString", "coordinates": [ [ -95.6338331, 29.6206355 ], [ -95.6335341, 29.6206932 ], [ -95.6333157, 29.6207354 ], [ -95.6331971, 29.6207571 ], [ -95.6321571, 29.6209639 ], [ -95.6300372, 29.6213865 ], [ -95.6298374, 29.6214241 ], [ -95.6189432, 29.6235877 ], [ -95.6188064, 29.6236121 ], [ -95.613871, 29.6245918 ], [ -95.6101913, 29.6253236 ], [ -95.6100319, 29.6253545 ], [ -95.6096683, 29.6254261 ], [ -95.6059806, 29.6261525 ], [ -95.6058573, 29.6261787 ], [ -95.6048128, 29.626388 ], [ -95.6032365, 29.6267054 ], [ -95.6031838, 29.626716 ], [ -95.6030525, 29.6267424 ], [ -95.6028445, 29.626784 ], [ -95.6027163, 29.6268092 ], [ -95.6022418, 29.6269025 ], [ -95.600269, 29.6272908 ], [ -95.5997685, 29.6273896 ], [ -95.5977839, 29.6277815 ], [ -95.5969313, 29.6279499 ], [ -95.5943275, 29.6284871 ], [ -95.5935284, 29.628652 ] ] } },
{ "type": "Feature", "properties": { "id": "way/888777294", "@id": "way/888777294", "access": null, "addr:city": null, "addr:state": null, "bridge": null, "bridge:movable": null, "covered": null, "crossing:barrier": null, "electrified": "no", "embankment": null, "fixme": null, "gauge": "1435", "highspeed": null, "layer": null, "length": null, "maxspeed": "50 mph", "name": null, "name_1": null, "note": null, "note:old_railway_operator": null, "old_railway_operator": null, "operator": null, "operator:wikidata": null, "owner": null, "railway": "rail", "railway:atc": null, "railway:freight": null, "railway:ptc": null, "railway:ref": null, "railway:track_class": null, "railway:track_ref": null, "ref": null, "reporting_marks": null, "service": "crossover", "source": null, "spur": null, "start_date": null, "tiger:cfcc": null, "tiger:county": null, "tiger:name_base": null, "tiger:name_base_1": null, "tiger:name_base_2": null, "tiger:reviewed": null, "tiger:zip_left": null, "tiger:zip_right": null, "tracks": null, "tunnel": null, "usage": "unknown", "maxspeed_mph": 50.0 }, "geometry": { "type": "LineString", "coordinates": [ [ -95.600269, 29.6272908 ], [ -95.6020988, 29.6268762 ] ] } },
{ "type": "Feature", "properties": { "id": "way/888777295", "@id": "way/888777295", "access": null, "addr:city": null, "addr:state": null, "bridge": null, "bridge:movable": null, "covered": null, "crossing:barrier": null, "electrified": "no", "embankment": null, "fixme": null, "gauge": "1435", "highspeed": null, "layer": null, "length": null, "maxspeed": "50 mph", "name": null, "name_1": null, "note": null, "note:old_railway_operator": null, "old_railway_operator": null, "operator": null, "operator:wikidata": null, "owner": null, "railway": "rail", "railway:atc": null, "railway:freight": null, "railway:ptc": null, "railway:ref": null, "railway:track_class": null, "railway:track_ref": null, "ref": null, "reporting_marks": null, "service": "crossover", "source": null, "spur": null, "start_date": null, "tiger:cfcc": null, "tiger:county": null, "tiger:name_base": null, "tiger:name_base_1": null, "tiger:name_base_2": null, "tiger:reviewed": null, "tiger:zip_left": null, "tiger:zip_right": null, "tracks": null, "tunnel": null, "usage": "unknown", "maxspeed_mph": 50.0 }, "geometry": { "type": "LineString", "coordinates": [ [ -95.597894, 29.6277062 ], [ -95.5997685, 29.6273896 ] ] } },
{ "type": "Feature", "properties": { "id": "way/888777296", "@id": "way/888777296", "access": null, "addr:city": null, "addr:state": null, "bridge": "yes", "bridge:movable": null, "covered": null, "crossing:barrier": null, "electrified": "no", "embankment": null, "fixme": null, "gauge": "1435", "highspeed": null, "layer": "1", "length": null, "maxspeed": "79 mph", "name": "UP Glidden Subdivision", "name_1": null, "note": null, "note:old_railway_operator": null, "old_railway_operator": "SP", "operator": "Union Pacific Railroad", "operator:wikidata": "Q725793", "owner": "Union Pacific Railroad", "railway": "rail", "railway:atc": null, "railway:freight": null, "railway:ptc": "yes", "railway:ref": null, "railway:track_class": "5", "railway:track_ref": "1", "ref": null, "reporting_marks": null, "service": "none", "source": "Texas Department of Transportation", "spur": null, "start_date": null, "tiger:cfcc": "B11", "tiger:county": "Fort Bend, TX", "tiger:name_base": null, "tiger:name_base_1": null, "tiger:name_base_2": null, "tiger:reviewed": null, "tiger:zip_left": null, "tiger:zip_right": null, "tracks": null, "tunnel": null, "usage": "main", "maxspeed_mph": 79.0 }, "geometry": { "type": "LineString", "coordinates": [ [ -95.5570233, 29.6164791 ], [ -95.5567802, 29.6164101 ] ] } },
{ "type": "Feature", "properties": { "id": "way/888777297", "@id": "way/888777297", "access": null, "addr:city": null, "addr:state": null, "bridge": null, "bridge:movable": null, "covered": null, "crossing:barrier": null, "electrified": "no", "embankment": null, "fixme": null, "gauge": "1435", "highspeed": null, "layer": null, "length": null, "maxspeed": "79 mph", "name": "UP Glidden Subdivision", "name_1": null, "note": null, "note:old_railway_operator": null, "old_railway_operator": "SP", "operator": "Union Pacific Railroad", "operator:wikidata": "Q725793", "owner": "Union Pacific Railroad", "railway": "rail", "railway:atc": null, "railway:freight": null, "railway:ptc": "yes", "railway:ref": null, "railway:track_class": "5", "railway:track_ref": "1", "ref": null, "reporting_marks": null, "service": "none", "source": "Texas Department of Transportation", "spur": null, "start_date": null, "tiger:cfcc": "B11", "tiger:county": "Fort Bend, TX", "tiger:name_base": null, "tiger:name_base_1": null, "tiger:name_base_2": null, "tiger:reviewed": null, "tiger:zip_left": null, "tiger:zip_right": null, "tracks": null, "tunnel": null, "usage": "main", "maxspeed_mph": 79.0 }, "geometry": { "type": "LineString", "coordinates": [ [ -95.5644808, 29.6197536 ], [ -95.5643365, 29.6196835 ], [ -95.5630422, 29.619074 ], [ -95.5594987, 29.6174052 ], [ -95.5591192, 29.6172336 ], [ -95.558636, 29.6170364 ], [ -95.5581951, 29.6168647 ], [ -95.5577837, 29.616718 ], [ -95.557086, 29.6164971 ], [ -95.5570233, 29.6164791 ] ] } },
{ "type": "Feature", "properties": { "id": "way/888777298", "@id": "way/888777298", "access": null, "addr:city": null, "addr:state": null, "bridge": "yes", "bridge:movable": null, "covered": null, "crossing:barrier": null, "electrified": "no", "embankment": null, "fixme": null, "gauge": "1435", "highspeed": null, "layer": "1", "length": null, "maxspeed": "79 mph", "name": "UP Glidden Subdivision", "name_1": null, "note": null, "note:old_railway_operator": null, "old_railway_operator": "SP", "operator": "Union Pacific Railroad", "operator:wikidata": "Q725793", "owner": "Union Pacific Railroad", "railway": "rail", "railway:atc": null, "railway:freight": null, "railway:ptc": "yes", "railway:ref": null, "railway:track_class": "5", "railway:track_ref": "1", "ref": null, "reporting_marks": null, "service": "none", "source": "Texas Department of Transportation", "spur": null, "start_date": null, "tiger:cfcc": "B11", "tiger:county": "Fort Bend, TX", "tiger:name_base": null, "tiger:name_base_1": null, "tiger:name_base_2": null, "tiger:reviewed": null, "tiger:zip_left": null, "tiger:zip_right": null, "tracks": null, "tunnel": null, "usage": "main", "maxspeed_mph": 79.0 }, "geometry": { "type": "LineString", "coordinates": [ [ -95.5648353, 29.6199211 ], [ -95.5644808, 29.6197536 ] ] } },
{ "type": "Feature", "properties": { "id": "way/888777299", "@id": "way/888777299", "access": null, "addr:city": null, "addr:state": null, "bridge": null, "bridge:movable": null, "covered": null, "crossing:barrier": null, "electrified": "no", "embankment": null, "fixme": null, "gauge": "1435", "highspeed": null, "layer": null, "length": null, "maxspeed": "79 mph", "name": "UP Glidden Subdivision", "name_1": null, "note": null, "note:old_railway_operator": null, "old_railway_operator": "SP", "operator": "Union Pacific Railroad", "operator:wikidata": "Q725793", "owner": "Union Pacific Railroad", "railway": "rail", "railway:atc": null, "railway:freight": null, "railway:ptc": "yes", "railway:ref": null, "railway:track_class": "5", "railway:track_ref": "1", "ref": null, "reporting_marks": null, "service": "none", "source": "Texas Department of Transportation", "spur": null, "start_date": null, "tiger:cfcc": "B11", "tiger:county": "Fort Bend, TX", "tiger:name_base": null, "tiger:name_base_1": null, "tiger:name_base_2": null, "tiger:reviewed": null, "tiger:zip_left": null, "tiger:zip_right": null, "tracks": null, "tunnel": null, "usage": "main", "maxspeed_mph": 79.0 }, "geometry": { "type": "LineString", "coordinates": [ [ -95.5774359, 29.6255786 ], [ -95.5755684, 29.624688 ], [ -95.5727235, 29.6233312 ], [ -95.571658, 29.6228318 ], [ -95.570456, 29.6223014 ], [ -95.5701821, 29.6221826 ], [ -95.5696132, 29.6219404 ], [ -95.5691229, 29.6217378 ], [ -95.5685999, 29.6215405 ], [ -95.5681127, 29.6213601 ], [ -95.5676302, 29.6211755 ], [ -95.5671445, 29.6209794 ], [ -95.5666681, 29.6207777 ], [ -95.5662085, 29.6205701 ], [ -95.5653978, 29.6201857 ], [ -95.5650097, 29.6200007 ], [ -95.5648353, 29.6199211 ] ] } },
{ "type": "Feature", "properties": { "id": "way/888777300", "@id": "way/888777300", "access": null, "addr:city": null, "addr:state": null, "bridge": "yes", "bridge:movable": null, "covered": null, "crossing:barrier": null, "electrified": "no", "embankment": null, "fixme": null, "gauge": "1435", "highspeed": null, "layer": "1", "length": null, "maxspeed": "79 mph", "name": "UP Glidden Subdivision", "name_1": null, "note": null, "note:old_railway_operator": null, "old_railway_operator": "SP", "operator": "Union Pacific Railroad", "operator:wikidata": "Q725793", "owner": "Union Pacific Railroad", "railway": "rail", "railway:atc": null, "railway:freight": null, "railway:ptc": "yes", "railway:ref": null, "railway:track_class": "5", "railway:track_ref": "1", "ref": null, "reporting_marks": null, "service": "none", "source": "Texas Department of Transportation", "spur": null, "start_date": null, "tiger:cfcc": "B11", "tiger:county": "Fort Bend, TX", "tiger:name_base": null, "tiger:name_base_1": null, "tiger:name_base_2": null, "tiger:reviewed": null, "tiger:zip_left": null, "tiger:zip_right": null, "tracks": null, "tunnel": null, "usage": "main", "maxspeed_mph": 79.0 }, "geometry": { "type": "LineString", "coordinates": [ [ -95.5775134, 29.6256156 ], [ -95.5774359, 29.6255786 ] ] } },
{ "type": "Feature", "properties": { "id": "way/888777301", "@id": "way/888777301", "access": null, "addr:city": null, "addr:state": null, "bridge": null, "bridge:movable": null, "covered": null, "crossing:barrier": null, "electrified": "no", "embankment": null, "fixme": null, "gauge": "1435", "highspeed": null, "layer": null, "length": null, "maxspeed": "79 mph", "name": "UP Glidden Subdivision", "name_1": null, "note": null, "note:old_railway_operator": null, "old_railway_operator": "SP", "operator": "Union Pacific Railroad", "operator:wikidata": "Q725793", "owner": "Union Pacific Railroad", "railway": "rail", "railway:atc": null, "railway:freight": null, "railway:ptc": "yes", "railway:ref": null, "railway:track_class": "5", "railway:track_ref": "1", "ref": null, "reporting_marks": null, "service": "none", "source": "Texas Department of Transportation", "spur": null, "start_date": null, "tiger:cfcc": "B11", "tiger:county": "Fort Bend, TX", "tiger:name_base": null, "tiger:name_base_1": null, "tiger:name_base_2": null, "tiger:reviewed": null, "tiger:zip_left": null, "tiger:zip_right": null, "tracks": null, "tunnel": null, "usage": "main", "maxspeed_mph": 79.0 }, "geometry": { "type": "LineString", "coordinates": [ [ -95.5799065, 29.6267448 ], [ -95.5776686, 29.6256888 ], [ -95.5775134, 29.6256156 ] ] } },
{ "type": "Feature", "properties": { "id": "way/888777302", "@id": "way/888777302", "access": null, "addr:city": null, "addr:state": null, "bridge": "yes", "bridge:movable": null, "covered": null, "crossing:barrier": null, "electrified": "no", "embankment": null, "fixme": null, "gauge": "1435", "highspeed": null, "layer": "1", "length": null, "maxspeed": "79 mph", "name": "UP Glidden Subdivision", "name_1": null, "note": null, "note:old_railway_operator": null, "old_railway_operator": "SP", "operator": "Union Pacific Railroad", "operator:wikidata": "Q725793", "owner": "Union Pacific Railroad", "railway": "rail", "railway:atc": null, "railway:freight": null, "railway:ptc": "yes", "railway:ref": null, "railway:track_class": "5", "railway:track_ref": "1", "ref": null, "reporting_marks": null, "service": "none", "source": "Texas Department of Transportation", "spur": null, "start_date": null, "tiger:cfcc": "B11", "tiger:county": "Fort Bend, TX", "tiger:name_base": null, "tiger:name_base_1": null, "tiger:name_base_2": null, "tiger:reviewed": null, "tiger:zip_left": null, "tiger:zip_right": null, "tracks": null, "tunnel": null, "usage": "main", "maxspeed_mph": 79.0 }, "geometry": { "type": "LineString", "coordinates": [ [ -95.5799885, 29.626782 ], [ -95.5799065, 29.6267448 ] ] } },
{ "type": "Feature", "properties": { "id": "way/888777303", "@id": "way/888777303", "access": null, "addr:city": null, "addr:state": null, "bridge": null, "bridge:movable": null, "covered": null, "crossing:barrier": null, "electrified": "no", "embankment": null, "fixme": null, "gauge": "1435", "highspeed": null, "layer": null, "length": null, "maxspeed": "79 mph", "name": "UP Glidden Subdivision", "name_1": null, "note": null, "note:old_railway_operator": null, "old_railway_operator": "SP", "operator": "Union Pacific Railroad", "operator:wikidata": "Q725793", "owner": "Union Pacific Railroad", "railway": "rail", "railway:atc": null, "railway:freight": null, "railway:ptc": "yes", "railway:ref": null, "railway:track_class": "5", "railway:track_ref": "1", "ref": null, "reporting_marks": null, "service": "none", "source": "Texas Department of Transportation", "spur": null, "start_date": null, "tiger:cfcc": "B11", "tiger:county": "Fort Bend, TX", "tiger:name_base": null, "tiger:name_base_1": null, "tiger:name_base_2": null, "tiger:reviewed": null, "tiger:zip_left": null, "tiger:zip_right": null, "tracks": null, "tunnel": null, "usage": "main", "maxspeed_mph": 79.0 }, "geometry": { "type": "LineString", "coordinates": [ [ -95.5915996, 29.6289568 ], [ -95.5912918, 29.6289813 ], [ -95.5909482, 29.6290084 ], [ -95.5905206, 29.6290338 ], [ -95.590144, 29.629048 ], [ -95.5897114, 29.6290567 ], [ -95.5891859, 29.6290548 ], [ -95.5887545, 29.6290457 ], [ -95.5883571, 29.6290294 ], [ -95.5879405, 29.6290003 ], [ -95.5874839, 29.6289638 ], [ -95.587109, 29.628924 ], [ -95.5866499, 29.6288688 ], [ -95.5861966, 29.628801 ], [ -95.5857941, 29.6287312 ], [ -95.5853595, 29.6286512 ], [ -95.5849036, 29.6285591 ], [ -95.5844041, 29.628439 ], [ -95.583868, 29.6282954 ], [ -95.5834051, 29.6281619 ], [ -95.5829204, 29.6280034 ], [ -95.5826312, 29.6279056 ], [ -95.5824761, 29.6278531 ], [ -95.5821783, 29.6277421 ], [ -95.58185, 29.6276181 ], [ -95.5814637, 29.6274567 ], [ -95.5810725, 29.6272881 ], [ -95.5805207, 29.6270358 ], [ -95.5799885, 29.626782 ] ] } },
{ "type": "Feature", "properties": { "id": "way/888777304", "@id": "way/888777304", "access": null, "addr:city": null, "addr:state": null, "bridge": "yes", "bridge:movable": null, "covered": null, "crossing:barrier": null, "electrified": "no", "embankment": null, "fixme": null, "gauge": "1435", "highspeed": null, "layer": "1", "length": null, "maxspeed": "79 mph", "name": "UP Glidden Subdivision", "name_1": null, "note": null, "note:old_railway_operator": null, "old_railway_operator": "SP", "operator": "Union Pacific Railroad", "operator:wikidata": "Q725793", "owner": "Union Pacific Railroad", "railway": "rail", "railway:atc": null, "railway:freight": null, "railway:ptc": "yes", "railway:ref": null, "railway:track_class": "5", "railway:track_ref": "1", "ref": null, "reporting_marks": null, "service": "none", "source": "Texas Department of Transportation", "spur": null, "start_date": null, "tiger:cfcc": "B11", "tiger:county": "Fort Bend, TX", "tiger:name_base": null, "tiger:name_base_1": null, "tiger:name_base_2": null, "tiger:reviewed": null, "tiger:zip_left": null, "tiger:zip_right": null, "tracks": null, "tunnel": null, "usage": "main", "maxspeed_mph": 79.0 }, "geometry": { "type": "LineString", "coordinates": [ [ -95.5935284, 29.628652 ], [ -95.5931054, 29.6287314 ], [ -95.5927776, 29.6287881 ], [ -95.5924706, 29.6288416 ], [ -95.5921457, 29.6288905 ], [ -95.5919159, 29.6289217 ], [ -95.5915996, 29.6289568 ] ] } },
{ "type": "Feature", "properties": { "id": "way/888777305", "@id": "way/888777305", "access": null, "addr:city": null, "addr:state": null, "bridge": "yes", "bridge:movable": null, "covered": null, "crossing:barrier": null, "electrified": "no", "embankment": null, "fixme": null, "gauge": "1435", "highspeed": null, "layer": "1", "length": null, "maxspeed": "79 mph", "name": "UP Glidden Subdivision", "name_1": null, "note": null, "note:old_railway_operator": null, "old_railway_operator": "SP", "operator": "Union Pacific Railroad", "operator:wikidata": "Q725793", "owner": "Union Pacific Railroad", "railway": "rail", "railway:atc": null, "railway:freight": null, "railway:ptc": "yes", "railway:ref": null, "railway:track_class": "5", "railway:track_ref": "1", "ref": null, "reporting_marks": null, "service": "none", "source": "Texas Department of Transportation", "spur": null, "start_date": null, "tiger:cfcc": "B11", "tiger:county": "Fort Bend, TX", "tiger:name_base": null, "tiger:name_base_1": null, "tiger:name_base_2": null, "tiger:reviewed": null, "tiger:zip_left": null, "tiger:zip_right": null, "tracks": null, "tunnel": null, "usage": "main", "maxspeed_mph": 79.0 }, "geometry": { "type": "LineString", "coordinates": [ [ -95.6342601, 29.6205488 ], [ -95.6338331, 29.6206355 ] ] } },
{ "type": "Feature", "properties": { "id": "way/888777307", "@id": "way/888777307", "access": null, "addr:city": null, "addr:state": null, "bridge": "yes", "bridge:movable": null, "covered": null, "crossing:barrier": null, "electrified": "no", "embankment": null, "fixme": null, "gauge": "1435", "highspeed": null, "layer": "1", "length": null, "maxspeed": "79 mph", "name": "UP Glidden Subdivision", "name_1": null, "note": null, "note:old_railway_operator": null, "old_railway_operator": "SP", "operator": "Union Pacific Railroad", "operator:wikidata": "Q725793", "owner": "Union Pacific Railroad", "railway": "rail", "railway:atc": null, "railway:freight": null, "railway:ptc": "yes", "railway:ref": null, "railway:track_class": "5", "railway:track_ref": "1", "ref": null, "reporting_marks": null, "service": "none", "source": "Texas Department of Transportation", "spur": null, "start_date": null, "tiger:cfcc": null, "tiger:county": null, "tiger:name_base": null, "tiger:name_base_1": null, "tiger:name_base_2": null, "tiger:reviewed": null, "tiger:zip_left": null, "tiger:zip_right": null, "tracks": null, "tunnel": null, "usage": "main", "maxspeed_mph": 79.0 }, "geometry": { "type": "LineString", "coordinates": [ [ -95.522282, 29.6253649 ], [ -95.5225304, 29.625269 ] ] } },
{ "type": "Feature", "properties": { "id": "way/888777308", "@id": "way/888777308", "access": null, "addr:city": null, "addr:state": null, "bridge": null, "bridge:movable": null, "covered": null, "crossing:barrier": null, "electrified": "no", "embankment": null, "fixme": null, "gauge": "1435", "highspeed": null, "layer": null, "length": null, "maxspeed": "79 mph", "name": "UP Glidden Subdivision", "name_1": null, "note": null, "note:old_railway_operator": null, "old_railway_operator": "SP", "operator": "Union Pacific Railroad", "operator:wikidata": "Q725793", "owner": "Union Pacific Railroad", "railway": "rail", "railway:atc": null, "railway:freight": null, "railway:ptc": "yes", "railway:ref": null, "railway:track_class": "5", "railway:track_ref": "1", "ref": null, "reporting_marks": null, "service": "none", "source": "Texas Department of Transportation", "spur": null, "start_date": null, "tiger:cfcc": null, "tiger:county": null, "tiger:name_base": null, "tiger:name_base_1": null, "tiger:name_base_2": null, "tiger:reviewed": null, "tiger:zip_left": null, "tiger:zip_right": null, "tracks": null, "tunnel": null, "usage": "main", "maxspeed_mph": 79.0 }, "geometry": { "type": "LineString", "coordinates": [ [ -95.5193261, 29.6265064 ], [ -95.522282, 29.6253649 ] ] } },
{ "type": "Feature", "properties": { "id": "way/888777309", "@id": "way/888777309", "access": null, "addr:city": null, "addr:state": null, "bridge": "yes", "bridge:movable": null, "covered": null, "crossing:barrier": null, "electrified": "no", "embankment": null, "fixme": null, "gauge": "1435", "highspeed": null, "layer": "1", "length": null, "maxspeed": "79 mph", "name": "UP Glidden Subdivision", "name_1": null, "note": null, "note:old_railway_operator": null, "old_railway_operator": "SP", "operator": "Union Pacific Railroad", "operator:wikidata": "Q725793", "owner": "Union Pacific Railroad", "railway": "rail", "railway:atc": null, "railway:freight": null, "railway:ptc": "yes", "railway:ref": null, "railway:track_class": "5", "railway:track_ref": "1", "ref": null, "reporting_marks": null, "service": "none", "source": "Texas Department of Transportation", "spur": null, "start_date": null, "tiger:cfcc": null, "tiger:county": null, "tiger:name_base": null, "tiger:name_base_1": null, "tiger:name_base_2": null, "tiger:reviewed": null, "tiger:zip_left": null, "tiger:zip_right": null, "tracks": null, "tunnel": null, "usage": "main", "maxspeed_mph": 79.0 }, "geometry": { "type": "LineString", "coordinates": [ [ -95.5177009, 29.627134 ], [ -95.5193261, 29.6265064 ] ] } },
{ "type": "Feature", "properties": { "id": "way/888777310", "@id": "way/888777310", "access": null, "addr:city": null, "addr:state": null, "bridge": null, "bridge:movable": null, "covered": null, "crossing:barrier": null, "electrified": "no", "embankment": null, "fixme": null, "gauge": "1435", "highspeed": null, "layer": null, "length": null, "maxspeed": "79 mph", "name": "UP Glidden Subdivision", "name_1": null, "note": null, "note:old_railway_operator": null, "old_railway_operator": "SP", "operator": "Union Pacific Railroad", "operator:wikidata": "Q725793", "owner": "Union Pacific Railroad", "railway": "rail", "railway:atc": null, "railway:freight": null, "railway:ptc": "yes", "railway:ref": null, "railway:track_class": "5", "railway:track_ref": "1", "ref": null, "reporting_marks": null, "service": "none", "source": "Texas Department of Transportation", "spur": null, "start_date": null, "tiger:cfcc": null, "tiger:county": null, "tiger:name_base": null, "tiger:name_base_1": null, "tiger:name_base_2": null, "tiger:reviewed": null, "tiger:zip_left": null, "tiger:zip_right": null, "tracks": null, "tunnel": null, "usage": "main", "maxspeed_mph": 79.0 }, "geometry": { "type": "LineString", "coordinates": [ [ -95.468152, 29.6462478 ], [ -95.4696546, 29.6456687 ], [ -95.4698096, 29.6456089 ], [ -95.4715101, 29.6449535 ], [ -95.4823064, 29.6407921 ], [ -95.4824449, 29.6407387 ], [ -95.492851, 29.6367312 ], [ -95.4932319, 29.6365842 ], [ -95.4932853, 29.6365635 ], [ -95.4973935, 29.634976 ], [ -95.4974439, 29.634957 ], [ -95.5014777, 29.6333987 ], [ -95.5036064, 29.6325766 ], [ -95.5052402, 29.6319456 ], [ -95.5057156, 29.6317621 ], [ -95.5073409, 29.6311344 ], [ -95.5074833, 29.6310794 ], [ -95.5075839, 29.6310406 ], [ -95.5077373, 29.6309814 ], [ -95.507813, 29.6309522 ], [ -95.5155947, 29.6279473 ], [ -95.5156976, 29.6279075 ], [ -95.5167151, 29.6275146 ], [ -95.5177009, 29.627134 ] ] } },
{ "type": "Feature", "properties": { "id": "way/888777317", "@id": "way/888777317", "access": null, "addr:city": null, "addr:state": null, "bridge": null, "bridge:movable": null, "covered": null, "crossing:barrier": null, "electrified": "no", "embankment": null, "fixme": null, "gauge": "1435", "highspeed": null, "layer": null, "length": null, "maxspeed": "50 mph", "name": null, "name_1": null, "note": null, "note:old_railway_operator": null, "old_railway_operator": null, "operator": null, "operator:wikidata": null, "owner": null, "railway": "rail", "railway:atc": null, "railway:freight": null, "railway:ptc": null, "railway:ref": null, "railway:track_class": null, "railway:track_ref": null, "ref": null, "reporting_marks": null, "service": "crossover", "source": null, "spur": null, "start_date": null, "tiger:cfcc": null, "tiger:county": null, "tiger:name_base": null, "tiger:name_base_1": null, "tiger:name_base_2": null, "tiger:reviewed": null, "tiger:zip_left": null, "tiger:zip_right": null, "tracks": null, "tunnel": null, "usage": "unknown", "maxspeed_mph": 50.0 }, "geometry": { "type": "LineString", "coordinates": [ [ -95.5057156, 29.6317621 ], [ -95.5071743, 29.6311399 ] ] } },
{ "type": "Feature", "properties": { "id": "way/888777318", "@id": "way/888777318", "access": null, "addr:city": null, "addr:state": null, "bridge": null, "bridge:movable": null, "covered": null, "crossing:barrier": null, "electrified": "no", "embankment": null, "fixme": null, "gauge": "1435", "highspeed": null, "layer": null, "length": null, "maxspeed": "50 mph", "name": null, "name_1": null, "note": null, "note:old_railway_operator": null, "old_railway_operator": null, "operator": null, "operator:wikidata": null, "owner": null, "railway": "rail", "railway:atc": null, "railway:freight": null, "railway:ptc": null, "railway:ref": null, "railway:track_class": null, "railway:track_ref": null, "ref": null, "reporting_marks": null, "service": "crossover", "source": null, "spur": null, "start_date": null, "tiger:cfcc": null, "tiger:county": null, "tiger:name_base": null, "tiger:name_base_1": null, "tiger:name_base_2": null, "tiger:reviewed": null, "tiger:zip_left": null, "tiger:zip_right": null, "tracks": null, "tunnel": null, "usage": "unknown", "maxspeed_mph": 50.0 }, "geometry": { "type": "LineString", "coordinates": [ [ -95.5037277, 29.632471 ], [ -95.5052402, 29.6319456 ] ] } },
{ "type": "Feature", "properties": { "id": "way/913325503", "@id": "way/913325503", "access": null, "addr:city": null, "addr:state": null, "bridge": null, "bridge:movable": null, "covered": null, "crossing:barrier": null, "electrified": "no", "embankment": null, "fixme": null, "gauge": "1435", "highspeed": null, "layer": null, "length": null, "maxspeed": "40 mph", "name": "UP Harrisburg Subdivision", "name_1": null, "note": null, "note:old_railway_operator": "GH&SA", "old_railway_operator": "SP", "operator": "Union Pacific Railroad", "operator:wikidata": "Q725793", "owner": null, "railway": "rail", "railway:atc": null, "railway:freight": null, "railway:ptc": "yes", "railway:ref": null, "railway:track_class": "3", "railway:track_ref": null, "ref": null, "reporting_marks": null, "service": "none", "source": "Texas Department of Transportation", "spur": null, "start_date": null, "tiger:cfcc": "B11", "tiger:county": "Harris, TX", "tiger:name_base": "Southern Pacific Railroad", "tiger:name_base_1": null, "tiger:name_base_2": null, "tiger:reviewed": null, "tiger:zip_left": null, "tiger:zip_right": null, "tracks": null, "tunnel": null, "usage": "main", "maxspeed_mph": 40.0 }, "geometry": { "type": "LineString", "coordinates": [ [ -95.4187572, 29.6641043 ], [ -95.4178643, 29.6643767 ], [ -95.4177848, 29.664401 ], [ -95.4166339, 29.6647503 ], [ -95.4146337, 29.6653528 ], [ -95.4132337, 29.6657648 ], [ -95.4130698, 29.6658202 ], [ -95.4099464, 29.6667594 ], [ -95.4058639, 29.6679888 ], [ -95.4040304, 29.6685368 ], [ -95.4031737, 29.6687944 ], [ -95.4030151, 29.6688421 ], [ -95.4004081, 29.6696258 ], [ -95.3997123, 29.6698338 ], [ -95.3985941, 29.6701695 ], [ -95.3977054, 29.6704362 ], [ -95.3973089, 29.6705555 ], [ -95.396773, 29.6707157 ], [ -95.3967552, 29.6707212 ], [ -95.3967024, 29.6707376 ], [ -95.3966426, 29.6707523 ], [ -95.3965207, 29.6707848 ], [ -95.3964751, 29.6707971 ], [ -95.3963767, 29.6708307 ], [ -95.3963093, 29.6708538 ], [ -95.3962307, 29.6708807 ], [ -95.3959572, 29.6709653 ], [ -95.3957914, 29.6710152 ], [ -95.3956534, 29.6710537 ] ] } },
{ "type": "Feature", "properties": { "id": "way/929547422", "@id": "way/929547422", "access": null, "addr:city": null, "addr:state": null, "bridge": null, "bridge:movable": null, "covered": null, "crossing:barrier": null, "electrified": "no", "embankment": null, "fixme": null, "gauge": "1435", "highspeed": null, "layer": null, "length": null, "maxspeed": "55 mph", "name": "BNSF Galveston Subdivision", "name_1": null, "note": null, "note:old_railway_operator": null, "old_railway_operator": "AT&SF", "operator": "BNSF Railway", "operator:wikidata": "Q267122", "owner": null, "railway": "rail", "railway:atc": null, "railway:freight": null, "railway:ptc": "yes", "railway:ref": null, "railway:track_class": "4", "railway:track_ref": null, "ref": "7500", "reporting_marks": "BNSF", "service": "none", "source": null, "spur": null, "start_date": null, "tiger:cfcc": null, "tiger:county": null, "tiger:name_base": null, "tiger:name_base_1": null, "tiger:name_base_2": null, "tiger:reviewed": null, "tiger:zip_left": null, "tiger:zip_right": null, "tracks": null, "tunnel": null, "usage": "main", "maxspeed_mph": 55.0 }, "geometry": { "type": "LineString", "coordinates": [ [ -95.4634467, 29.5001 ], [ -95.4619822, 29.4996001 ], [ -95.4612739, 29.4993604 ], [ -95.45799, 29.498249 ], [ -95.455375, 29.497368 ], [ -95.4505631, 29.4957061 ], [ -95.4442587, 29.493567 ], [ -95.431961, 29.489383 ] ] } },
{ "type": "Feature", "properties": { "id": "way/929547423", "@id": "way/929547423", "access": null, "addr:city": null, "addr:state": null, "bridge": "yes", "bridge:movable": null, "covered": null, "crossing:barrier": null, "electrified": "no", "embankment": null, "fixme": null, "gauge": "1435", "highspeed": null, "layer": "1", "length": null, "maxspeed": "55 mph", "name": "BNSF Galveston Subdivision", "name_1": null, "note": null, "note:old_railway_operator": null, "old_railway_operator": "AT&SF", "operator": "BNSF Railway", "operator:wikidata": "Q267122", "owner": null, "railway": "rail", "railway:atc": null, "railway:freight": null, "railway:ptc": "yes", "railway:ref": null, "railway:track_class": "4", "railway:track_ref": null, "ref": "7500", "reporting_marks": "BNSF", "service": "none", "source": null, "spur": null, "start_date": null, "tiger:cfcc": null, "tiger:county": null, "tiger:name_base": null, "tiger:name_base_1": null, "tiger:name_base_2": null, "tiger:reviewed": null, "tiger:zip_left": null, "tiger:zip_right": null, "tracks": null, "tunnel": null, "usage": "main", "maxspeed_mph": 55.0 }, "geometry": { "type": "LineString", "coordinates": [ [ -95.366913, 29.4672179 ], [ -95.3668583, 29.4671993 ] ] } },
{ "type": "Feature", "properties": { "id": "way/929547424", "@id": "way/929547424", "access": null, "addr:city": null, "addr:state": null, "bridge": "yes", "bridge:movable": null, "covered": null, "crossing:barrier": null, "electrified": "no", "embankment": null, "fixme": null, "gauge": "1435", "highspeed": null, "layer": "1", "length": null, "maxspeed": "55 mph", "name": "BNSF Galveston Subdivision", "name_1": null, "note": null, "note:old_railway_operator": null, "old_railway_operator": "AT&SF", "operator": "BNSF Railway", "operator:wikidata": "Q267122", "owner": null, "railway": "rail", "railway:atc": null, "railway:freight": null, "railway:ptc": "yes", "railway:ref": null, "railway:track_class": "4", "railway:track_ref": null, "ref": "7500", "reporting_marks": "BNSF", "service": "none", "source": null, "spur": null, "start_date": null, "tiger:cfcc": null, "tiger:county": null, "tiger:name_base": null, "tiger:name_base_1": null, "tiger:name_base_2": null, "tiger:reviewed": null, "tiger:zip_left": null, "tiger:zip_right": null, "tracks": null, "tunnel": null, "usage": "main", "maxspeed_mph": 55.0 }, "geometry": { "type": "LineString", "coordinates": [ [ -95.3668583, 29.4671993 ], [ -95.3668216, 29.4671867 ] ] } },
{ "type": "Feature", "properties": { "id": "way/998190277", "@id": "way/998190277", "access": null, "addr:city": null, "addr:state": null, "bridge": null, "bridge:movable": null, "covered": null, "crossing:barrier": null, "electrified": "no", "embankment": null, "fixme": null, "gauge": "1435", "highspeed": null, "layer": null, "length": null, "maxspeed": "79 mph", "name": "UP Houston Subdivision", "name_1": null, "note": null, "note:old_railway_operator": "T&NO", "old_railway_operator": "SP", "operator": "Union Pacific Railroad", "operator:wikidata": "Q725793", "owner": "Union Pacific Railroad", "railway": "rail", "railway:atc": "no", "railway:freight": null, "railway:ptc": "no", "railway:ref": null, "railway:track_class": "5", "railway:track_ref": null, "ref": null, "reporting_marks": "BNSF;UP", "service": "none", "source": "Texas Department of Transportation", "spur": null, "start_date": null, "tiger:cfcc": "A41:B11", "tiger:county": "Harris, TX", "tiger:name_base": "Southern Pacific Railroad", "tiger:name_base_1": "Amtrak Railroad", "tiger:name_base_2": null, "tiger:reviewed": null, "tiger:zip_left": null, "tiger:zip_right": null, "tracks": null, "tunnel": null, "usage": "main", "maxspeed_mph": 79.0 }, "geometry": { "type": "LineString", "coordinates": [ [ -95.2009424, 29.8369267 ], [ -95.2010825, 29.8368663 ], [ -95.2033473, 29.8358902 ], [ -95.2075545, 29.8340835 ] ] } },
{ "type": "Feature", "properties": { "id": "way/998190278", "@id": "way/998190278", "access": null, "addr:city": null, "addr:state": null, "bridge": "yes", "bridge:movable": null, "covered": null, "crossing:barrier": null, "electrified": "no", "embankment": null, "fixme": null, "gauge": "1435", "highspeed": null, "layer": "1", "length": null, "maxspeed": "79 mph", "name": "UP Houston Subdivision", "name_1": null, "note": null, "note:old_railway_operator": "T&NO", "old_railway_operator": "SP", "operator": "Union Pacific Railroad", "operator:wikidata": "Q725793", "owner": "Union Pacific Railroad", "railway": "rail", "railway:atc": "no", "railway:freight": null, "railway:ptc": "no", "railway:ref": null, "railway:track_class": "5", "railway:track_ref": null, "ref": null, "reporting_marks": "BNSF;UP", "service": "none", "source": "Texas Department of Transportation", "spur": null, "start_date": null, "tiger:cfcc": "A41:B11", "tiger:county": "Harris, TX", "tiger:name_base": "Southern Pacific Railroad", "tiger:name_base_1": "Amtrak Railroad", "tiger:name_base_2": null, "tiger:reviewed": null, "tiger:zip_left": null, "tiger:zip_right": null, "tracks": null, "tunnel": null, "usage": "main", "maxspeed_mph": 79.0 }, "geometry": { "type": "LineString", "coordinates": [ [ -95.2075545, 29.8340835 ], [ -95.2076807, 29.8340299 ] ] } },
{ "type": "Feature", "properties": { "id": "way/1002182802", "@id": "way/1002182802", "access": null, "addr:city": null, "addr:state": null, "bridge": null, "bridge:movable": null, "covered": null, "crossing:barrier": null, "electrified": "no", "embankment": null, "fixme": null, "gauge": "1435", "highspeed": null, "layer": null, "length": null, "maxspeed": "79 mph", "name": "UP Houston Subdivision", "name_1": null, "note": null, "note:old_railway_operator": null, "old_railway_operator": "SP", "operator": "Union Pacific Railroad", "operator:wikidata": "Q725793", "owner": "Union Pacific Railroad", "railway": "rail", "railway:atc": "no", "railway:freight": null, "railway:ptc": "no", "railway:ref": null, "railway:track_class": "5", "railway:track_ref": null, "ref": null, "reporting_marks": "BNSF;UP", "service": "none", "source": "Texas Department of Transportation", "spur": null, "start_date": null, "tiger:cfcc": "B11", "tiger:county": "Harris, TX", "tiger:name_base": "Southern Pacific Railroad", "tiger:name_base_1": "Amtrak Railroad", "tiger:name_base_2": null, "tiger:reviewed": null, "tiger:zip_left": null, "tiger:zip_right": null, "tracks": null, "tunnel": null, "usage": "main", "maxspeed_mph": 79.0 }, "geometry": { "type": "LineString", "coordinates": [ [ -95.0714728, 29.9073783 ], [ -95.0718472, 29.9070953 ], [ -95.0722795, 29.9067677 ], [ -95.0738789, 29.9055414 ], [ -95.077607, 29.902688 ], [ -95.0815136, 29.899684 ], [ -95.0820553, 29.899268 ], [ -95.0824741, 29.8989106 ], [ -95.08277, 29.8986398 ], [ -95.0831051, 29.8983019 ], [ -95.0834261, 29.8979362 ], [ -95.083697, 29.8975872 ] ] } },
{ "type": "Feature", "properties": { "id": "way/1002182803", "@id": "way/1002182803", "access": null, "addr:city": null, "addr:state": null, "bridge": "yes", "bridge:movable": null, "covered": null, "crossing:barrier": null, "electrified": "no", "embankment": null, "fixme": null, "gauge": "1435", "highspeed": null, "layer": "1", "length": null, "maxspeed": "79 mph", "name": "UP Houston Subdivision", "name_1": null, "note": null, "note:old_railway_operator": null, "old_railway_operator": "SP", "operator": "Union Pacific Railroad", "operator:wikidata": "Q725793", "owner": "Union Pacific Railroad", "railway": "rail", "railway:atc": "no", "railway:freight": null, "railway:ptc": "no", "railway:ref": null, "railway:track_class": "5", "railway:track_ref": null, "ref": null, "reporting_marks": "BNSF;UP", "service": "none", "source": "Texas Department of Transportation", "spur": null, "start_date": null, "tiger:cfcc": "B11", "tiger:county": "Harris, TX", "tiger:name_base": "Southern Pacific Railroad", "tiger:name_base_1": "Amtrak Railroad", "tiger:name_base_2": null, "tiger:reviewed": null, "tiger:zip_left": null, "tiger:zip_right": null, "tracks": null, "tunnel": null, "usage": "main", "maxspeed_mph": 79.0 }, "geometry": { "type": "LineString", "coordinates": [ [ -95.071315, 29.9075062 ], [ -95.0714728, 29.9073783 ] ] } },
{ "type": "Feature", "properties": { "id": "way/1010215119", "@id": "way/1010215119", "access": null, "addr:city": null, "addr:state": null, "bridge": "yes", "bridge:movable": null, "covered": null, "crossing:barrier": null, "electrified": "no", "embankment": null, "fixme": null, "gauge": "1435", "highspeed": null, "layer": null, "length": null, "maxspeed": "60 mph", "name": "UP Beaumont Subdivision", "name_1": null, "note": null, "note:old_railway_operator": null, "old_railway_operator": "MP", "operator": "Union Pacific Railroad", "operator:wikidata": "Q725793", "owner": null, "railway": "rail", "railway:atc": null, "railway:freight": null, "railway:ptc": "yes", "railway:ref": null, "railway:track_class": "4", "railway:track_ref": null, "ref": null, "reporting_marks": null, "service": "none", "source": "Texas Department of Transportation", "spur": null, "start_date": null, "tiger:cfcc": null, "tiger:county": null, "tiger:name_base": null, "tiger:name_base_1": null, "tiger:name_base_2": null, "tiger:reviewed": null, "tiger:zip_left": null, "tiger:zip_right": null, "tracks": null, "tunnel": null, "usage": "main", "maxspeed_mph": 60.0 }, "geometry": { "type": "LineString", "coordinates": [ [ -94.6062743, 30.1391534 ], [ -94.6060005, 30.1391261 ] ] } },
{ "type": "Feature", "properties": { "id": "way/1010215120", "@id": "way/1010215120", "access": null, "addr:city": null, "addr:state": null, "bridge": null, "bridge:movable": null, "covered": null, "crossing:barrier": null, "electrified": "no", "embankment": null, "fixme": null, "gauge": "1435", "highspeed": null, "layer": null, "length": null, "maxspeed": "60 mph", "name": "UP Beaumont Subdivision", "name_1": null, "note": null, "note:old_railway_operator": null, "old_railway_operator": "MP", "operator": "Union Pacific Railroad", "operator:wikidata": "Q725793", "owner": null, "railway": "rail", "railway:atc": null, "railway:freight": null, "railway:ptc": "yes", "railway:ref": null, "railway:track_class": "4", "railway:track_ref": null, "ref": null, "reporting_marks": null, "service": "none", "source": "Texas Department of Transportation", "spur": null, "start_date": null, "tiger:cfcc": "B11:B13", "tiger:county": "Hardin, TX:Harris, TX:Jefferson, TX:Liberty, TX", "tiger:name_base": "Missouri Pacific Railroad:Railroad:Union Pacific Railroad", "tiger:name_base_1": null, "tiger:name_base_2": null, "tiger:reviewed": null, "tiger:zip_left": null, "tiger:zip_right": null, "tracks": null, "tunnel": null, "usage": "main", "maxspeed_mph": 60.0 }, "geometry": { "type": "LineString", "coordinates": [ [ -94.5882936, 30.1374442 ], [ -94.5870892, 30.1373293 ], [ -94.5840528, 30.1370487 ], [ -94.580723, 30.1367361 ], [ -94.5776993, 30.1364554 ], [ -94.5758112, 30.1362704 ], [ -94.5704368, 30.1357697 ], [ -94.5664914, 30.1353933 ], [ -94.5608396, 30.1348702 ], [ -94.555612, 30.1343695 ], [ -94.5512935, 30.133958 ], [ -94.5456257, 30.1334349 ], [ -94.5416452, 30.1330554 ], [ -94.5374032, 30.1326599 ], [ -94.532035, 30.1321488 ], [ -94.5306159, 30.1320188 ], [ -94.5283258, 30.1318019 ], [ -94.5272733, 30.131703 ], [ -94.5240168, 30.1313937 ], [ -94.5211622, 30.1311226 ], [ -94.5131502, 30.1303698 ], [ -94.5059738, 30.1296873 ], [ -94.5018817, 30.1293141 ], [ -94.4973335, 30.1288708 ], [ -94.4954166, 30.1286985 ], [ -94.4933912, 30.1285072 ], [ -94.4924822, 30.1284274 ], [ -94.4900231, 30.1281818 ], [ -94.4894267, 30.128118 ] ] } },
{ "type": "Feature", "properties": { "id": "way/1017019717", "@id": "way/1017019717", "access": null, "addr:city": null, "addr:state": null, "bridge": null, "bridge:movable": null, "covered": null, "crossing:barrier": null, "electrified": "no", "embankment": null, "fixme": null, "gauge": "1435", "highspeed": null, "layer": null, "length": null, "maxspeed": "40 mph", "name": "BNSF Houston Subdivision", "name_1": null, "note": null, "note:old_railway_operator": null, "old_railway_operator": "CB&Q;CRI&P", "operator": "BNSF Railway", "operator:wikidata": "Q267122", "owner": null, "railway": "rail", "railway:atc": null, "railway:freight": null, "railway:ptc": "yes", "railway:ref": null, "railway:track_class": "3", "railway:track_ref": null, "ref": "492", "reporting_marks": "BNSF", "service": "none", "source": null, "spur": null, "start_date": null, "tiger:cfcc": null, "tiger:county": null, "tiger:name_base": "Burlington Northern Railroad:Chicago Rock Island and Pacifi:Houston Belt and Terminal Ry", "tiger:name_base_1": "Chicago Rock Island and Pacifi", "tiger:name_base_2": "Fort Worth and Denver Railway", "tiger:reviewed": null, "tiger:zip_left": null, "tiger:zip_right": null, "tracks": null, "tunnel": null, "usage": "main", "maxspeed_mph": 40.0 }, "geometry": { "type": "LineString", "coordinates": [ [ -95.6552473, 30.1844077 ], [ -95.6528746, 30.1792232 ], [ -95.651491, 30.176263 ], [ -95.6485051, 30.1697116 ], [ -95.6471484, 30.1667608 ], [ -95.6457546, 30.1637597 ], [ -95.6441343, 30.1602503 ], [ -95.6423444, 30.1563581 ], [ -95.6421845, 30.1560218 ] ] } },
{ "type": "Feature", "properties": { "id": "way/1017019718", "@id": "way/1017019718", "access": null, "addr:city": null, "addr:state": null, "bridge": "yes", "bridge:movable": null, "covered": null, "crossing:barrier": null, "electrified": "no", "embankment": null, "fixme": null, "gauge": "1435", "highspeed": null, "layer": "1", "length": null, "maxspeed": "40 mph", "name": "BNSF Houston Subdivision", "name_1": null, "note": null, "note:old_railway_operator": null, "old_railway_operator": "CB&Q;CRI&P", "operator": "BNSF Railway", "operator:wikidata": "Q267122", "owner": null, "railway": "rail", "railway:atc": null, "railway:freight": null, "railway:ptc": "yes", "railway:ref": null, "railway:track_class": "3", "railway:track_ref": null, "ref": "492", "reporting_marks": "BNSF", "service": "none", "source": null, "spur": null, "start_date": null, "tiger:cfcc": null, "tiger:county": null, "tiger:name_base": "Burlington Northern Railroad:Chicago Rock Island and Pacifi:Houston Belt and Terminal Ry", "tiger:name_base_1": "Chicago Rock Island and Pacifi", "tiger:name_base_2": "Fort Worth and Denver Railway", "tiger:reviewed": null, "tiger:zip_left": null, "tiger:zip_right": null, "tracks": null, "tunnel": null, "usage": "main", "maxspeed_mph": 40.0 }, "geometry": { "type": "LineString", "coordinates": [ [ -95.6556271, 30.1852381 ], [ -95.6552473, 30.1844077 ] ] } },
{ "type": "Feature", "properties": { "id": "way/1017055193", "@id": "way/1017055193", "access": null, "addr:city": null, "addr:state": null, "bridge": null, "bridge:movable": null, "covered": null, "crossing:barrier": null, "electrified": "no", "embankment": null, "fixme": null, "gauge": "1435", "highspeed": null, "layer": null, "length": null, "maxspeed": "20 mph", "name": "UP Houston West Belt Subdivision", "name_1": null, "note": null, "note:old_railway_operator": null, "old_railway_operator": null, "operator": "Union Pacific Railroad", "operator:wikidata": "Q725793", "owner": null, "railway": "rail", "railway:atc": null, "railway:freight": null, "railway:ptc": "yes", "railway:ref": null, "railway:track_class": "2", "railway:track_ref": null, "ref": null, "reporting_marks": null, "service": "none", "source": "Texas Department of Transportation", "spur": null, "start_date": null, "tiger:cfcc": null, "tiger:county": null, "tiger:name_base": null, "tiger:name_base_1": null, "tiger:name_base_2": null, "tiger:reviewed": null, "tiger:zip_left": null, "tiger:zip_right": null, "tracks": null, "tunnel": null, "usage": "main", "maxspeed_mph": 20.0 }, "geometry": { "type": "LineString", "coordinates": [ [ -95.3526427, 29.8217979 ], [ -95.352713, 29.8220751 ] ] } },
{ "type": "Feature", "properties": { "id": "way/1034773806", "@id": "way/1034773806", "access": null, "addr:city": null, "addr:state": null, "bridge": null, "bridge:movable": null, "covered": null, "crossing:barrier": null, "electrified": "no", "embankment": null, "fixme": null, "gauge": "1435", "highspeed": null, "layer": null, "length": null, "maxspeed": "40 mph", "name": "UP Eureka Subdivision", "name_1": null, "note": null, "note:old_railway_operator": "H&TC", "old_railway_operator": "SP", "operator": "Union Pacific Railroad", "operator:wikidata": "Q725793", "owner": null, "railway": "rail", "railway:atc": null, "railway:freight": null, "railway:ptc": "yes", "railway:ref": null, "railway:track_class": "3", "railway:track_ref": null, "ref": null, "reporting_marks": null, "service": "none", "source": "Texas Department of Transportation", "spur": null, "start_date": null, "tiger:cfcc": "B11", "tiger:county": "Grimes, TX:Harris, TX:Waller, TX", "tiger:name_base": "Railroad:Southern Pacific Railroad", "tiger:name_base_1": null, "tiger:name_base_2": null, "tiger:reviewed": null, "tiger:zip_left": null, "tiger:zip_right": null, "tracks": null, "tunnel": null, "usage": "main", "maxspeed_mph": 40.0 }, "geometry": { "type": "LineString", "coordinates": [ [ -95.6784308, 29.9555265 ], [ -95.676226, 29.95402 ], [ -95.673819, 29.952345 ], [ -95.671946, 29.951081 ], [ -95.6703, 29.949918 ], [ -95.6698309, 29.9495964 ], [ -95.66794, 29.9483 ], [ -95.663685, 29.945336 ], [ -95.663435, 29.945164 ], [ -95.6632825, 29.9450587 ], [ -95.6570481, 29.9407159 ], [ -95.6547179, 29.9391004 ], [ -95.6503345, 29.9360482 ], [ -95.650136, 29.9359192 ] ] } },
{ "type": "Feature", "properties": { "id": "way/1037025064", "@id": "way/1037025064", "access": null, "addr:city": null, "addr:state": null, "bridge": "yes", "bridge:movable": null, "covered": null, "crossing:barrier": null, "electrified": "no", "embankment": null, "fixme": null, "gauge": "1435", "highspeed": null, "layer": "1", "length": null, "maxspeed": "60 mph", "name": "UP Palestine Subdivision", "name_1": null, "note": null, "note:old_railway_operator": null, "old_railway_operator": "MP", "operator": "Union Pacific Railroad", "operator:wikidata": "Q725793", "owner": null, "railway": "rail", "railway:atc": null, "railway:freight": null, "railway:ptc": "yes", "railway:ref": null, "railway:track_class": "4", "railway:track_ref": null, "ref": null, "reporting_marks": null, "service": "none", "source": "Texas Department of Transportation", "spur": null, "start_date": null, "tiger:cfcc": "B11:B13", "tiger:county": "Harris, TX:Montgomery, TX:Trinity, TX:Walker, TX", "tiger:name_base": "Union Pacific Railroad", "tiger:name_base_1": null, "tiger:name_base_2": null, "tiger:reviewed": null, "tiger:zip_left": null, "tiger:zip_right": null, "tracks": null, "tunnel": null, "usage": "main", "maxspeed_mph": 60.0 }, "geometry": { "type": "LineString", "coordinates": [ [ -95.4314432, 30.13719 ], [ -95.4315045, 30.1374235 ] ] } },
{ "type": "Feature", "properties": { "id": "way/1037025065", "@id": "way/1037025065", "access": null, "addr:city": null, "addr:state": null, "bridge": null, "bridge:movable": null, "covered": null, "crossing:barrier": null, "electrified": "no", "embankment": null, "fixme": null, "gauge": "1435", "highspeed": null, "layer": null, "length": null, "maxspeed": "60 mph", "name": "UP Palestine Subdivision", "name_1": null, "note": null, "note:old_railway_operator": null, "old_railway_operator": "MP", "operator": "Union Pacific Railroad", "operator:wikidata": "Q725793", "owner": null, "railway": "rail", "railway:atc": null, "railway:freight": null, "railway:ptc": "yes", "railway:ref": null, "railway:track_class": "4", "railway:track_ref": null, "ref": null, "reporting_marks": null, "service": "none", "source": "Texas Department of Transportation", "spur": null, "start_date": null, "tiger:cfcc": "B11:B13", "tiger:county": "Harris, TX:Montgomery, TX:Trinity, TX:Walker, TX", "tiger:name_base": "Union Pacific Railroad", "tiger:name_base_1": null, "tiger:name_base_2": null, "tiger:reviewed": null, "tiger:zip_left": null, "tiger:zip_right": null, "tracks": null, "tunnel": null, "usage": "main", "maxspeed_mph": 60.0 }, "geometry": { "type": "LineString", "coordinates": [ [ -95.426257, 30.1163314 ], [ -95.4274763, 30.1212326 ], [ -95.4289983, 30.1273757 ], [ -95.4290228, 30.1274734 ], [ -95.430971, 30.1352861 ], [ -95.4314432, 30.13719 ] ] } },
{ "type": "Feature", "properties": { "id": "way/1050785008", "@id": "way/1050785008", "access": null, "addr:city": null, "addr:state": null, "bridge": null, "bridge:movable": null, "covered": null, "crossing:barrier": null, "electrified": "no", "embankment": null, "fixme": null, "gauge": "1435", "highspeed": null, "layer": null, "length": null, "maxspeed": "20 mph", "name": "UP Houston East Belt Subdivision", "name_1": null, "note": null, "note:old_railway_operator": null, "old_railway_operator": "MP", "operator": "Union Pacific Railroad", "operator:wikidata": "Q725793", "owner": null, "railway": "rail", "railway:atc": null, "railway:freight": null, "railway:ptc": "yes", "railway:ref": null, "railway:track_class": "2", "railway:track_ref": null, "ref": null, "reporting_marks": null, "service": "none", "source": "Texas Department of Transportation", "spur": null, "start_date": null, "tiger:cfcc": "B11", "tiger:county": "Harris, TX", "tiger:name_base": "Houston Belt and Terminal Ry:Union Pacific Railroad", "tiger:name_base_1": null, "tiger:name_base_2": null, "tiger:reviewed": null, "tiger:zip_left": null, "tiger:zip_right": null, "tracks": null, "tunnel": null, "usage": "main", "maxspeed_mph": 20.0 }, "geometry": { "type": "LineString", "coordinates": [ [ -95.2884549, 29.8431955 ], [ -95.2884695, 29.8435222 ], [ -95.2884858, 29.8437314 ], [ -95.2885001, 29.8440615 ] ] } },
{ "type": "Feature", "properties": { "id": "way/1051237910", "@id": "way/1051237910", "access": null, "addr:city": null, "addr:state": null, "bridge": null, "bridge:movable": null, "covered": null, "crossing:barrier": null, "electrified": "no", "embankment": null, "fixme": null, "gauge": "1435", "highspeed": null, "layer": null, "length": null, "maxspeed": "20 mph", "name": "UP Houston East Belt Subdivision", "name_1": null, "note": null, "note:old_railway_operator": null, "old_railway_operator": "MP", "operator": "Union Pacific Railroad", "operator:wikidata": "Q725793", "owner": null, "railway": "rail", "railway:atc": null, "railway:freight": null, "railway:ptc": "yes", "railway:ref": null, "railway:track_class": "2", "railway:track_ref": null, "ref": null, "reporting_marks": null, "service": "none", "source": "Texas Department of Transportation", "spur": null, "start_date": null, "tiger:cfcc": "B11", "tiger:county": "Harris, TX", "tiger:name_base": "Houston Belt and Terminal Ry", "tiger:name_base_1": null, "tiger:name_base_2": null, "tiger:reviewed": "no", "tiger:zip_left": null, "tiger:zip_right": null, "tracks": null, "tunnel": null, "usage": "main", "maxspeed_mph": 20.0 }, "geometry": { "type": "LineString", "coordinates": [ [ -95.2885001, 29.8440615 ], [ -95.2884985, 29.8442362 ], [ -95.288492, 29.845223 ], [ -95.2884873, 29.8454712 ], [ -95.2884952, 29.8457152 ], [ -95.2885309, 29.8460111 ], [ -95.2886187, 29.8462968 ], [ -95.2887724, 29.8466232 ], [ -95.2889628, 29.8469101 ], [ -95.289094, 29.847059 ], [ -95.2893727, 29.8473267 ], [ -95.2896509, 29.8475299 ], [ -95.2899276, 29.8476835 ], [ -95.29019, 29.847803 ], [ -95.290718, 29.847986 ], [ -95.29128, 29.848076 ], [ -95.291618, 29.848081 ], [ -95.292087, 29.848005 ], [ -95.292625, 29.847847 ], [ -95.292965, 29.847669 ], [ -95.2932448, 29.8475211 ], [ -95.2936377, 29.84722 ] ] } },
{ "type": "Feature", "properties": { "id": "way/1059684390", "@id": "way/1059684390", "access": null, "addr:city": null, "addr:state": null, "bridge": null, "bridge:movable": null, "covered": null, "crossing:barrier": null, "electrified": "no", "embankment": null, "fixme": null, "gauge": "1435", "highspeed": null, "layer": null, "length": null, "maxspeed": "25 mph", "name": "BNSF Galveston Subdivision", "name_1": null, "note": null, "note:old_railway_operator": null, "old_railway_operator": "AT&SF", "operator": "BNSF Railway", "operator:wikidata": "Q267122", "owner": null, "railway": "rail", "railway:atc": null, "railway:freight": null, "railway:ptc": "yes", "railway:ref": null, "railway:track_class": "4", "railway:track_ref": null, "ref": "7500", "reporting_marks": "BNSF", "service": "none", "source": null, "spur": null, "start_date": null, "tiger:cfcc": null, "tiger:county": null, "tiger:name_base": null, "tiger:name_base_1": null, "tiger:name_base_2": null, "tiger:reviewed": null, "tiger:zip_left": null, "tiger:zip_right": null, "tracks": null, "tunnel": null, "usage": "main", "maxspeed_mph": 25.0 }, "geometry": { "type": "LineString", "coordinates": [ [ -95.4643965, 29.5004131 ], [ -95.464056, 29.500302 ], [ -95.4634467, 29.5001 ] ] } },
{ "type": "Feature", "properties": { "id": "way/1059684391", "@id": "way/1059684391", "access": null, "addr:city": null, "addr:state": null, "bridge": null, "bridge:movable": null, "covered": null, "crossing:barrier": null, "electrified": "no", "embankment": null, "fixme": null, "gauge": "1435", "highspeed": null, "layer": null, "length": null, "maxspeed": "55 mph", "name": "BNSF Galveston Subdivision", "name_1": null, "note": null, "note:old_railway_operator": null, "old_railway_operator": "AT&SF", "operator": "BNSF Railway", "operator:wikidata": "Q267122", "owner": null, "railway": "rail", "railway:atc": null, "railway:freight": null, "railway:ptc": "yes", "railway:ref": null, "railway:track_class": "4", "railway:track_ref": null, "ref": "7500", "reporting_marks": "BNSF", "service": "none", "source": null, "spur": null, "start_date": null, "tiger:cfcc": null, "tiger:county": null, "tiger:name_base": null, "tiger:name_base_1": null, "tiger:name_base_2": null, "tiger:reviewed": null, "tiger:zip_left": null, "tiger:zip_right": null, "tracks": null, "tunnel": null, "usage": "main", "maxspeed_mph": 55.0 }, "geometry": { "type": "LineString", "coordinates": [ [ -95.4779117, 29.5050094 ], [ -95.468632, 29.5018624 ], [ -95.4675647, 29.5014952 ] ] } },
{ "type": "Feature", "properties": { "id": "way/1059684392", "@id": "way/1059684392", "access": null, "addr:city": null, "addr:state": null, "bridge": null, "bridge:movable": null, "covered": null, "crossing:barrier": null, "electrified": "no", "embankment": null, "fixme": null, "gauge": "1435", "highspeed": null, "layer": null, "length": null, "maxspeed": "55 mph", "name": "BNSF Galveston Subdivision", "name_1": null, "note": null, "note:old_railway_operator": null, "old_railway_operator": "AT&SF", "operator": "BNSF Railway", "operator:wikidata": "Q267122", "owner": null, "railway": "rail", "railway:atc": null, "railway:freight": null, "railway:ptc": "yes", "railway:ref": null, "railway:track_class": "4", "railway:track_ref": null, "ref": "7500", "reporting_marks": "BNSF", "service": "none", "source": null, "spur": null, "start_date": null, "tiger:cfcc": null, "tiger:county": null, "tiger:name_base": null, "tiger:name_base_1": null, "tiger:name_base_2": null, "tiger:reviewed": null, "tiger:zip_left": null, "tiger:zip_right": null, "tracks": null, "tunnel": null, "usage": "main", "maxspeed_mph": 55.0 }, "geometry": { "type": "LineString", "coordinates": [ [ -95.5020854, 29.5003457 ], [ -95.5045928, 29.5002618 ] ] } },
{ "type": "Feature", "properties": { "id": "way/1059684393", "@id": "way/1059684393", "access": null, "addr:city": null, "addr:state": null, "bridge": null, "bridge:movable": null, "covered": null, "crossing:barrier": null, "electrified": "no", "embankment": null, "fixme": null, "gauge": "1435", "highspeed": null, "layer": null, "length": null, "maxspeed": "50 mph", "name": "BNSF Galveston Subdivision", "name_1": null, "note": null, "note:old_railway_operator": null, "old_railway_operator": "AT&SF", "operator": "BNSF Railway", "operator:wikidata": "Q267122", "owner": null, "railway": "rail", "railway:atc": null, "railway:freight": null, "railway:ptc": "yes", "railway:ref": null, "railway:track_class": "4", "railway:track_ref": null, "ref": "7500", "reporting_marks": "BNSF", "service": "none", "source": null, "spur": null, "start_date": null, "tiger:cfcc": null, "tiger:county": null, "tiger:name_base": null, "tiger:name_base_1": null, "tiger:name_base_2": null, "tiger:reviewed": null, "tiger:zip_left": null, "tiger:zip_right": null, "tracks": null, "tunnel": null, "usage": "main", "maxspeed_mph": 50.0 }, "geometry": { "type": "LineString", "coordinates": [ [ -95.595768, 29.499579 ], [ -95.595141, 29.49912 ], [ -95.594701, 29.498844 ], [ -95.594256, 29.498597 ], [ -95.593386, 29.4981769 ], [ -95.5932435, 29.4981205 ], [ -95.592897, 29.498018 ], [ -95.592251, 29.497805 ], [ -95.591582, 29.497649 ], [ -95.590873, 29.497525 ], [ -95.589702, 29.49745 ], [ -95.5892391, 29.4974674 ], [ -95.5876343, 29.4975166 ] ] } },
{ "type": "Feature", "properties": { "id": "way/1059882656", "@id": "way/1059882656", "access": null, "addr:city": null, "addr:state": null, "bridge": null, "bridge:movable": null, "covered": null, "crossing:barrier": null, "electrified": "no", "embankment": null, "fixme": null, "gauge": "1435", "highspeed": null, "layer": null, "length": null, "maxspeed": "30 mph", "name": "BNSF Houston Subdivision", "name_1": null, "note": null, "note:old_railway_operator": null, "old_railway_operator": "CB&Q;CRI&P", "operator": "BNSF Railway", "operator:wikidata": "Q267122", "owner": null, "railway": "rail", "railway:atc": null, "railway:freight": null, "railway:ptc": "yes", "railway:ref": null, "railway:track_class": "3", "railway:track_ref": null, "ref": "492", "reporting_marks": "BNSF", "service": "none", "source": null, "spur": null, "start_date": null, "tiger:cfcc": null, "tiger:county": null, "tiger:name_base": "Burlington Northern Railroad:Chicago Rock Island and Pacifi:Houston Belt and Terminal Ry", "tiger:name_base_1": "Chicago Rock Island and Pacifi", "tiger:name_base_2": "Fort Worth and Denver Railway", "tiger:reviewed": null, "tiger:zip_left": null, "tiger:zip_right": null, "tracks": null, "tunnel": null, "usage": "main", "maxspeed_mph": 30.0 }, "geometry": { "type": "LineString", "coordinates": [ [ -95.4981545, 29.8949929 ], [ -95.4945398, 29.888586 ], [ -95.4943624, 29.8883072 ], [ -95.4923528, 29.8847129 ], [ -95.4903586, 29.8812003 ], [ -95.4882591, 29.8775022 ] ] } },
{ "type": "Feature", "properties": { "id": "way/1059882657", "@id": "way/1059882657", "access": null, "addr:city": null, "addr:state": null, "bridge": null, "bridge:movable": null, "covered": null, "crossing:barrier": null, "electrified": "no", "embankment": null, "fixme": null, "gauge": "1435", "highspeed": null, "layer": null, "length": null, "maxspeed": "40 mph", "name": "BNSF Houston Subdivision", "name_1": null, "note": null, "note:old_railway_operator": null, "old_railway_operator": "CB&Q;CRI&P", "operator": "BNSF Railway", "operator:wikidata": "Q267122", "owner": null, "railway": "rail", "railway:atc": null, "railway:freight": null, "railway:ptc": "yes", "railway:ref": null, "railway:track_class": "3", "railway:track_ref": null, "ref": "492", "reporting_marks": "BNSF", "service": "none", "source": null, "spur": null, "start_date": null, "tiger:cfcc": null, "tiger:county": null, "tiger:name_base": "Burlington Northern Railroad:Chicago Rock Island and Pacifi:Houston Belt and Terminal Ry", "tiger:name_base_1": "Chicago Rock Island and Pacifi", "tiger:name_base_2": "Fort Worth and Denver Railway", "tiger:reviewed": null, "tiger:zip_left": null, "tiger:zip_right": null, "tracks": null, "tunnel": null, "usage": "main", "maxspeed_mph": 40.0 }, "geometry": { "type": "LineString", "coordinates": [ [ -95.4882591, 29.8775022 ], [ -95.4863551, 29.8741252 ] ] } },
{ "type": "Feature", "properties": { "id": "way/1059882658", "@id": "way/1059882658", "access": null, "addr:city": null, "addr:state": null, "bridge": null, "bridge:movable": null, "covered": null, "crossing:barrier": null, "electrified": "no", "embankment": null, "fixme": null, "gauge": "1435", "highspeed": null, "layer": null, "length": null, "maxspeed": "20 mph", "name": "BNSF Houston Subdivision", "name_1": null, "note": null, "note:old_railway_operator": null, "old_railway_operator": "CB&Q;CRI&P", "operator": "BNSF Railway", "operator:wikidata": "Q267122", "owner": null, "railway": "rail", "railway:atc": null, "railway:freight": null, "railway:ptc": "yes", "railway:ref": null, "railway:track_class": "3", "railway:track_ref": null, "ref": "492", "reporting_marks": "BNSF", "service": "none", "source": null, "spur": null, "start_date": null, "tiger:cfcc": null, "tiger:county": null, "tiger:name_base": "Burlington Northern Railroad:Chicago Rock Island and Pacifi:Houston Belt and Terminal Ry", "tiger:name_base_1": "Chicago Rock Island and Pacifi", "tiger:name_base_2": "Fort Worth and Denver Railway", "tiger:reviewed": null, "tiger:zip_left": null, "tiger:zip_right": null, "tracks": null, "tunnel": null, "usage": "main", "maxspeed_mph": 20.0 }, "geometry": { "type": "LineString", "coordinates": [ [ -95.3985597, 29.8191947 ], [ -95.3961445, 29.8192143 ], [ -95.3936532, 29.8192408 ], [ -95.3935588, 29.8192418 ], [ -95.393492, 29.8192426 ], [ -95.3890315, 29.8192974 ], [ -95.3889561, 29.8192983 ], [ -95.3830644, 29.8193624 ], [ -95.3788339, 29.8194085 ] ] } },
{ "type": "Feature", "properties": { "id": "way/1059885962", "@id": "way/1059885962", "access": null, "addr:city": null, "addr:state": null, "bridge": null, "bridge:movable": null, "covered": null, "crossing:barrier": null, "electrified": "no", "embankment": null, "fixme": null, "gauge": "1435", "highspeed": null, "layer": null, "length": null, "maxspeed": "55 mph", "name": "BNSF Mykawa Subdivision", "name_1": null, "note": null, "note:old_railway_operator": null, "old_railway_operator": "AT&SF", "operator": "BNSF Railway", "operator:wikidata": "Q267122", "owner": null, "railway": "rail", "railway:atc": null, "railway:freight": null, "railway:ptc": "yes", "railway:ref": null, "railway:track_class": "4", "railway:track_ref": null, "ref": "7501", "reporting_marks": "BNSF", "service": "none", "source": null, "spur": null, "start_date": null, "tiger:cfcc": null, "tiger:county": null, "tiger:name_base": null, "tiger:name_base_1": null, "tiger:name_base_2": null, "tiger:reviewed": null, "tiger:zip_left": null, "tiger:zip_right": null, "tracks": null, "tunnel": null, "usage": "main", "maxspeed_mph": 55.0 }, "geometry": { "type": "LineString", "coordinates": [ [ -95.3209648, 29.6761332 ], [ -95.319984, 29.67289 ], [ -95.3191685, 29.6701523 ], [ -95.3187288, 29.66865 ], [ -95.3180347, 29.6663797 ], [ -95.3180231, 29.6663399 ], [ -95.31793, 29.6660265 ], [ -95.3179203, 29.6659949 ], [ -95.3175557, 29.6647387 ], [ -95.3164906, 29.6611866 ], [ -95.3159706, 29.6594281 ], [ -95.3147396, 29.6553836 ] ] } },
{ "type": "Feature", "properties": { "id": "way/1059885963", "@id": "way/1059885963", "access": null, "addr:city": null, "addr:state": null, "bridge": null, "bridge:movable": null, "covered": null, "crossing:barrier": null, "electrified": "no", "embankment": null, "fixme": null, "gauge": "1435", "highspeed": null, "layer": null, "length": null, "maxspeed": "20 mph", "name": "BNSF Mykawa Subdivision", "name_1": null, "note": null, "note:old_railway_operator": null, "old_railway_operator": "AT&SF", "operator": "BNSF Railway", "operator:wikidata": "Q267122", "owner": null, "railway": "rail", "railway:atc": null, "railway:freight": null, "railway:ptc": "yes", "railway:ref": null, "railway:track_class": "4", "railway:track_ref": null, "ref": "7501", "reporting_marks": "BNSF", "service": "none", "source": null, "spur": null, "start_date": null, "tiger:cfcc": null, "tiger:county": null, "tiger:name_base": null, "tiger:name_base_1": null, "tiger:name_base_2": null, "tiger:reviewed": null, "tiger:zip_left": null, "tiger:zip_right": null, "tracks": null, "tunnel": null, "usage": "main", "maxspeed_mph": 20.0 }, "geometry": { "type": "LineString", "coordinates": [ [ -95.3267187, 29.6954104 ], [ -95.326627, 29.6950956 ], [ -95.3265364, 29.6947945 ], [ -95.3264975, 29.6946425 ], [ -95.3264745, 29.694558 ], [ -95.3264423, 29.6944397 ] ] } },
{ "type": "Feature", "properties": { "id": "way/1077842346", "@id": "way/1077842346", "access": null, "addr:city": null, "addr:state": null, "bridge": null, "bridge:movable": null, "covered": null, "crossing:barrier": null, "electrified": "no", "embankment": null, "fixme": null, "gauge": "1435", "highspeed": null, "layer": null, "length": null, "maxspeed": "20 mph", "name": "UP Houston West Belt Subdivision", "name_1": null, "note": null, "note:old_railway_operator": null, "old_railway_operator": "HB&T", "operator": "Union Pacific Railroad", "operator:wikidata": "Q725793", "owner": null, "railway": "rail", "railway:atc": null, "railway:freight": null, "railway:ptc": "yes", "railway:ref": null, "railway:track_class": "2", "railway:track_ref": null, "ref": null, "reporting_marks": null, "service": "none", "source": "Texas Department of Transportation", "spur": null, "start_date": null, "tiger:cfcc": null, "tiger:county": null, "tiger:name_base": null, "tiger:name_base_1": null, "tiger:name_base_2": null, "tiger:reviewed": null, "tiger:zip_left": null, "tiger:zip_right": null, "tracks": null, "tunnel": null, "usage": "main", "maxspeed_mph": 20.0 }, "geometry": { "type": "LineString", "coordinates": [ [ -95.348585, 29.7782281 ], [ -95.3485762, 29.7781045 ], [ -95.3485604, 29.7780028 ], [ -95.3485397, 29.7778882 ], [ -95.3485096, 29.7777699 ], [ -95.3484781, 29.7776684 ], [ -95.3484455, 29.7775788 ], [ -95.348413, 29.7774997 ], [ -95.3483679, 29.7774054 ], [ -95.3483175, 29.7773122 ], [ -95.3482617, 29.7772212 ], [ -95.3481985, 29.7771317 ] ] } },
{ "type": "Feature", "properties": { "id": "way/1077842347", "@id": "way/1077842347", "access": null, "addr:city": null, "addr:state": null, "bridge": "yes", "bridge:movable": null, "covered": null, "crossing:barrier": null, "electrified": "no", "embankment": null, "fixme": null, "gauge": "1435", "highspeed": null, "layer": "1", "length": null, "maxspeed": "20 mph", "name": "UP Houston West Belt Subdivision", "name_1": null, "note": null, "note:old_railway_operator": null, "old_railway_operator": "HB&T", "operator": "Union Pacific Railroad", "operator:wikidata": "Q725793", "owner": null, "railway": "rail", "railway:atc": null, "railway:freight": null, "railway:ptc": "yes", "railway:ref": null, "railway:track_class": "2", "railway:track_ref": null, "ref": null, "reporting_marks": null, "service": "none", "source": "Texas Department of Transportation", "spur": null, "start_date": null, "tiger:cfcc": null, "tiger:county": null, "tiger:name_base": null, "tiger:name_base_1": null, "tiger:name_base_2": null, "tiger:reviewed": null, "tiger:zip_left": null, "tiger:zip_right": null, "tracks": null, "tunnel": null, "usage": "main", "maxspeed_mph": 20.0 }, "geometry": { "type": "LineString", "coordinates": [ [ -95.3485911, 29.7784231 ], [ -95.348585, 29.7782281 ] ] } },
{ "type": "Feature", "properties": { "id": "way/1077842348", "@id": "way/1077842348", "access": null, "addr:city": null, "addr:state": null, "bridge": "yes", "bridge:movable": null, "covered": null, "crossing:barrier": null, "electrified": "no", "embankment": null, "fixme": null, "gauge": "1435", "highspeed": null, "layer": "1", "length": null, "maxspeed": "20 mph", "name": "UP Houston West Belt Subdivision", "name_1": null, "note": null, "note:old_railway_operator": null, "old_railway_operator": "MP", "operator": "Union Pacific Railroad", "operator:wikidata": "Q725793", "owner": null, "railway": "rail", "railway:atc": null, "railway:freight": null, "railway:ptc": "yes", "railway:ref": null, "railway:track_class": "2", "railway:track_ref": null, "ref": null, "reporting_marks": null, "service": "none", "source": "Texas Department of Transportation", "spur": null, "start_date": null, "tiger:cfcc": null, "tiger:county": null, "tiger:name_base": null, "tiger:name_base_1": null, "tiger:name_base_2": null, "tiger:reviewed": null, "tiger:zip_left": null, "tiger:zip_right": null, "tracks": null, "tunnel": null, "usage": "main", "maxspeed_mph": 20.0 }, "geometry": { "type": "LineString", "coordinates": [ [ -95.3486482, 29.7782215 ], [ -95.3486526, 29.7784212 ] ] } },
{ "type": "Feature", "properties": { "id": "way/1077842349", "@id": "way/1077842349", "access": null, "addr:city": null, "addr:state": null, "bridge": null, "bridge:movable": null, "covered": null, "crossing:barrier": null, "electrified": "no", "embankment": null, "fixme": null, "gauge": "1435", "highspeed": null, "layer": null, "length": null, "maxspeed": "20 mph", "name": "UP Houston West Belt Subdivision", "name_1": null, "note": null, "note:old_railway_operator": null, "old_railway_operator": "MP", "operator": "Union Pacific Railroad", "operator:wikidata": "Q725793", "owner": null, "railway": "rail", "railway:atc": null, "railway:freight": null, "railway:ptc": "yes", "railway:ref": null, "railway:track_class": "2", "railway:track_ref": null, "ref": null, "reporting_marks": null, "service": "none", "source": "Texas Department of Transportation", "spur": null, "start_date": null, "tiger:cfcc": null, "tiger:county": null, "tiger:name_base": null, "tiger:name_base_1": null, "tiger:name_base_2": null, "tiger:reviewed": null, "tiger:zip_left": null, "tiger:zip_right": null, "tracks": null, "tunnel": null, "usage": "main", "maxspeed_mph": 20.0 }, "geometry": { "type": "LineString", "coordinates": [ [ -95.3487344, 29.7799372 ], [ -95.3487227, 29.7789954 ], [ -95.3487165, 29.7784214 ] ] } },
{ "type": "Feature", "properties": { "id": "way/1077842350", "@id": "way/1077842350", "access": null, "addr:city": null, "addr:state": null, "bridge": "yes", "bridge:movable": null, "covered": null, "crossing:barrier": null, "electrified": "no", "embankment": null, "fixme": null, "gauge": "1435", "highspeed": null, "layer": "1", "length": null, "maxspeed": "20 mph", "name": "UP Houston West Belt Subdivision", "name_1": null, "note": null, "note:old_railway_operator": null, "old_railway_operator": "MP", "operator": "Union Pacific Railroad", "operator:wikidata": "Q725793", "owner": null, "railway": "rail", "railway:atc": null, "railway:freight": null, "railway:ptc": "yes", "railway:ref": null, "railway:track_class": "2", "railway:track_ref": null, "ref": null, "reporting_marks": null, "service": "none", "source": "Texas Department of Transportation", "spur": null, "start_date": null, "tiger:cfcc": null, "tiger:county": null, "tiger:name_base": null, "tiger:name_base_1": null, "tiger:name_base_2": null, "tiger:reviewed": null, "tiger:zip_left": null, "tiger:zip_right": null, "tracks": null, "tunnel": null, "usage": "main", "maxspeed_mph": 20.0 }, "geometry": { "type": "LineString", "coordinates": [ [ -95.3487165, 29.7784214 ], [ -95.3487069, 29.7782103 ] ] } },
{ "type": "Feature", "properties": { "id": "way/1077842351", "@id": "way/1077842351", "access": null, "addr:city": null, "addr:state": null, "bridge": null, "bridge:movable": null, "covered": null, "crossing:barrier": null, "electrified": "no", "embankment": null, "fixme": null, "gauge": "1435", "highspeed": null, "layer": null, "length": null, "maxspeed": "20 mph", "name": "Union Pacific Railroad", "name_1": null, "note": null, "note:old_railway_operator": null, "old_railway_operator": null, "operator": "Union Pacific Railroad", "operator:wikidata": "Q725793", "owner": null, "railway": "rail", "railway:atc": null, "railway:freight": null, "railway:ptc": "yes", "railway:ref": null, "railway:track_class": "2", "railway:track_ref": null, "ref": null, "reporting_marks": null, "service": "none", "source": "Texas Department of Transportation", "spur": null, "start_date": null, "tiger:cfcc": null, "tiger:county": null, "tiger:name_base": null, "tiger:name_base_1": null, "tiger:name_base_2": null, "tiger:reviewed": null, "tiger:zip_left": null, "tiger:zip_right": null, "tracks": null, "tunnel": null, "usage": "main", "maxspeed_mph": 20.0 }, "geometry": { "type": "LineString", "coordinates": [ [ -95.3487344, 29.7799372 ], [ -95.3487727, 29.7792487 ], [ -95.3487848, 29.7789425 ], [ -95.3487739, 29.7784218 ] ] } },
{ "type": "Feature", "properties": { "id": "way/1077842352", "@id": "way/1077842352", "access": null, "addr:city": null, "addr:state": null, "bridge": "yes", "bridge:movable": null, "covered": null, "crossing:barrier": null, "electrified": "no", "embankment": null, "fixme": null, "gauge": "1435", "highspeed": null, "layer": "1", "length": null, "maxspeed": "20 mph", "name": "Union Pacific Railroad", "name_1": null, "note": null, "note:old_railway_operator": null, "old_railway_operator": null, "operator": "Union Pacific Railroad", "operator:wikidata": "Q725793", "owner": null, "railway": "rail", "railway:atc": null, "railway:freight": null, "railway:ptc": "yes", "railway:ref": null, "railway:track_class": "2", "railway:track_ref": null, "ref": null, "reporting_marks": null, "service": "none", "source": "Texas Department of Transportation", "spur": null, "start_date": null, "tiger:cfcc": null, "tiger:county": null, "tiger:name_base": null, "tiger:name_base_1": null, "tiger:name_base_2": null, "tiger:reviewed": null, "tiger:zip_left": null, "tiger:zip_right": null, "tracks": null, "tunnel": null, "usage": "main", "maxspeed_mph": 20.0 }, "geometry": { "type": "LineString", "coordinates": [ [ -95.3487739, 29.7784218 ], [ -95.3487645, 29.7782021 ] ] } },
{ "type": "Feature", "properties": { "id": "way/1088483728", "@id": "way/1088483728", "access": null, "addr:city": null, "addr:state": null, "bridge": null, "bridge:movable": null, "covered": null, "crossing:barrier": null, "electrified": "no", "embankment": null, "fixme": null, "gauge": "1435", "highspeed": null, "layer": null, "length": null, "maxspeed": "20 mph", "name": "UP Houston West Belt Subdivision", "name_1": null, "note": "was leased to HB&T", "note:old_railway_operator": null, "old_railway_operator": "AT&SF", "operator": "Union Pacific Railroad", "operator:wikidata": "Q725793", "owner": null, "railway": "rail", "railway:atc": null, "railway:freight": null, "railway:ptc": "yes", "railway:ref": null, "railway:track_class": "2", "railway:track_ref": null, "ref": null, "reporting_marks": null, "service": "none", "source": "Texas Department of Transportation", "spur": null, "start_date": null, "tiger:cfcc": null, "tiger:county": null, "tiger:name_base": null, "tiger:name_base_1": null, "tiger:name_base_2": null, "tiger:reviewed": null, "tiger:zip_left": null, "tiger:zip_right": null, "tracks": null, "tunnel": null, "usage": "main", "maxspeed_mph": 20.0 }, "geometry": { "type": "LineString", "coordinates": [ [ -95.3267446, 29.695495 ], [ -95.3267187, 29.6954104 ] ] } },
{ "type": "Feature", "properties": { "id": "way/1120129156", "@id": "way/1120129156", "access": null, "addr:city": null, "addr:state": null, "bridge": null, "bridge:movable": null, "covered": null, "crossing:barrier": null, "electrified": "no", "embankment": null, "fixme": null, "gauge": "1435", "highspeed": null, "layer": null, "length": null, "maxspeed": "55 mph", "name": "BNSF Galveston Subdivision", "name_1": null, "note": null, "note:old_railway_operator": null, "old_railway_operator": "AT&SF", "operator": "BNSF Railway", "operator:wikidata": "Q267122", "owner": null, "railway": "rail", "railway:atc": null, "railway:freight": null, "railway:ptc": "yes", "railway:ref": null, "railway:track_class": "4", "railway:track_ref": null, "ref": "7500", "reporting_marks": "BNSF", "service": "none", "source": null, "spur": null, "start_date": null, "tiger:cfcc": null, "tiger:county": null, "tiger:name_base": null, "tiger:name_base_1": null, "tiger:name_base_2": null, "tiger:reviewed": null, "tiger:zip_left": null, "tiger:zip_right": null, "tracks": null, "tunnel": null, "usage": "main", "maxspeed_mph": 55.0 }, "geometry": { "type": "LineString", "coordinates": [ [ -95.3668216, 29.4671867 ], [ -95.3601696, 29.4649072 ], [ -95.3574778, 29.4639958 ], [ -95.3552046, 29.4632261 ], [ -95.3512368, 29.4618799 ], [ -95.3491048, 29.4611482 ] ] } },
{ "type": "Feature", "properties": { "id": "way/1120129157", "@id": "way/1120129157", "access": null, "addr:city": null, "addr:state": null, "bridge": "yes", "bridge:movable": null, "covered": null, "crossing:barrier": null, "electrified": "no", "embankment": null, "fixme": null, "gauge": "1435", "highspeed": null, "layer": "1", "length": null, "maxspeed": "55 mph", "name": "BNSF Galveston Subdivision", "name_1": null, "note": null, "note:old_railway_operator": null, "old_railway_operator": "AT&SF", "operator": "BNSF Railway", "operator:wikidata": "Q267122", "owner": null, "railway": "rail", "railway:atc": null, "railway:freight": null, "railway:ptc": "yes", "railway:ref": null, "railway:track_class": "4", "railway:track_ref": null, "ref": "7500", "reporting_marks": "BNSF", "service": "none", "source": null, "spur": null, "start_date": null, "tiger:cfcc": null, "tiger:county": null, "tiger:name_base": null, "tiger:name_base_1": null, "tiger:name_base_2": null, "tiger:reviewed": null, "tiger:zip_left": null, "tiger:zip_right": null, "tracks": null, "tunnel": null, "usage": "main", "maxspeed_mph": 55.0 }, "geometry": { "type": "LineString", "coordinates": [ [ -95.3491048, 29.4611482 ], [ -95.3489376, 29.4610891 ] ] } },
{ "type": "Feature", "properties": { "id": "way/1168808472", "@id": "way/1168808472", "access": null, "addr:city": null, "addr:state": null, "bridge": null, "bridge:movable": null, "covered": null, "crossing:barrier": null, "electrified": "no", "embankment": null, "fixme": null, "gauge": "1435", "highspeed": null, "layer": null, "length": null, "maxspeed": "55 mph", "name": "BNSF Galveston Subdivision", "name_1": null, "note": null, "note:old_railway_operator": null, "old_railway_operator": "AT&SF", "operator": "BNSF Railway", "operator:wikidata": "Q267122", "owner": null, "railway": "rail", "railway:atc": null, "railway:freight": null, "railway:ptc": "yes", "railway:ref": null, "railway:track_class": "4", "railway:track_ref": null, "ref": "7500", "reporting_marks": "BNSF", "service": "none", "source": null, "spur": null, "start_date": null, "tiger:cfcc": null, "tiger:county": null, "tiger:name_base": null, "tiger:name_base_1": null, "tiger:name_base_2": null, "tiger:reviewed": null, "tiger:zip_left": null, "tiger:zip_right": null, "tracks": null, "tunnel": null, "usage": "main", "maxspeed_mph": 55.0 }, "geometry": { "type": "LineString", "coordinates": [ [ -95.5671301, 29.4982059 ], [ -95.5630154, 29.4983382 ] ] } },
{ "type": "Feature", "properties": { "id": "way/1168808473", "@id": "way/1168808473", "access": null, "addr:city": null, "addr:state": null, "bridge": "yes", "bridge:movable": null, "covered": null, "crossing:barrier": null, "electrified": "no", "embankment": null, "fixme": null, "gauge": "1435", "highspeed": null, "layer": "1", "length": null, "maxspeed": "55 mph", "name": "BNSF Galveston Subdivision", "name_1": null, "note": null, "note:old_railway_operator": null, "old_railway_operator": "AT&SF", "operator": "BNSF Railway", "operator:wikidata": "Q267122", "owner": null, "railway": "rail", "railway:atc": null, "railway:freight": null, "railway:ptc": "yes", "railway:ref": null, "railway:track_class": "4", "railway:track_ref": null, "ref": "7500", "reporting_marks": "BNSF", "service": "none", "source": null, "spur": null, "start_date": null, "tiger:cfcc": null, "tiger:county": null, "tiger:name_base": null, "tiger:name_base_1": null, "tiger:name_base_2": null, "tiger:reviewed": null, "tiger:zip_left": null, "tiger:zip_right": null, "tracks": null, "tunnel": null, "usage": "main", "maxspeed_mph": 55.0 }, "geometry": { "type": "LineString", "coordinates": [ [ -95.5678287, 29.4981834 ], [ -95.5671301, 29.4982059 ] ] } },
{ "type": "Feature", "properties": { "id": "way/1168808478", "@id": "way/1168808478", "access": null, "addr:city": null, "addr:state": null, "bridge": "yes", "bridge:movable": null, "covered": null, "crossing:barrier": null, "electrified": "no", "embankment": null, "fixme": null, "gauge": "1435", "highspeed": null, "layer": "1", "length": null, "maxspeed": "55 mph", "name": "BNSF Galveston Subdivision", "name_1": null, "note": null, "note:old_railway_operator": null, "old_railway_operator": "AT&SF", "operator": "BNSF Railway", "operator:wikidata": "Q267122", "owner": null, "railway": "rail", "railway:atc": null, "railway:freight": null, "railway:ptc": "yes", "railway:ref": null, "railway:track_class": "4", "railway:track_ref": null, "ref": "7500", "reporting_marks": "BNSF", "service": "none", "source": null, "spur": null, "start_date": null, "tiger:cfcc": null, "tiger:county": null, "tiger:name_base": null, "tiger:name_base_1": null, "tiger:name_base_2": null, "tiger:reviewed": null, "tiger:zip_left": null, "tiger:zip_right": null, "tracks": null, "tunnel": null, "usage": "main", "maxspeed_mph": 55.0 }, "geometry": { "type": "LineString", "coordinates": [ [ -95.5630154, 29.4983382 ], [ -95.5623892, 29.4983583 ] ] } },
{ "type": "Feature", "properties": { "id": "way/1168808479", "@id": "way/1168808479", "access": null, "addr:city": null, "addr:state": null, "bridge": null, "bridge:movable": null, "covered": null, "crossing:barrier": null, "electrified": "no", "embankment": null, "fixme": null, "gauge": "1435", "highspeed": null, "layer": null, "length": null, "maxspeed": "55 mph", "name": "BNSF Galveston Subdivision", "name_1": null, "note": null, "note:old_railway_operator": null, "old_railway_operator": "AT&SF", "operator": "BNSF Railway", "operator:wikidata": "Q267122", "owner": null, "railway": "rail", "railway:atc": null, "railway:freight": null, "railway:ptc": "yes", "railway:ref": null, "railway:track_class": "4", "railway:track_ref": null, "ref": "7500", "reporting_marks": "BNSF", "service": "none", "source": null, "spur": null, "start_date": null, "tiger:cfcc": null, "tiger:county": null, "tiger:name_base": null, "tiger:name_base_1": null, "tiger:name_base_2": null, "tiger:reviewed": null, "tiger:zip_left": null, "tiger:zip_right": null, "tracks": null, "tunnel": null, "usage": "main", "maxspeed_mph": 55.0 }, "geometry": { "type": "LineString", "coordinates": [ [ -95.5623892, 29.4983583 ], [ -95.5616776, 29.4983812 ], [ -95.5569243, 29.498549 ] ] } },
{ "type": "Feature", "properties": { "id": "way/1168808482", "@id": "way/1168808482", "access": null, "addr:city": null, "addr:state": null, "bridge": "yes", "bridge:movable": null, "covered": null, "crossing:barrier": null, "electrified": "no", "embankment": null, "fixme": null, "gauge": "1435", "highspeed": null, "layer": "1", "length": null, "maxspeed": "55 mph", "name": "BNSF Galveston Subdivision", "name_1": null, "note": null, "note:old_railway_operator": null, "old_railway_operator": "AT&SF", "operator": "BNSF Railway", "operator:wikidata": "Q267122", "owner": null, "railway": "rail", "railway:atc": null, "railway:freight": null, "railway:ptc": "yes", "railway:ref": null, "railway:track_class": "4", "railway:track_ref": null, "ref": "7500", "reporting_marks": "BNSF", "service": "none", "source": null, "spur": null, "start_date": null, "tiger:cfcc": null, "tiger:county": null, "tiger:name_base": null, "tiger:name_base_1": null, "tiger:name_base_2": null, "tiger:reviewed": null, "tiger:zip_left": null, "tiger:zip_right": null, "tracks": null, "tunnel": null, "usage": "main", "maxspeed_mph": 55.0 }, "geometry": { "type": "LineString", "coordinates": [ [ -95.5415419, 29.499052 ], [ -95.5417428, 29.4990454 ] ] } },
{ "type": "Feature", "properties": { "id": "way/1168808483", "@id": "way/1168808483", "access": null, "addr:city": null, "addr:state": null, "bridge": null, "bridge:movable": null, "covered": null, "crossing:barrier": null, "electrified": "no", "embankment": null, "fixme": null, "gauge": "1435", "highspeed": null, "layer": null, "length": null, "maxspeed": "55 mph", "name": "BNSF Galveston Subdivision", "name_1": null, "note": null, "note:old_railway_operator": null, "old_railway_operator": "AT&SF", "operator": "BNSF Railway", "operator:wikidata": "Q267122", "owner": null, "railway": "rail", "railway:atc": null, "railway:freight": null, "railway:ptc": "yes", "railway:ref": null, "railway:track_class": "4", "railway:track_ref": null, "ref": "7500", "reporting_marks": "BNSF", "service": "none", "source": null, "spur": null, "start_date": null, "tiger:cfcc": null, "tiger:county": null, "tiger:name_base": null, "tiger:name_base_1": null, "tiger:name_base_2": null, "tiger:reviewed": null, "tiger:zip_left": null, "tiger:zip_right": null, "tracks": null, "tunnel": null, "usage": "main", "maxspeed_mph": 55.0 }, "geometry": { "type": "LineString", "coordinates": [ [ -95.5417428, 29.4990454 ], [ -95.546713, 29.4988826 ] ] } },
{ "type": "Feature", "properties": { "id": "way/1168808486", "@id": "way/1168808486", "access": null, "addr:city": null, "addr:state": null, "bridge": "yes", "bridge:movable": null, "covered": null, "crossing:barrier": null, "electrified": "no", "embankment": null, "fixme": null, "gauge": "1435", "highspeed": null, "layer": "1", "length": null, "maxspeed": "25 mph", "name": "BNSF Galveston Subdivision", "name_1": null, "note": null, "note:old_railway_operator": null, "old_railway_operator": "AT&SF", "operator": "BNSF Railway", "operator:wikidata": "Q267122", "owner": null, "railway": "rail", "railway:atc": null, "railway:freight": null, "railway:ptc": "yes", "railway:ref": null, "railway:track_class": "4", "railway:track_ref": null, "ref": "7500", "reporting_marks": "BNSF", "service": "none", "source": null, "spur": null, "start_date": null, "tiger:cfcc": null, "tiger:county": null, "tiger:name_base": null, "tiger:name_base_1": null, "tiger:name_base_2": null, "tiger:reviewed": null, "tiger:zip_left": null, "tiger:zip_right": null, "tracks": null, "tunnel": null, "usage": "main", "maxspeed_mph": 25.0 }, "geometry": { "type": "LineString", "coordinates": [ [ -95.4654184, 29.5007638 ], [ -95.4655498, 29.5008089 ] ] } },
{ "type": "Feature", "properties": { "id": "way/1168808487", "@id": "way/1168808487", "access": null, "addr:city": null, "addr:state": null, "bridge": null, "bridge:movable": null, "covered": null, "crossing:barrier": null, "electrified": "no", "embankment": null, "fixme": null, "gauge": "1435", "highspeed": null, "layer": null, "length": null, "maxspeed": "25 mph", "name": "BNSF Galveston Subdivision", "name_1": null, "note": null, "note:old_railway_operator": null, "old_railway_operator": "AT&SF", "operator": "BNSF Railway", "operator:wikidata": "Q267122", "owner": null, "railway": "rail", "railway:atc": null, "railway:freight": null, "railway:ptc": "yes", "railway:ref": null, "railway:track_class": "4", "railway:track_ref": null, "ref": "7500", "reporting_marks": "BNSF", "service": "none", "source": null, "spur": null, "start_date": null, "tiger:cfcc": null, "tiger:county": null, "tiger:name_base": null, "tiger:name_base_1": null, "tiger:name_base_2": null, "tiger:reviewed": null, "tiger:zip_left": null, "tiger:zip_right": null, "tracks": null, "tunnel": null, "usage": "main", "maxspeed_mph": 25.0 }, "geometry": { "type": "LineString", "coordinates": [ [ -95.4655498, 29.5008089 ], [ -95.46563, 29.5008365 ] ] } },
{ "type": "Feature", "properties": { "id": "way/1168808490", "@id": "way/1168808490", "access": null, "addr:city": null, "addr:state": null, "bridge": "yes", "bridge:movable": null, "covered": null, "crossing:barrier": null, "electrified": "no", "embankment": null, "fixme": null, "gauge": "1435", "highspeed": null, "layer": "1", "length": null, "maxspeed": "40 mph", "name": "BNSF Galveston Subdivision", "name_1": null, "note": null, "note:old_railway_operator": null, "old_railway_operator": "AT&SF", "operator": "BNSF Railway", "operator:wikidata": "Q267122", "owner": null, "railway": "rail", "railway:atc": null, "railway:freight": null, "railway:ptc": "yes", "railway:ref": null, "railway:track_class": "4", "railway:track_ref": null, "ref": "7500", "reporting_marks": "BNSF", "service": "none", "source": null, "spur": null, "start_date": null, "tiger:cfcc": null, "tiger:county": null, "tiger:name_base": null, "tiger:name_base_1": null, "tiger:name_base_2": null, "tiger:reviewed": null, "tiger:zip_left": null, "tiger:zip_right": null, "tracks": null, "tunnel": null, "usage": "main", "maxspeed_mph": 40.0 }, "geometry": { "type": "LineString", "coordinates": [ [ -95.4941833, 29.5028156 ], [ -95.494714, 29.5027095 ] ] } },
{ "type": "Feature", "properties": { "id": "way/1168808491", "@id": "way/1168808491", "access": null, "addr:city": null, "addr:state": null, "bridge": null, "bridge:movable": null, "covered": null, "crossing:barrier": null, "electrified": "no", "embankment": null, "fixme": null, "gauge": "1435", "highspeed": null, "layer": null, "length": null, "maxspeed": "40 mph", "name": "BNSF Galveston Subdivision", "name_1": null, "note": null, "note:old_railway_operator": null, "old_railway_operator": "AT&SF", "operator": "BNSF Railway", "operator:wikidata": "Q267122", "owner": null, "railway": "rail", "railway:atc": null, "railway:freight": null, "railway:ptc": "yes", "railway:ref": null, "railway:track_class": "4", "railway:track_ref": null, "ref": "7500", "reporting_marks": "BNSF", "service": "none", "source": null, "spur": null, "start_date": null, "tiger:cfcc": null, "tiger:county": null, "tiger:name_base": null, "tiger:name_base_1": null, "tiger:name_base_2": null, "tiger:reviewed": null, "tiger:zip_left": null, "tiger:zip_right": null, "tracks": null, "tunnel": null, "usage": "main", "maxspeed_mph": 40.0 }, "geometry": { "type": "LineString", "coordinates": [ [ -95.4936962, 29.5029094 ], [ -95.4941833, 29.5028156 ] ] } },
{ "type": "Feature", "properties": { "id": "way/1169431402", "@id": "way/1169431402", "access": null, "addr:city": null, "addr:state": null, "bridge": null, "bridge:movable": null, "covered": null, "crossing:barrier": null, "electrified": "no", "embankment": null, "fixme": null, "gauge": "1435", "highspeed": null, "layer": null, "length": null, "maxspeed": "40 mph", "name": "BNSF Houston Subdivision", "name_1": null, "note": null, "note:old_railway_operator": null, "old_railway_operator": "CB&Q;CRI&P", "operator": "BNSF Railway", "operator:wikidata": "Q267122", "owner": null, "railway": "rail", "railway:atc": null, "railway:freight": null, "railway:ptc": "yes", "railway:ref": null, "railway:track_class": "3", "railway:track_ref": null, "ref": "492", "reporting_marks": "BNSF", "service": "none", "source": null, "spur": null, "start_date": null, "tiger:cfcc": null, "tiger:county": null, "tiger:name_base": "Burlington Northern Railroad:Chicago Rock Island and Pacifi:Houston Belt and Terminal Ry", "tiger:name_base_1": "Chicago Rock Island and Pacifi", "tiger:name_base_2": "Fort Worth and Denver Railway", "tiger:reviewed": null, "tiger:zip_left": null, "tiger:zip_right": null, "tracks": null, "tunnel": null, "usage": "main", "maxspeed_mph": 40.0 }, "geometry": { "type": "LineString", "coordinates": [ [ -95.6421041, 30.1558361 ], [ -95.6388866, 30.1488463 ], [ -95.6374709, 30.1457705 ] ] } },
{ "type": "Feature", "properties": { "id": "way/1169431403", "@id": "way/1169431403", "access": null, "addr:city": null, "addr:state": null, "bridge": "yes", "bridge:movable": null, "covered": null, "crossing:barrier": null, "electrified": "no", "embankment": null, "fixme": null, "gauge": "1435", "highspeed": null, "layer": "1", "length": null, "maxspeed": "40 mph", "name": "BNSF Houston Subdivision", "name_1": null, "note": null, "note:old_railway_operator": null, "old_railway_operator": "CB&Q;CRI&P", "operator": "BNSF Railway", "operator:wikidata": "Q267122", "owner": null, "railway": "rail", "railway:atc": null, "railway:freight": null, "railway:ptc": "yes", "railway:ref": null, "railway:track_class": "3", "railway:track_ref": null, "ref": "492", "reporting_marks": "BNSF", "service": "none", "source": null, "spur": null, "start_date": null, "tiger:cfcc": null, "tiger:county": null, "tiger:name_base": "Burlington Northern Railroad:Chicago Rock Island and Pacifi:Houston Belt and Terminal Ry", "tiger:name_base_1": "Chicago Rock Island and Pacifi", "tiger:name_base_2": "Fort Worth and Denver Railway", "tiger:reviewed": null, "tiger:zip_left": null, "tiger:zip_right": null, "tracks": null, "tunnel": null, "usage": "main", "maxspeed_mph": 40.0 }, "geometry": { "type": "LineString", "coordinates": [ [ -95.6421845, 30.1560218 ], [ -95.6421041, 30.1558361 ] ] } },
{ "type": "Feature", "properties": { "id": "way/1185171437", "@id": "way/1185171437", "access": null, "addr:city": null, "addr:state": null, "bridge": null, "bridge:movable": null, "covered": null, "crossing:barrier": null, "electrified": "no", "embankment": null, "fixme": null, "gauge": "1435", "highspeed": null, "layer": null, "length": null, "maxspeed": "40 mph", "name": "UP Harrisburg Subdivision", "name_1": null, "note": null, "note:old_railway_operator": "GH&SA", "old_railway_operator": "SP", "operator": "Union Pacific Railroad", "operator:wikidata": "Q725793", "owner": null, "railway": "rail", "railway:atc": null, "railway:freight": null, "railway:ptc": "yes", "railway:ref": null, "railway:track_class": "3", "railway:track_ref": null, "ref": null, "reporting_marks": null, "service": "none", "source": "Texas Department of Transportation", "spur": null, "start_date": null, "tiger:cfcc": "B11", "tiger:county": "Harris, TX", "tiger:name_base": "Southern Pacific Railroad", "tiger:name_base_1": null, "tiger:name_base_2": null, "tiger:reviewed": null, "tiger:zip_left": null, "tiger:zip_right": null, "tracks": null, "tunnel": null, "usage": "main", "maxspeed_mph": 40.0 }, "geometry": { "type": "LineString", "coordinates": [ [ -95.329319, 29.6937639 ], [ -95.3284419, 29.6943212 ], [ -95.3283243, 29.694396 ] ] } },
{ "type": "Feature", "properties": { "id": "way/1185171438", "@id": "way/1185171438", "access": null, "addr:city": null, "addr:state": null, "bridge": "yes", "bridge:movable": null, "covered": null, "crossing:barrier": null, "electrified": "no", "embankment": null, "fixme": null, "gauge": "1435", "highspeed": null, "layer": "1", "length": null, "maxspeed": "40 mph", "name": "UP Harrisburg Subdivision", "name_1": null, "note": null, "note:old_railway_operator": "GH&SA", "old_railway_operator": "SP", "operator": "Union Pacific Railroad", "operator:wikidata": "Q725793", "owner": null, "railway": "rail", "railway:atc": null, "railway:freight": null, "railway:ptc": "yes", "railway:ref": null, "railway:track_class": "3", "railway:track_ref": null, "ref": null, "reporting_marks": null, "service": "none", "source": "Texas Department of Transportation", "spur": null, "start_date": null, "tiger:cfcc": "B11", "tiger:county": "Harris, TX", "tiger:name_base": "Southern Pacific Railroad", "tiger:name_base_1": null, "tiger:name_base_2": null, "tiger:reviewed": null, "tiger:zip_left": null, "tiger:zip_right": null, "tracks": null, "tunnel": null, "usage": "main", "maxspeed_mph": 40.0 }, "geometry": { "type": "LineString", "coordinates": [ [ -95.3295082, 29.6936383 ], [ -95.329319, 29.6937639 ] ] } },
{ "type": "Feature", "properties": { "id": "way/1190495415", "@id": "way/1190495415", "access": null, "addr:city": null, "addr:state": null, "bridge": null, "bridge:movable": null, "covered": null, "crossing:barrier": null, "electrified": "no", "embankment": null, "fixme": null, "gauge": "1435", "highspeed": null, "layer": null, "length": null, "maxspeed": "79 mph", "name": "UP Houston Subdivision", "name_1": null, "note": null, "note:old_railway_operator": null, "old_railway_operator": "SP", "operator": "Union Pacific Railroad", "operator:wikidata": "Q725793", "owner": "Union Pacific Railroad", "railway": "rail", "railway:atc": "no", "railway:freight": null, "railway:ptc": "no", "railway:ref": null, "railway:track_class": "5", "railway:track_ref": null, "ref": null, "reporting_marks": "BNSF;UP", "service": "none", "source": "Texas Department of Transportation", "spur": null, "start_date": null, "tiger:cfcc": "B11", "tiger:county": "Harris, TX:Liberty, TX", "tiger:name_base": "Southern Pacific Railroad", "tiger:name_base_1": null, "tiger:name_base_2": null, "tiger:reviewed": null, "tiger:zip_left": null, "tiger:zip_right": null, "tracks": null, "tunnel": null, "usage": "main", "maxspeed_mph": 79.0 }, "geometry": { "type": "LineString", "coordinates": [ [ -94.985542, 29.9732195 ], [ -94.9795831, 29.9777801 ], [ -94.9791511, 29.9780957 ], [ -94.9775803, 29.9793144 ], [ -94.9767062, 29.9799857 ], [ -94.9734493, 29.982468 ], [ -94.9697207, 29.9853126 ], [ -94.9674741, 29.9870293 ], [ -94.9671643, 29.9872777 ], [ -94.9657806, 29.9883199 ], [ -94.9656426, 29.9884257 ] ] } },
{ "type": "Feature", "properties": { "id": "way/1190495416", "@id": "way/1190495416", "access": null, "addr:city": null, "addr:state": null, "bridge": "yes", "bridge:movable": null, "covered": null, "crossing:barrier": null, "electrified": "no", "embankment": null, "fixme": null, "gauge": "1435", "highspeed": null, "layer": "1", "length": null, "maxspeed": "79 mph", "name": "UP Houston Subdivision", "name_1": null, "note": null, "note:old_railway_operator": null, "old_railway_operator": "SP", "operator": "Union Pacific Railroad", "operator:wikidata": "Q725793", "owner": "Union Pacific Railroad", "railway": "rail", "railway:atc": "no", "railway:freight": null, "railway:ptc": "no", "railway:ref": null, "railway:track_class": "5", "railway:track_ref": null, "ref": null, "reporting_marks": "BNSF;UP", "service": "none", "source": "Texas Department of Transportation", "spur": null, "start_date": null, "tiger:cfcc": "B11", "tiger:county": "Harris, TX:Liberty, TX", "tiger:name_base": "Southern Pacific Railroad", "tiger:name_base_1": null, "tiger:name_base_2": null, "tiger:reviewed": null, "tiger:zip_left": null, "tiger:zip_right": null, "tracks": null, "tunnel": null, "usage": "main", "maxspeed_mph": 79.0 }, "geometry": { "type": "LineString", "coordinates": [ [ -94.9656426, 29.9884257 ], [ -94.9655771, 29.9884772 ] ] } },
{ "type": "Feature", "properties": { "id": "way/1190495453", "@id": "way/1190495453", "access": null, "addr:city": null, "addr:state": null, "bridge": null, "bridge:movable": null, "covered": null, "crossing:barrier": null, "electrified": "no", "embankment": null, "fixme": null, "gauge": "1435", "highspeed": null, "layer": null, "length": null, "maxspeed": "79 mph", "name": "UP Houston Subdivision", "name_1": null, "note": null, "note:old_railway_operator": null, "old_railway_operator": "SP", "operator": "Union Pacific Railroad", "operator:wikidata": "Q725793", "owner": "Union Pacific Railroad", "railway": "rail", "railway:atc": "no", "railway:freight": null, "railway:ptc": "no", "railway:ref": null, "railway:track_class": "5", "railway:track_ref": null, "ref": null, "reporting_marks": "BNSF;UP", "service": "none", "source": "Texas Department of Transportation", "spur": null, "start_date": null, "tiger:cfcc": "B11", "tiger:county": "Harris, TX:Liberty, TX", "tiger:name_base": "Southern Pacific Railroad", "tiger:name_base_1": null, "tiger:name_base_2": null, "tiger:reviewed": null, "tiger:zip_left": null, "tiger:zip_right": null, "tracks": null, "tunnel": null, "usage": "main", "maxspeed_mph": 79.0 }, "geometry": { "type": "LineString", "coordinates": [ [ -94.94259, 30.0060703 ], [ -94.9356648, 30.0113482 ], [ -94.9321809, 30.0140131 ], [ -94.9307942, 30.0150742 ], [ -94.9286098, 30.0167495 ], [ -94.9265404, 30.0183239 ], [ -94.9243288, 30.020014 ], [ -94.9218641, 30.0218963 ], [ -94.9213201, 30.0223369 ] ] } },
{ "type": "Feature", "properties": { "id": "way/1190495454", "@id": "way/1190495454", "access": null, "addr:city": null, "addr:state": null, "bridge": "yes", "bridge:movable": null, "covered": null, "crossing:barrier": null, "electrified": "no", "embankment": null, "fixme": null, "gauge": "1435", "highspeed": null, "layer": "1", "length": null, "maxspeed": "79 mph", "name": "UP Houston Subdivision", "name_1": null, "note": null, "note:old_railway_operator": null, "old_railway_operator": "SP", "operator": "Union Pacific Railroad", "operator:wikidata": "Q725793", "owner": "Union Pacific Railroad", "railway": "rail", "railway:atc": "no", "railway:freight": null, "railway:ptc": "no", "railway:ref": null, "railway:track_class": "5", "railway:track_ref": null, "ref": null, "reporting_marks": "BNSF;UP", "service": "none", "source": "Texas Department of Transportation", "spur": null, "start_date": null, "tiger:cfcc": "B11", "tiger:county": "Harris, TX:Liberty, TX", "tiger:name_base": "Southern Pacific Railroad", "tiger:name_base_1": null, "tiger:name_base_2": null, "tiger:reviewed": null, "tiger:zip_left": null, "tiger:zip_right": null, "tracks": null, "tunnel": null, "usage": "main", "maxspeed_mph": 79.0 }, "geometry": { "type": "LineString", "coordinates": [ [ -94.9427553, 30.0059413 ], [ -94.94259, 30.0060703 ] ] } },
{ "type": "Feature", "properties": { "id": "way/1238718195", "@id": "way/1238718195", "access": null, "addr:city": null, "addr:state": null, "bridge": null, "bridge:movable": null, "covered": null, "crossing:barrier": null, "electrified": "no", "embankment": null, "fixme": null, "gauge": "1435", "highspeed": null, "layer": null, "length": null, "maxspeed": "79 mph", "name": "UP Houston Subdivision", "name_1": null, "note": null, "note:old_railway_operator": "H&TC", "old_railway_operator": "SP", "operator": "Union Pacific Railroad", "operator:wikidata": "Q725793", "owner": "Union Pacific Railroad", "railway": "rail", "railway:atc": null, "railway:freight": null, "railway:ptc": "yes", "railway:ref": null, "railway:track_class": "5", "railway:track_ref": null, "ref": null, "reporting_marks": null, "service": "none", "source": "Texas Department of Transportation", "spur": null, "start_date": null, "tiger:cfcc": null, "tiger:county": null, "tiger:name_base": null, "tiger:name_base_1": null, "tiger:name_base_2": null, "tiger:reviewed": null, "tiger:zip_left": null, "tiger:zip_right": null, "tracks": null, "tunnel": null, "usage": "main", "maxspeed_mph": 79.0 }, "geometry": { "type": "LineString", "coordinates": [ [ -95.3985415, 29.7715685 ], [ -95.3982399, 29.7715298 ], [ -95.3975515, 29.7714642 ], [ -95.3974737, 29.7714568 ] ] } },
{ "type": "Feature", "properties": { "id": "way/1247018038", "@id": "way/1247018038", "access": null, "addr:city": null, "addr:state": null, "bridge": null, "bridge:movable": null, "covered": null, "crossing:barrier": null, "electrified": "no", "embankment": null, "fixme": null, "gauge": "1435", "highspeed": null, "layer": null, "length": null, "maxspeed": "20 mph", "name": "UP Houston West Belt Subdivision", "name_1": null, "note": null, "note:old_railway_operator": null, "old_railway_operator": "MP", "operator": "Union Pacific Railroad", "operator:wikidata": "Q725793", "owner": null, "railway": "rail", "railway:atc": null, "railway:freight": null, "railway:ptc": "yes", "railway:ref": null, "railway:track_class": "2", "railway:track_ref": null, "ref": null, "reporting_marks": null, "service": "none", "source": "Texas Department of Transportation", "spur": null, "start_date": null, "tiger:cfcc": null, "tiger:county": null, "tiger:name_base": null, "tiger:name_base_1": null, "tiger:name_base_2": null, "tiger:reviewed": null, "tiger:zip_left": null, "tiger:zip_right": null, "tracks": null, "tunnel": null, "usage": "main", "maxspeed_mph": 20.0 }, "geometry": { "type": "LineString", "coordinates": [ [ -95.3466993, 29.749712 ], [ -95.3465294, 29.7492086 ] ] } },
{ "type": "Feature", "properties": { "id": "way/1247018039", "@id": "way/1247018039", "access": null, "addr:city": null, "addr:state": null, "bridge": null, "bridge:movable": null, "covered": null, "crossing:barrier": null, "electrified": "no", "embankment": null, "fixme": null, "gauge": "1435", "highspeed": null, "layer": null, "length": null, "maxspeed": "20 mph", "name": "UP Houston West Belt Subdivision", "name_1": null, "note": null, "note:old_railway_operator": null, "old_railway_operator": "MP", "operator": "Union Pacific Railroad", "operator:wikidata": "Q725793", "owner": null, "railway": "rail", "railway:atc": null, "railway:freight": null, "railway:ptc": "yes", "railway:ref": null, "railway:track_class": "2", "railway:track_ref": null, "ref": null, "reporting_marks": null, "service": "none", "source": "Texas Department of Transportation", "spur": null, "start_date": null, "tiger:cfcc": null, "tiger:county": null, "tiger:name_base": null, "tiger:name_base_1": null, "tiger:name_base_2": null, "tiger:reviewed": null, "tiger:zip_left": null, "tiger:zip_right": null, "tracks": null, "tunnel": null, "usage": "main", "maxspeed_mph": 20.0 }, "geometry": { "type": "LineString", "coordinates": [ [ -95.3465294, 29.7492086 ], [ -95.3464326, 29.7489167 ], [ -95.3463869, 29.7487784 ], [ -95.3463511, 29.748659 ], [ -95.3463174, 29.7485444 ], [ -95.3462788, 29.7484036 ], [ -95.3462502, 29.7482764 ], [ -95.3462178, 29.7481028 ] ] } },
{ "type": "Feature", "properties": { "id": "way/1258463409", "@id": "way/1258463409", "access": null, "addr:city": null, "addr:state": null, "bridge": null, "bridge:movable": null, "covered": null, "crossing:barrier": null, "electrified": "no", "embankment": null, "fixme": null, "gauge": "1435", "highspeed": null, "layer": null, "length": null, "maxspeed": "60 mph", "name": "UP Lufkin Subdivision", "name_1": null, "note": null, "note:old_railway_operator": "HE&WT", "old_railway_operator": "SP", "operator": "Union Pacific Railroad", "operator:wikidata": "Q725793", "owner": null, "railway": "rail", "railway:atc": "no", "railway:freight": null, "railway:ptc": "no", "railway:ref": null, "railway:track_class": "4", "railway:track_ref": null, "ref": null, "reporting_marks": null, "service": "none", "source": "Texas Department of Transportation", "spur": null, "start_date": null, "tiger:cfcc": "B11:B13:B21", "tiger:county": "Angelina, TX:Caddo, LA:De Soto, LA:Harris, TX:Liberty, TX:Montgomery, TX:Nacogdoches, TX:Polk, TX:San Jacinto, TX:Shelby, TX", "tiger:name_base": "Kansas City Southern Railway:Southern Pacific Railroad", "tiger:name_base_1": null, "tiger:name_base_2": null, "tiger:reviewed": null, "tiger:zip_left": null, "tiger:zip_right": null, "tracks": null, "tunnel": null, "usage": "main", "maxspeed_mph": 60.0 }, "geometry": { "type": "LineString", "coordinates": [ [ -95.2125037, 30.1511775 ], [ -95.2128856, 30.1500724 ] ] } },
{ "type": "Feature", "properties": { "id": "way/1261371103", "@id": "way/1261371103", "access": null, "addr:city": "Tomball", "addr:state": "TX", "bridge": null, "bridge:movable": null, "covered": null, "crossing:barrier": null, "electrified": "no", "embankment": null, "fixme": null, "gauge": "1435", "highspeed": null, "layer": null, "length": null, "maxspeed": "60 mph", "name": "UP Navasota Subdivision", "name_1": null, "note": null, "note:old_railway_operator": null, "old_railway_operator": "MP", "operator": "Union Pacific Railroad", "operator:wikidata": "Q725793", "owner": null, "railway": "rail", "railway:atc": null, "railway:freight": null, "railway:ptc": "yes", "railway:ref": null, "railway:track_class": "4", "railway:track_ref": null, "ref": null, "reporting_marks": null, "service": "none", "source": "Union Pacific", "spur": null, "start_date": null, "tiger:cfcc": "B11", "tiger:county": "Grimes, TX:Harris, TX:Montgomery, TX:Waller, TX", "tiger:name_base": "Railroad:Union Pacific Railroad", "tiger:name_base_1": null, "tiger:name_base_2": null, "tiger:reviewed": null, "tiger:zip_left": null, "tiger:zip_right": null, "tracks": null, "tunnel": null, "usage": "main", "maxspeed_mph": 60.0 }, "geometry": { "type": "LineString", "coordinates": [ [ -95.5808937, 30.1135613 ], [ -95.5781207, 30.111991 ], [ -95.5780323, 30.1119413 ], [ -95.5778346, 30.1118303 ], [ -95.5744759, 30.1099266 ], [ -95.5730903, 30.1091308 ], [ -95.5724443, 30.1087991 ], [ -95.5719627, 30.1085778 ], [ -95.571558, 30.1084272 ], [ -95.5710935, 30.1082716 ], [ -95.5705622, 30.1081198 ], [ -95.5699462, 30.1079852 ], [ -95.5669408, 30.1074412 ], [ -95.5653359, 30.107155 ], [ -95.5613492, 30.1064493 ], [ -95.5549438, 30.1053116 ], [ -95.5498078, 30.1043963 ], [ -95.5476674, 30.1040165 ] ] } },
{ "type": "Feature", "properties": { "id": "way/1261371104", "@id": "way/1261371104", "access": null, "addr:city": "Tomball", "addr:state": "TX", "bridge": "yes", "bridge:movable": null, "covered": null, "crossing:barrier": null, "electrified": "no", "embankment": null, "fixme": null, "gauge": "1435", "highspeed": null, "layer": "1", "length": null, "maxspeed": "60 mph", "name": "UP Navasota Subdivision", "name_1": null, "note": null, "note:old_railway_operator": null, "old_railway_operator": "MP", "operator": "Union Pacific Railroad", "operator:wikidata": "Q725793", "owner": null, "railway": "rail", "railway:atc": null, "railway:freight": null, "railway:ptc": "yes", "railway:ref": null, "railway:track_class": "4", "railway:track_ref": null, "ref": null, "reporting_marks": null, "service": "none", "source": "Union Pacific", "spur": null, "start_date": null, "tiger:cfcc": "B11", "tiger:county": "Grimes, TX:Harris, TX:Montgomery, TX:Waller, TX", "tiger:name_base": "Railroad:Union Pacific Railroad", "tiger:name_base_1": null, "tiger:name_base_2": null, "tiger:reviewed": null, "tiger:zip_left": null, "tiger:zip_right": null, "tracks": null, "tunnel": null, "usage": "main", "maxspeed_mph": 60.0 }, "geometry": { "type": "LineString", "coordinates": [ [ -95.5476674, 30.1040165 ], [ -95.5471316, 30.1039214 ] ] } },
{ "type": "Feature", "properties": { "id": "way/1294849868", "@id": "way/1294849868", "access": null, "addr:city": null, "addr:state": null, "bridge": null, "bridge:movable": null, "covered": null, "crossing:barrier": null, "electrified": "no", "embankment": null, "fixme": null, "gauge": "1435", "highspeed": null, "layer": null, "length": null, "maxspeed": "55 mph", "name": "BNSF Mykawa Subdivision", "name_1": null, "note": null, "note:old_railway_operator": null, "old_railway_operator": "AT&SF", "operator": "BNSF Railway", "operator:wikidata": "Q267122", "owner": null, "railway": "rail", "railway:atc": null, "railway:freight": null, "railway:ptc": "yes", "railway:ref": null, "railway:track_class": "4", "railway:track_ref": null, "ref": "7501", "reporting_marks": "BNSF", "service": "none", "source": null, "spur": null, "start_date": null, "tiger:cfcc": null, "tiger:county": null, "tiger:name_base": null, "tiger:name_base_1": null, "tiger:name_base_2": null, "tiger:reviewed": null, "tiger:zip_left": null, "tiger:zip_right": null, "tracks": null, "tunnel": null, "usage": "main", "maxspeed_mph": 55.0 }, "geometry": { "type": "LineString", "coordinates": [ [ -95.2704853, 29.50747 ], [ -95.2704626, 29.5073942 ], [ -95.2696832, 29.5047888 ], [ -95.2692952, 29.5034938 ], [ -95.2690126, 29.5025505 ], [ -95.2688268, 29.501932 ], [ -95.2687108, 29.5015605 ], [ -95.2686116, 29.501207 ], [ -95.2680747, 29.4994308 ], [ -95.267472, 29.4974144 ], [ -95.2669713, 29.4957334 ], [ -95.2665547, 29.4943485 ] ] } },
{ "type": "Feature", "properties": { "id": "way/1294849869", "@id": "way/1294849869", "access": null, "addr:city": null, "addr:state": null, "bridge": "yes", "bridge:movable": null, "covered": null, "crossing:barrier": null, "electrified": "no", "embankment": null, "fixme": null, "gauge": "1435", "highspeed": null, "layer": "1", "length": null, "maxspeed": "55 mph", "name": "BNSF Mykawa Subdivision", "name_1": null, "note": null, "note:old_railway_operator": null, "old_railway_operator": "AT&SF", "operator": "BNSF Railway", "operator:wikidata": "Q267122", "owner": null, "railway": "rail", "railway:atc": null, "railway:freight": null, "railway:ptc": "yes", "railway:ref": null, "railway:track_class": "4", "railway:track_ref": null, "ref": "7501", "reporting_marks": "BNSF", "service": "none", "source": null, "spur": null, "start_date": null, "tiger:cfcc": null, "tiger:county": null, "tiger:name_base": null, "tiger:name_base_1": null, "tiger:name_base_2": null, "tiger:reviewed": null, "tiger:zip_left": null, "tiger:zip_right": null, "tracks": null, "tunnel": null, "usage": "main", "maxspeed_mph": 55.0 }, "geometry": { "type": "LineString", "coordinates": [ [ -95.270561, 29.5077229 ], [ -95.2704853, 29.50747 ] ] } },
{ "type": "Feature", "properties": { "id": "way/1294849870", "@id": "way/1294849870", "access": null, "addr:city": null, "addr:state": null, "bridge": null, "bridge:movable": null, "covered": null, "crossing:barrier": null, "electrified": "no", "embankment": null, "fixme": null, "gauge": "1435", "highspeed": null, "layer": null, "length": null, "maxspeed": "55 mph", "name": "BNSF Mykawa Subdivision", "name_1": null, "note": null, "note:old_railway_operator": null, "old_railway_operator": "AT&SF", "operator": "BNSF Railway", "operator:wikidata": "Q267122", "owner": null, "railway": "rail", "railway:atc": null, "railway:freight": null, "railway:ptc": "yes", "railway:ref": null, "railway:track_class": "4", "railway:track_ref": null, "ref": "7501", "reporting_marks": "BNSF", "service": "none", "source": null, "spur": null, "start_date": null, "tiger:cfcc": null, "tiger:county": null, "tiger:name_base": null, "tiger:name_base_1": null, "tiger:name_base_2": null, "tiger:reviewed": null, "tiger:zip_left": null, "tiger:zip_right": null, "tracks": null, "tunnel": null, "usage": "main", "maxspeed_mph": 55.0 }, "geometry": { "type": "LineString", "coordinates": [ [ -95.2752677, 29.523435 ], [ -95.2751704, 29.5231127 ], [ -95.2749008, 29.5222133 ], [ -95.2742891, 29.5201652 ], [ -95.2735166, 29.5175893 ], [ -95.2730861, 29.5161574 ], [ -95.2725605, 29.5143948 ], [ -95.2720032, 29.5125393 ], [ -95.2713167, 29.5102466 ], [ -95.270561, 29.5077229 ] ] } },
{ "type": "Feature", "properties": { "id": "way/1294849871", "@id": "way/1294849871", "access": null, "addr:city": null, "addr:state": null, "bridge": "yes", "bridge:movable": null, "covered": null, "crossing:barrier": null, "electrified": "no", "embankment": null, "fixme": null, "gauge": "1435", "highspeed": null, "layer": "1", "length": null, "maxspeed": "55 mph", "name": "BNSF Mykawa Subdivision", "name_1": null, "note": null, "note:old_railway_operator": null, "old_railway_operator": "AT&SF", "operator": "BNSF Railway", "operator:wikidata": "Q267122", "owner": null, "railway": "rail", "railway:atc": null, "railway:freight": null, "railway:ptc": "yes", "railway:ref": null, "railway:track_class": "4", "railway:track_ref": null, "ref": "7501", "reporting_marks": "BNSF", "service": "none", "source": null, "spur": null, "start_date": null, "tiger:cfcc": null, "tiger:county": null, "tiger:name_base": null, "tiger:name_base_1": null, "tiger:name_base_2": null, "tiger:reviewed": null, "tiger:zip_left": null, "tiger:zip_right": null, "tracks": null, "tunnel": null, "usage": "main", "maxspeed_mph": 55.0 }, "geometry": { "type": "LineString", "coordinates": [ [ -95.2753026, 29.5235484 ], [ -95.2752677, 29.523435 ] ] } },
{ "type": "Feature", "properties": { "id": "way/1302759646", "@id": "way/1302759646", "access": null, "addr:city": null, "addr:state": null, "bridge": null, "bridge:movable": null, "covered": null, "crossing:barrier": null, "electrified": "no", "embankment": null, "fixme": null, "gauge": "1435", "highspeed": null, "layer": null, "length": null, "maxspeed": "79 mph", "name": "UP Houston Subdivision", "name_1": null, "note": null, "note:old_railway_operator": "T&NO", "old_railway_operator": "SP", "operator": "Union Pacific Railroad", "operator:wikidata": "Q725793", "owner": "Union Pacific Railroad", "railway": "rail", "railway:atc": "no", "railway:freight": null, "railway:ptc": "no", "railway:ref": null, "railway:track_class": "5", "railway:track_ref": null, "ref": null, "reporting_marks": "BNSF;UP", "service": "none", "source": "Texas Department of Transportation", "spur": null, "start_date": null, "tiger:cfcc": "A41:B11", "tiger:county": "Harris, TX", "tiger:name_base": "Southern Pacific Railroad", "tiger:name_base_1": "Amtrak Railroad", "tiger:name_base_2": null, "tiger:reviewed": null, "tiger:zip_left": null, "tiger:zip_right": null, "tracks": null, "tunnel": null, "usage": "main", "maxspeed_mph": 79.0 }, "geometry": { "type": "LineString", "coordinates": [ [ -95.133497, 29.865909 ], [ -95.136439, 29.864646 ], [ -95.1368203, 29.864488 ], [ -95.1369991, 29.8644113 ], [ -95.137394, 29.8642438 ] ] } },
{ "type": "Feature", "properties": { "id": "way/1302759647", "@id": "way/1302759647", "access": null, "addr:city": null, "addr:state": null, "bridge": "yes", "bridge:movable": null, "covered": null, "crossing:barrier": null, "electrified": "no", "embankment": null, "fixme": null, "gauge": "1435", "highspeed": null, "layer": "1", "length": null, "maxspeed": "79 mph", "name": "UP Houston Subdivision", "name_1": null, "note": null, "note:old_railway_operator": "T&NO", "old_railway_operator": "SP", "operator": "Union Pacific Railroad", "operator:wikidata": "Q725793", "owner": "Union Pacific Railroad", "railway": "rail", "railway:atc": "no", "railway:freight": null, "railway:ptc": "no", "railway:ref": null, "railway:track_class": "5", "railway:track_ref": null, "ref": null, "reporting_marks": "BNSF;UP", "service": "none", "source": "Texas Department of Transportation", "spur": null, "start_date": null, "tiger:cfcc": "A41:B11", "tiger:county": "Harris, TX", "tiger:name_base": "Southern Pacific Railroad", "tiger:name_base_1": "Amtrak Railroad", "tiger:name_base_2": null, "tiger:reviewed": null, "tiger:zip_left": null, "tiger:zip_right": null, "tracks": null, "tunnel": null, "usage": "main", "maxspeed_mph": 79.0 }, "geometry": { "type": "LineString", "coordinates": [ [ -95.1333823, 29.8659651 ], [ -95.133497, 29.865909 ] ] } },
{ "type": "Feature", "properties": { "id": "way/1318563294", "@id": "way/1318563294", "access": null, "addr:city": null, "addr:state": null, "bridge": null, "bridge:movable": null, "covered": null, "crossing:barrier": null, "electrified": "no", "embankment": null, "fixme": null, "gauge": "1435", "highspeed": null, "layer": null, "length": null, "maxspeed": "55 mph", "name": "BNSF Mykawa Subdivision", "name_1": null, "note": null, "note:old_railway_operator": null, "old_railway_operator": "AT&SF", "operator": "BNSF Railway", "operator:wikidata": "Q267122", "owner": null, "railway": "rail", "railway:atc": null, "railway:freight": null, "railway:ptc": "yes", "railway:ref": null, "railway:track_class": "4", "railway:track_ref": null, "ref": "7501", "reporting_marks": "BNSF", "service": "none", "source": null, "spur": null, "start_date": null, "tiger:cfcc": null, "tiger:county": null, "tiger:name_base": null, "tiger:name_base_1": null, "tiger:name_base_2": null, "tiger:reviewed": null, "tiger:zip_left": null, "tiger:zip_right": null, "tracks": null, "tunnel": null, "usage": "main", "maxspeed_mph": 55.0 }, "geometry": { "type": "LineString", "coordinates": [ [ -95.2970717, 29.5963227 ], [ -95.29706, 29.5962839 ], [ -95.2970502, 29.5962512 ], [ -95.295519, 29.5911482 ], [ -95.2954694, 29.590983 ], [ -95.2954335, 29.5908692 ], [ -95.2924507, 29.5808694 ] ] } },
{ "type": "Feature", "properties": { "id": "way/1318563295", "@id": "way/1318563295", "access": null, "addr:city": null, "addr:state": null, "bridge": "yes", "bridge:movable": null, "covered": null, "crossing:barrier": null, "electrified": "no", "embankment": null, "fixme": null, "gauge": "1435", "highspeed": null, "layer": "1", "length": null, "maxspeed": "55 mph", "name": "BNSF Mykawa Subdivision", "name_1": null, "note": null, "note:old_railway_operator": null, "old_railway_operator": "AT&SF", "operator": "BNSF Railway", "operator:wikidata": "Q267122", "owner": null, "railway": "rail", "railway:atc": null, "railway:freight": null, "railway:ptc": "yes", "railway:ref": null, "railway:track_class": "4", "railway:track_ref": null, "ref": "7501", "reporting_marks": "BNSF", "service": "none", "source": null, "spur": null, "start_date": null, "tiger:cfcc": null, "tiger:county": null, "tiger:name_base": null, "tiger:name_base_1": null, "tiger:name_base_2": null, "tiger:reviewed": null, "tiger:zip_left": null, "tiger:zip_right": null, "tracks": null, "tunnel": null, "usage": "main", "maxspeed_mph": 55.0 }, "geometry": { "type": "LineString", "coordinates": [ [ -95.2972061, 29.5967536 ], [ -95.2970717, 29.5963227 ] ] } },
{ "type": "Feature", "properties": { "id": "way/1322005774", "@id": "way/1322005774", "access": null, "addr:city": null, "addr:state": null, "bridge": null, "bridge:movable": null, "covered": null, "crossing:barrier": null, "electrified": "no", "embankment": null, "fixme": null, "gauge": "1435", "highspeed": null, "layer": null, "length": null, "maxspeed": "40 mph", "name": "UP Houston Subdivision", "name_1": null, "note": null, "note:old_railway_operator": null, "old_railway_operator": "SP", "operator": "Union Pacific Railroad", "operator:wikidata": "Q725793", "owner": "Union Pacific Railroad", "railway": "rail", "railway:atc": null, "railway:freight": null, "railway:ptc": "yes", "railway:ref": null, "railway:track_class": "4", "railway:track_ref": "1", "ref": null, "reporting_marks": null, "service": "none", "source": null, "spur": null, "start_date": null, "tiger:cfcc": null, "tiger:county": null, "tiger:name_base": null, "tiger:name_base_1": null, "tiger:name_base_2": null, "tiger:reviewed": null, "tiger:zip_left": null, "tiger:zip_right": null, "tracks": null, "tunnel": null, "usage": "main", "maxspeed_mph": 40.0 }, "geometry": { "type": "LineString", "coordinates": [ [ -95.4464588, 29.6609578 ], [ -95.4464083, 29.6581817 ], [ -95.4464082, 29.6579857 ], [ -95.4464094, 29.6578014 ], [ -95.4464264, 29.6575614 ], [ -95.4464592, 29.657289 ], [ -95.4465203, 29.6569661 ], [ -95.4466059, 29.6566322 ], [ -95.4466994, 29.6563699 ], [ -95.4468005, 29.6561111 ], [ -95.4469229, 29.6558494 ], [ -95.4470601, 29.6556057 ], [ -95.4471968, 29.6553838 ], [ -95.4473533, 29.6551582 ], [ -95.4475417, 29.6549095 ], [ -95.4477398, 29.6546886 ], [ -95.4479288, 29.6544935 ], [ -95.4481448, 29.6542908 ], [ -95.4483924, 29.6540892 ], [ -95.4486261, 29.6539195 ], [ -95.4488846, 29.6537574 ], [ -95.4491336, 29.6536233 ], [ -95.4493965, 29.653497 ], [ -95.4497791, 29.6533229 ], [ -95.4501439, 29.6531598 ] ] } },
{ "type": "Feature", "properties": { "id": "way/1322005782", "@id": "way/1322005782", "access": null, "addr:city": null, "addr:state": null, "bridge": null, "bridge:movable": null, "covered": null, "crossing:barrier": null, "electrified": "no", "embankment": null, "fixme": null, "gauge": "1435", "highspeed": null, "layer": null, "length": null, "maxspeed": "60 mph", "name": "UP Houston Subdivision", "name_1": null, "note": null, "note:old_railway_operator": "GH&SA", "old_railway_operator": "SP", "operator": "Union Pacific Railroad", "operator:wikidata": "Q725793", "owner": "Union Pacific Railroad", "railway": "rail", "railway:atc": null, "railway:freight": null, "railway:ptc": "yes", "railway:ref": null, "railway:track_class": "4", "railway:track_ref": "2", "ref": null, "reporting_marks": null, "service": "none", "source": null, "spur": null, "start_date": null, "tiger:cfcc": null, "tiger:county": null, "tiger:name_base": null, "tiger:name_base_1": null, "tiger:name_base_2": null, "tiger:reviewed": null, "tiger:zip_left": null, "tiger:zip_right": null, "tracks": null, "tunnel": null, "usage": "main", "maxspeed_mph": 60.0 }, "geometry": { "type": "LineString", "coordinates": [ [ -95.4464159, 29.6609646 ], [ -95.4464414, 29.6620621 ], [ -95.4464958, 29.6644005 ], [ -95.4464967, 29.6644442 ], [ -95.4464967, 29.6645439 ], [ -95.4464979, 29.664601 ], [ -95.4465736, 29.6683179 ], [ -95.4465965, 29.6694426 ] ] } },
{ "type": "Feature", "properties": { "id": "way/1322005783", "@id": "way/1322005783", "access": null, "addr:city": null, "addr:state": null, "bridge": null, "bridge:movable": null, "covered": null, "crossing:barrier": null, "electrified": "no", "embankment": null, "fixme": null, "gauge": "1435", "highspeed": null, "layer": null, "length": null, "maxspeed": "60 mph", "name": "UP Houston Subdivision", "name_1": null, "note": null, "note:old_railway_operator": null, "old_railway_operator": "SP", "operator": "Union Pacific Railroad", "operator:wikidata": "Q725793", "owner": "Union Pacific Railroad", "railway": "rail", "railway:atc": null, "railway:freight": null, "railway:ptc": "yes", "railway:ref": null, "railway:track_class": "4", "railway:track_ref": "1", "ref": null, "reporting_marks": null, "service": "none", "source": null, "spur": null, "start_date": null, "tiger:cfcc": null, "tiger:county": null, "tiger:name_base": null, "tiger:name_base_1": null, "tiger:name_base_2": null, "tiger:reviewed": null, "tiger:zip_left": null, "tiger:zip_right": null, "tracks": null, "tunnel": null, "usage": "main", "maxspeed_mph": 60.0 }, "geometry": { "type": "LineString", "coordinates": [ [ -95.4466391, 29.6689168 ], [ -95.4465455, 29.6646004 ], [ -95.4465443, 29.6645432 ], [ -95.446545, 29.6644432 ], [ -95.4465441, 29.6644002 ], [ -95.4464974, 29.6620573 ], [ -95.4464588, 29.6609578 ] ] } },
{ "type": "Feature", "properties": { "id": "way/1330191953", "@id": "way/1330191953", "access": null, "addr:city": null, "addr:state": null, "bridge": null, "bridge:movable": null, "covered": null, "crossing:barrier": null, "electrified": "no", "embankment": null, "fixme": null, "gauge": "1435", "highspeed": null, "layer": null, "length": null, "maxspeed": "79 mph", "name": "UP Houston Subdivision", "name_1": null, "note": null, "note:old_railway_operator": null, "old_railway_operator": "SP", "operator": "Union Pacific Railroad", "operator:wikidata": "Q725793", "owner": "Union Pacific Railroad", "railway": "rail", "railway:atc": null, "railway:freight": null, "railway:ptc": "yes", "railway:ref": null, "railway:track_class": "5", "railway:track_ref": null, "ref": null, "reporting_marks": "BNSF;UP", "service": "none", "source": "Texas Department of Transportation", "spur": null, "start_date": null, "tiger:cfcc": "B11", "tiger:county": "Harris, TX:Liberty, TX", "tiger:name_base": "Southern Pacific Railroad", "tiger:name_base_1": null, "tiger:name_base_2": null, "tiger:reviewed": null, "tiger:zip_left": null, "tiger:zip_right": null, "tracks": null, "tunnel": null, "usage": "main", "maxspeed_mph": 79.0 }, "geometry": { "type": "LineString", "coordinates": [ [ -94.8355189, 30.0601235 ], [ -94.8232227, 30.0592587 ], [ -94.8213336, 30.0591256 ] ] } },
{ "type": "Feature", "properties": { "id": "way/1330191954", "@id": "way/1330191954", "access": null, "addr:city": null, "addr:state": null, "bridge": "yes", "bridge:movable": null, "covered": null, "crossing:barrier": null, "electrified": "no", "embankment": null, "fixme": null, "gauge": "1435", "highspeed": null, "layer": "1", "length": null, "maxspeed": "79 mph", "name": "UP Houston Subdivision", "name_1": null, "note": null, "note:old_railway_operator": null, "old_railway_operator": "SP", "operator": "Union Pacific Railroad", "operator:wikidata": "Q725793", "owner": "Union Pacific Railroad", "railway": "rail", "railway:atc": null, "railway:freight": null, "railway:ptc": "yes", "railway:ref": null, "railway:track_class": "5", "railway:track_ref": null, "ref": null, "reporting_marks": "BNSF;UP", "service": "none", "source": "Texas Department of Transportation", "spur": null, "start_date": null, "tiger:cfcc": "B11", "tiger:county": "Harris, TX:Liberty, TX", "tiger:name_base": "Southern Pacific Railroad", "tiger:name_base_1": null, "tiger:name_base_2": null, "tiger:reviewed": null, "tiger:zip_left": null, "tiger:zip_right": null, "tracks": null, "tunnel": null, "usage": "main", "maxspeed_mph": 79.0 }, "geometry": { "type": "LineString", "coordinates": [ [ -94.836157, 30.0601686 ], [ -94.8355189, 30.0601235 ] ] } },
{ "type": "Feature", "properties": { "id": "way/1330191964", "@id": "way/1330191964", "access": null, "addr:city": null, "addr:state": null, "bridge": null, "bridge:movable": null, "covered": null, "crossing:barrier": null, "electrified": "no", "embankment": null, "fixme": null, "gauge": "1435", "highspeed": null, "layer": null, "length": null, "maxspeed": "79 mph", "name": "UP Houston Subdivision", "name_1": null, "note": null, "note:old_railway_operator": null, "old_railway_operator": "SP", "operator": "Union Pacific Railroad", "operator:wikidata": "Q725793", "owner": "Union Pacific Railroad", "railway": "rail", "railway:atc": null, "railway:freight": null, "railway:ptc": "yes", "railway:ref": null, "railway:track_class": "5", "railway:track_ref": null, "ref": null, "reporting_marks": "BNSF;UP", "service": "none", "source": "Texas Department of Transportation", "spur": null, "start_date": null, "tiger:cfcc": "B11", "tiger:county": "Harris, TX:Liberty, TX", "tiger:name_base": "Southern Pacific Railroad", "tiger:name_base_1": null, "tiger:name_base_2": null, "tiger:reviewed": null, "tiger:zip_left": null, "tiger:zip_right": null, "tracks": null, "tunnel": null, "usage": "main", "maxspeed_mph": 79.0 }, "geometry": { "type": "LineString", "coordinates": [ [ -94.8457099, 30.0608333 ], [ -94.836157, 30.0601686 ] ] } },
{ "type": "Feature", "properties": { "id": "way/1330191965", "@id": "way/1330191965", "access": null, "addr:city": null, "addr:state": null, "bridge": "yes", "bridge:movable": null, "covered": null, "crossing:barrier": null, "electrified": "no", "embankment": null, "fixme": null, "gauge": "1435", "highspeed": null, "layer": "1", "length": null, "maxspeed": "79 mph", "name": "UP Houston Subdivision", "name_1": null, "note": null, "note:old_railway_operator": null, "old_railway_operator": "SP", "operator": "Union Pacific Railroad", "operator:wikidata": "Q725793", "owner": "Union Pacific Railroad", "railway": "rail", "railway:atc": null, "railway:freight": null, "railway:ptc": "yes", "railway:ref": null, "railway:track_class": "5", "railway:track_ref": null, "ref": null, "reporting_marks": "BNSF;UP", "service": "none", "source": "Texas Department of Transportation", "spur": null, "start_date": null, "tiger:cfcc": "B11", "tiger:county": "Harris, TX:Liberty, TX", "tiger:name_base": "Southern Pacific Railroad", "tiger:name_base_1": null, "tiger:name_base_2": null, "tiger:reviewed": null, "tiger:zip_left": null, "tiger:zip_right": null, "tracks": null, "tunnel": null, "usage": "main", "maxspeed_mph": 79.0 }, "geometry": { "type": "LineString", "coordinates": [ [ -94.846505, 30.0608934 ], [ -94.8457099, 30.0608333 ] ] } },
{ "type": "Feature", "properties": { "id": "way/1331515152", "@id": "way/1331515152", "access": null, "addr:city": null, "addr:state": null, "bridge": null, "bridge:movable": null, "covered": null, "crossing:barrier": null, "electrified": "no", "embankment": null, "fixme": null, "gauge": "1435", "highspeed": null, "layer": null, "length": null, "maxspeed": "60 mph", "name": "UP Beaumont Subdivision", "name_1": null, "note": null, "note:old_railway_operator": null, "old_railway_operator": "MP", "operator": "Union Pacific Railroad", "operator:wikidata": "Q725793", "owner": null, "railway": "rail", "railway:atc": null, "railway:freight": null, "railway:ptc": "yes", "railway:ref": null, "railway:track_class": "4", "railway:track_ref": null, "ref": null, "reporting_marks": null, "service": "none", "source": "Texas Department of Transportation", "spur": null, "start_date": null, "tiger:cfcc": "B11", "tiger:county": "Harris, TX", "tiger:name_base": "Union Pacific Railroad", "tiger:name_base_1": null, "tiger:name_base_2": null, "tiger:reviewed": null, "tiger:zip_left": null, "tiger:zip_right": null, "tracks": null, "tunnel": null, "usage": "main", "maxspeed_mph": 60.0 }, "geometry": { "type": "LineString", "coordinates": [ [ -95.2889137, 29.8518029 ], [ -95.288096, 29.852586 ], [ -95.2870061, 29.8536615 ] ] } },
{ "type": "Feature", "properties": { "id": "way/1338890670", "@id": "way/1338890670", "access": null, "addr:city": null, "addr:state": null, "bridge": null, "bridge:movable": null, "covered": null, "crossing:barrier": null, "electrified": "no", "embankment": null, "fixme": null, "gauge": "1435", "highspeed": null, "layer": null, "length": null, "maxspeed": "55 mph", "name": "BNSF Galveston Subdivision", "name_1": null, "note": null, "note:old_railway_operator": null, "old_railway_operator": "AT&SF", "operator": "BNSF Railway", "operator:wikidata": "Q267122", "owner": null, "railway": "rail", "railway:atc": null, "railway:freight": null, "railway:ptc": "yes", "railway:ref": null, "railway:track_class": "4", "railway:track_ref": null, "ref": "7500", "reporting_marks": "BNSF", "service": "none", "source": null, "spur": null, "start_date": null, "tiger:cfcc": null, "tiger:county": null, "tiger:name_base": null, "tiger:name_base_1": null, "tiger:name_base_2": null, "tiger:reviewed": null, "tiger:zip_left": null, "tiger:zip_right": null, "tracks": null, "tunnel": null, "usage": "main", "maxspeed_mph": 55.0 }, "geometry": { "type": "LineString", "coordinates": [ [ -95.3804314, 29.4718214 ], [ -95.366913, 29.4672179 ] ] } },
{ "type": "Feature", "properties": { "id": "way/1338890671", "@id": "way/1338890671", "access": null, "addr:city": null, "addr:state": null, "bridge": "yes", "bridge:movable": null, "covered": null, "crossing:barrier": null, "electrified": "no", "embankment": null, "fixme": null, "gauge": "1435", "highspeed": null, "layer": "1", "length": null, "maxspeed": "55 mph", "name": "BNSF Galveston Subdivision", "name_1": null, "note": null, "note:old_railway_operator": null, "old_railway_operator": "AT&SF", "operator": "BNSF Railway", "operator:wikidata": "Q267122", "owner": null, "railway": "rail", "railway:atc": null, "railway:freight": null, "railway:ptc": "yes", "railway:ref": null, "railway:track_class": "4", "railway:track_ref": null, "ref": "7500", "reporting_marks": "BNSF", "service": "none", "source": null, "spur": null, "start_date": null, "tiger:cfcc": null, "tiger:county": null, "tiger:name_base": null, "tiger:name_base_1": null, "tiger:name_base_2": null, "tiger:reviewed": null, "tiger:zip_left": null, "tiger:zip_right": null, "tracks": null, "tunnel": null, "usage": "main", "maxspeed_mph": 55.0 }, "geometry": { "type": "LineString", "coordinates": [ [ -95.3806778, 29.4719129 ], [ -95.3804314, 29.4718214 ] ] } },
{ "type": "Feature", "properties": { "id": "way/1338890681", "@id": "way/1338890681", "access": null, "addr:city": null, "addr:state": null, "bridge": null, "bridge:movable": null, "covered": null, "crossing:barrier": null, "electrified": "no", "embankment": null, "fixme": null, "gauge": "1435", "highspeed": null, "layer": null, "length": null, "maxspeed": "55 mph", "name": "BNSF Galveston Subdivision", "name_1": null, "note": null, "note:old_railway_operator": null, "old_railway_operator": "AT&SF", "operator": "BNSF Railway", "operator:wikidata": "Q267122", "owner": null, "railway": "rail", "railway:atc": null, "railway:freight": null, "railway:ptc": "yes", "railway:ref": null, "railway:track_class": "4", "railway:track_ref": null, "ref": "7500", "reporting_marks": "BNSF", "service": "none", "source": null, "spur": null, "start_date": null, "tiger:cfcc": null, "tiger:county": null, "tiger:name_base": null, "tiger:name_base_1": null, "tiger:name_base_2": null, "tiger:reviewed": null, "tiger:zip_left": null, "tiger:zip_right": null, "tracks": null, "tunnel": null, "usage": "main", "maxspeed_mph": 55.0 }, "geometry": { "type": "LineString", "coordinates": [ [ -95.3902748, 29.475182 ], [ -95.3853041, 29.4734855 ], [ -95.3806778, 29.4719129 ] ] } },
{ "type": "Feature", "properties": { "id": "way/1338890682", "@id": "way/1338890682", "access": null, "addr:city": null, "addr:state": null, "bridge": "yes", "bridge:movable": null, "covered": null, "crossing:barrier": null, "electrified": "no", "embankment": null, "fixme": null, "gauge": "1435", "highspeed": null, "layer": "1", "length": null, "maxspeed": "55 mph", "name": "BNSF Galveston Subdivision", "name_1": null, "note": null, "note:old_railway_operator": null, "old_railway_operator": "AT&SF", "operator": "BNSF Railway", "operator:wikidata": "Q267122", "owner": null, "railway": "rail", "railway:atc": null, "railway:freight": null, "railway:ptc": "yes", "railway:ref": null, "railway:track_class": "4", "railway:track_ref": null, "ref": "7500", "reporting_marks": "BNSF", "service": "none", "source": null, "spur": null, "start_date": null, "tiger:cfcc": null, "tiger:county": null, "tiger:name_base": null, "tiger:name_base_1": null, "tiger:name_base_2": null, "tiger:reviewed": null, "tiger:zip_left": null, "tiger:zip_right": null, "tracks": null, "tunnel": null, "usage": "main", "maxspeed_mph": 55.0 }, "geometry": { "type": "LineString", "coordinates": [ [ -95.3904414, 29.4752424 ], [ -95.3902748, 29.475182 ] ] } },
{ "type": "Feature", "properties": { "id": "way/1338890696", "@id": "way/1338890696", "access": null, "addr:city": null, "addr:state": null, "bridge": null, "bridge:movable": null, "covered": null, "crossing:barrier": null, "electrified": "no", "embankment": null, "fixme": null, "gauge": "1435", "highspeed": null, "layer": null, "length": null, "maxspeed": "55 mph", "name": "BNSF Galveston Subdivision", "name_1": null, "note": null, "note:old_railway_operator": null, "old_railway_operator": "AT&SF", "operator": "BNSF Railway", "operator:wikidata": "Q267122", "owner": null, "railway": "rail", "railway:atc": null, "railway:freight": null, "railway:ptc": "yes", "railway:ref": null, "railway:track_class": "4", "railway:track_ref": null, "ref": "7500", "reporting_marks": "BNSF", "service": "none", "source": null, "spur": null, "start_date": null, "tiger:cfcc": null, "tiger:county": null, "tiger:name_base": null, "tiger:name_base_1": null, "tiger:name_base_2": null, "tiger:reviewed": null, "tiger:zip_left": null, "tiger:zip_right": null, "tracks": null, "tunnel": null, "usage": "main", "maxspeed_mph": 55.0 }, "geometry": { "type": "LineString", "coordinates": [ [ -95.42091, 29.4856249 ], [ -95.415299, 29.483722 ], [ -95.3904414, 29.4752424 ] ] } },
{ "type": "Feature", "properties": { "id": "way/1338890697", "@id": "way/1338890697", "access": null, "addr:city": null, "addr:state": null, "bridge": "yes", "bridge:movable": null, "covered": null, "crossing:barrier": null, "electrified": "no", "embankment": null, "fixme": null, "gauge": "1435", "highspeed": null, "layer": "1", "length": null, "maxspeed": "55 mph", "name": "BNSF Galveston Subdivision", "name_1": null, "note": null, "note:old_railway_operator": null, "old_railway_operator": "AT&SF", "operator": "BNSF Railway", "operator:wikidata": "Q267122", "owner": null, "railway": "rail", "railway:atc": null, "railway:freight": null, "railway:ptc": "yes", "railway:ref": null, "railway:track_class": "4", "railway:track_ref": null, "ref": "7500", "reporting_marks": "BNSF", "service": "none", "source": null, "spur": null, "start_date": null, "tiger:cfcc": null, "tiger:county": null, "tiger:name_base": null, "tiger:name_base_1": null, "tiger:name_base_2": null, "tiger:reviewed": null, "tiger:zip_left": null, "tiger:zip_right": null, "tracks": null, "tunnel": null, "usage": "main", "maxspeed_mph": 55.0 }, "geometry": { "type": "LineString", "coordinates": [ [ -95.421043, 29.4856691 ], [ -95.42091, 29.4856249 ] ] } },
{ "type": "Feature", "properties": { "id": "way/1338890700", "@id": "way/1338890700", "access": null, "addr:city": null, "addr:state": null, "bridge": null, "bridge:movable": null, "covered": null, "crossing:barrier": null, "electrified": "no", "embankment": null, "fixme": null, "gauge": "1435", "highspeed": null, "layer": null, "length": null, "maxspeed": "55 mph", "name": "BNSF Galveston Subdivision", "name_1": null, "note": null, "note:old_railway_operator": null, "old_railway_operator": "AT&SF", "operator": "BNSF Railway", "operator:wikidata": "Q267122", "owner": null, "railway": "rail", "railway:atc": null, "railway:freight": null, "railway:ptc": "yes", "railway:ref": null, "railway:track_class": "4", "railway:track_ref": null, "ref": "7500", "reporting_marks": "BNSF", "service": "none", "source": null, "spur": null, "start_date": null, "tiger:cfcc": null, "tiger:county": null, "tiger:name_base": null, "tiger:name_base_1": null, "tiger:name_base_2": null, "tiger:reviewed": null, "tiger:zip_left": null, "tiger:zip_right": null, "tracks": null, "tunnel": null, "usage": "main", "maxspeed_mph": 55.0 }, "geometry": { "type": "LineString", "coordinates": [ [ -95.4318657, 29.489351 ], [ -95.421043, 29.4856691 ] ] } },
{ "type": "Feature", "properties": { "id": "way/1338890701", "@id": "way/1338890701", "access": null, "addr:city": null, "addr:state": null, "bridge": "yes", "bridge:movable": null, "covered": null, "crossing:barrier": null, "electrified": "no", "embankment": null, "fixme": null, "gauge": "1435", "highspeed": null, "layer": "1", "length": null, "maxspeed": "55 mph", "name": "BNSF Galveston Subdivision", "name_1": null, "note": null, "note:old_railway_operator": null, "old_railway_operator": "AT&SF", "operator": "BNSF Railway", "operator:wikidata": "Q267122", "owner": null, "railway": "rail", "railway:atc": null, "railway:freight": null, "railway:ptc": "yes", "railway:ref": null, "railway:track_class": "4", "railway:track_ref": null, "ref": "7500", "reporting_marks": "BNSF", "service": "none", "source": null, "spur": null, "start_date": null, "tiger:cfcc": null, "tiger:county": null, "tiger:name_base": null, "tiger:name_base_1": null, "tiger:name_base_2": null, "tiger:reviewed": null, "tiger:zip_left": null, "tiger:zip_right": null, "tracks": null, "tunnel": null, "usage": "main", "maxspeed_mph": 55.0 }, "geometry": { "type": "LineString", "coordinates": [ [ -95.431961, 29.489383 ], [ -95.4318657, 29.489351 ] ] } },
{ "type": "Feature", "properties": { "id": "way/1342279290", "@id": "way/1342279290", "access": null, "addr:city": null, "addr:state": null, "bridge": null, "bridge:movable": null, "covered": null, "crossing:barrier": null, "electrified": "no", "embankment": null, "fixme": null, "gauge": "1435", "highspeed": null, "layer": null, "length": null, "maxspeed": "55 mph", "name": "BNSF Mykawa Subdivision", "name_1": null, "note": null, "note:old_railway_operator": null, "old_railway_operator": "AT&SF", "operator": "BNSF Railway", "operator:wikidata": "Q267122", "owner": null, "railway": "rail", "railway:atc": null, "railway:freight": null, "railway:ptc": "yes", "railway:ref": null, "railway:track_class": "4", "railway:track_ref": null, "ref": "7501", "reporting_marks": "BNSF", "service": "none", "source": null, "spur": null, "start_date": null, "tiger:cfcc": null, "tiger:county": null, "tiger:name_base": null, "tiger:name_base_1": null, "tiger:name_base_2": null, "tiger:reviewed": null, "tiger:zip_left": null, "tiger:zip_right": null, "tracks": null, "tunnel": null, "usage": "main", "maxspeed_mph": 55.0 }, "geometry": { "type": "LineString", "coordinates": [ [ -95.2665193, 29.4942368 ], [ -95.2664729, 29.4940637 ], [ -95.2650524, 29.48934 ], [ -95.2644384, 29.4872942 ], [ -95.2640624, 29.4860368 ], [ -95.2638405, 29.4853054 ] ] } },
{ "type": "Feature", "properties": { "id": "way/1342279291", "@id": "way/1342279291", "access": null, "addr:city": null, "addr:state": null, "bridge": "yes", "bridge:movable": null, "covered": null, "crossing:barrier": null, "electrified": "no", "embankment": null, "fixme": null, "gauge": "1435", "highspeed": null, "layer": "1", "length": null, "maxspeed": "55 mph", "name": "BNSF Mykawa Subdivision", "name_1": null, "note": null, "note:old_railway_operator": null, "old_railway_operator": "AT&SF", "operator": "BNSF Railway", "operator:wikidata": "Q267122", "owner": null, "railway": "rail", "railway:atc": null, "railway:freight": null, "railway:ptc": "yes", "railway:ref": null, "railway:track_class": "4", "railway:track_ref": null, "ref": "7501", "reporting_marks": "BNSF", "service": "none", "source": null, "spur": null, "start_date": null, "tiger:cfcc": null, "tiger:county": null, "tiger:name_base": null, "tiger:name_base_1": null, "tiger:name_base_2": null, "tiger:reviewed": null, "tiger:zip_left": null, "tiger:zip_right": null, "tracks": null, "tunnel": null, "usage": "main", "maxspeed_mph": 55.0 }, "geometry": { "type": "LineString", "coordinates": [ [ -95.2665547, 29.4943485 ], [ -95.2665193, 29.4942368 ] ] } },
{ "type": "Feature", "properties": { "id": "way/1359151661", "@id": "way/1359151661", "access": null, "addr:city": null, "addr:state": null, "bridge": null, "bridge:movable": null, "covered": null, "crossing:barrier": null, "electrified": "no", "embankment": null, "fixme": null, "gauge": "1435", "highspeed": null, "layer": null, "length": null, "maxspeed": "79 mph", "name": "UP Houston Subdivision", "name_1": null, "note": null, "note:old_railway_operator": null, "old_railway_operator": "SP", "operator": "Union Pacific Railroad", "operator:wikidata": "Q725793", "owner": "Union Pacific Railroad", "railway": "rail", "railway:atc": null, "railway:freight": null, "railway:ptc": "yes", "railway:ref": null, "railway:track_class": "5", "railway:track_ref": null, "ref": null, "reporting_marks": "BNSF;UP", "service": "none", "source": "Texas Department of Transportation", "spur": null, "start_date": null, "tiger:cfcc": "B11:B21", "tiger:county": "Jefferson, TX:Liberty, TX", "tiger:name_base": "Railroad:Southern Pacific Railroad", "tiger:name_base_1": null, "tiger:name_base_2": null, "tiger:reviewed": null, "tiger:zip_left": null, "tiger:zip_right": null, "tracks": null, "tunnel": null, "usage": "main", "maxspeed_mph": 79.0 }, "geometry": { "type": "LineString", "coordinates": [ [ -94.7645247, 30.0571669 ], [ -94.7646504, 30.0571867 ], [ -94.7679718, 30.0577056 ], [ -94.7714094, 30.058242 ], [ -94.7715317, 30.0582611 ], [ -94.7726551, 30.058436 ], [ -94.7729854, 30.0584857 ], [ -94.7750634, 30.0587751 ], [ -94.7761095, 30.058868 ], [ -94.7770912, 30.058919 ], [ -94.778164, 30.0589748 ], [ -94.7798431, 30.058984 ], [ -94.7811359, 30.0589562 ], [ -94.7825324, 30.0588561 ], [ -94.7828306, 30.0588255 ], [ -94.7836215, 30.058752 ], [ -94.7844483, 30.0586473 ], [ -94.7852067, 30.0585311 ], [ -94.7860221, 30.0584127 ], [ -94.7868534, 30.0582943 ], [ -94.7878464, 30.0581644 ], [ -94.7884112, 30.0580961 ], [ -94.7891036, 30.0580209 ], [ -94.7905408, 30.0578957 ], [ -94.7919437, 30.0578251 ], [ -94.7933378, 30.0577714 ], [ -94.7942395, 30.0577431 ], [ -94.7946176, 30.0577317 ], [ -94.7954808, 30.0576998 ], [ -94.7958487, 30.0576857 ], [ -94.7970637, 30.0576427 ], [ -94.7983043, 30.0575987 ], [ -94.7989017, 30.0576019 ], [ -94.7995254, 30.0576113 ], [ -94.8007602, 30.0576994 ], [ -94.8008545, 30.0577051 ], [ -94.8018216, 30.0577636 ], [ -94.8020436, 30.0577774 ], [ -94.8026802, 30.0578251 ], [ -94.8041922, 30.0579301 ], [ -94.8051924, 30.0580096 ], [ -94.8057843, 30.0580444 ], [ -94.8061103, 30.0580642 ], [ -94.8070851, 30.0581371 ], [ -94.8088271, 30.0582505 ], [ -94.8104793, 30.0583712 ], [ -94.8107113, 30.0583838 ], [ -94.8120296, 30.0584826 ], [ -94.8126719, 30.0585266 ], [ -94.8131867, 30.0585562 ], [ -94.8148038, 30.0586746 ], [ -94.8164009, 30.0587886 ] ] } },
{ "type": "Feature", "properties": { "id": "way/1359151662", "@id": "way/1359151662", "access": null, "addr:city": null, "addr:state": null, "bridge": "yes", "bridge:movable": null, "covered": null, "crossing:barrier": null, "electrified": "no", "embankment": null, "fixme": null, "gauge": "1435", "highspeed": null, "layer": "1", "length": null, "maxspeed": "79 mph", "name": "UP Houston Subdivision", "name_1": null, "note": null, "note:old_railway_operator": null, "old_railway_operator": "SP", "operator": "Union Pacific Railroad", "operator:wikidata": "Q725793", "owner": "Union Pacific Railroad", "railway": "rail", "railway:atc": null, "railway:freight": null, "railway:ptc": "yes", "railway:ref": null, "railway:track_class": "5", "railway:track_ref": null, "ref": null, "reporting_marks": "BNSF;UP", "service": "none", "source": "Texas Department of Transportation", "spur": null, "start_date": null, "tiger:cfcc": "B11:B21", "tiger:county": "Jefferson, TX:Liberty, TX", "tiger:name_base": "Railroad:Southern Pacific Railroad", "tiger:name_base_1": null, "tiger:name_base_2": null, "tiger:reviewed": null, "tiger:zip_left": null, "tiger:zip_right": null, "tracks": null, "tunnel": null, "usage": "main", "maxspeed_mph": 79.0 }, "geometry": { "type": "LineString", "coordinates": [ [ -94.7643202, 30.0571385 ], [ -94.7645247, 30.0571669 ] ] } },
{ "type": "Feature", "properties": { "id": "way/1375951962", "@id": "way/1375951962", "access": null, "addr:city": null, "addr:state": null, "bridge": null, "bridge:movable": null, "covered": null, "crossing:barrier": null, "electrified": "no", "embankment": null, "fixme": null, "gauge": "1435", "highspeed": null, "layer": null, "length": null, "maxspeed": "60 mph", "name": "UP Navasota Subdivision", "name_1": null, "note": null, "note:old_railway_operator": null, "old_railway_operator": "MP", "operator": "Union Pacific Railroad", "operator:wikidata": "Q725793", "owner": null, "railway": "rail", "railway:atc": null, "railway:freight": null, "railway:ptc": "yes", "railway:ref": null, "railway:track_class": "4", "railway:track_ref": null, "ref": null, "reporting_marks": null, "service": "none", "source": "Union Pacific", "spur": null, "start_date": null, "tiger:cfcc": "B11", "tiger:county": "Grimes, TX:Harris, TX:Montgomery, TX:Waller, TX", "tiger:name_base": "Railroad:Union Pacific Railroad", "tiger:name_base_1": null, "tiger:name_base_2": null, "tiger:reviewed": null, "tiger:zip_left": null, "tiger:zip_right": null, "tracks": null, "tunnel": null, "usage": "main", "maxspeed_mph": 60.0 }, "geometry": { "type": "LineString", "coordinates": [ [ -95.7418718, 30.2046878 ], [ -95.7395046, 30.2033403 ], [ -95.7390677, 30.2030934 ], [ -95.7340419, 30.2002386 ], [ -95.7319071, 30.1990209 ], [ -95.731725, 30.198917 ], [ -95.7309888, 30.1985083 ], [ -95.730299, 30.198147 ], [ -95.729587, 30.197735 ], [ -95.7276775, 30.196634 ], [ -95.724762, 30.194998 ], [ -95.724386, 30.194778 ], [ -95.717987, 30.191172 ], [ -95.7147793, 30.1893119 ], [ -95.7086184, 30.1858425 ], [ -95.70154, 30.1818221 ], [ -95.6972059, 30.1793904 ], [ -95.695559, 30.178453 ], [ -95.6925378, 30.1767267 ], [ -95.6916594, 30.1762266 ], [ -95.6868635, 30.1735177 ], [ -95.6853984, 30.1726778 ], [ -95.6833424, 30.1715502 ], [ -95.6807472, 30.1700718 ], [ -95.6759891, 30.1673744 ], [ -95.6741492, 30.1663271 ], [ -95.671046, 30.1645671 ], [ -95.6633777, 30.1602424 ], [ -95.6585081, 30.1574705 ], [ -95.6570295, 30.1566286 ], [ -95.656104, 30.1561119 ], [ -95.6523618, 30.1539959 ], [ -95.6491834, 30.152207 ], [ -95.645126, 30.1499114 ], [ -95.6401951, 30.1471152 ], [ -95.6400117, 30.1470112 ], [ -95.6374743, 30.1455792 ] ] } },
{ "type": "Feature", "properties": { "id": "way/1486967758", "@id": "way/1486967758", "access": null, "addr:city": null, "addr:state": null, "bridge": null, "bridge:movable": null, "covered": null, "crossing:barrier": null, "electrified": "no", "embankment": null, "fixme": null, "gauge": "1435", "highspeed": null, "layer": null, "length": null, "maxspeed": "60 mph", "name": "UP Beaumont Subdivision", "name_1": null, "note": null, "note:old_railway_operator": null, "old_railway_operator": "MP", "operator": "Union Pacific Railroad", "operator:wikidata": "Q725793", "owner": null, "railway": "rail", "railway:atc": null, "railway:freight": null, "railway:ptc": "yes", "railway:ref": null, "railway:track_class": "4", "railway:track_ref": null, "ref": null, "reporting_marks": null, "service": "none", "source": "Texas Department of Transportation", "spur": null, "start_date": null, "tiger:cfcc": "B11:B13", "tiger:county": "Hardin, TX:Harris, TX:Jefferson, TX:Liberty, TX", "tiger:name_base": "Missouri Pacific Railroad:Railroad:Union Pacific Railroad", "tiger:name_base_1": null, "tiger:name_base_2": null, "tiger:reviewed": null, "tiger:zip_left": null, "tiger:zip_right": null, "tracks": null, "tunnel": null, "usage": "main", "maxspeed_mph": 60.0 }, "geometry": { "type": "LineString", "coordinates": [ [ -94.6060005, 30.1391261 ], [ -94.603328, 30.1388534 ], [ -94.5985842, 30.1384042 ], [ -94.5963802, 30.1382096 ], [ -94.5944538, 30.1380183 ], [ -94.5924796, 30.1378417 ] ] } },
{ "type": "Feature", "properties": { "id": "way/1486967759", "@id": "way/1486967759", "access": null, "addr:city": null, "addr:state": null, "bridge": "yes", "bridge:movable": null, "covered": null, "crossing:barrier": null, "electrified": "no", "embankment": null, "fixme": null, "gauge": "1435", "highspeed": null, "layer": "1", "length": null, "maxspeed": "60 mph", "name": "UP Beaumont Subdivision", "name_1": null, "note": null, "note:old_railway_operator": null, "old_railway_operator": "MP", "operator": "Union Pacific Railroad", "operator:wikidata": "Q725793", "owner": null, "railway": "rail", "railway:atc": null, "railway:freight": null, "railway:ptc": "yes", "railway:ref": null, "railway:track_class": "4", "railway:track_ref": null, "ref": null, "reporting_marks": null, "service": "none", "source": "Texas Department of Transportation", "spur": null, "start_date": null, "tiger:cfcc": "B11:B13", "tiger:county": "Hardin, TX:Harris, TX:Jefferson, TX:Liberty, TX", "tiger:name_base": "Missouri Pacific Railroad:Railroad:Union Pacific Railroad", "tiger:name_base_1": null, "tiger:name_base_2": null, "tiger:reviewed": null, "tiger:zip_left": null, "tiger:zip_right": null, "tracks": null, "tunnel": null, "usage": "main", "maxspeed_mph": 60.0 }, "geometry": { "type": "LineString", "coordinates": [ [ -94.5886532, 30.1374785 ], [ -94.5882936, 30.1374442 ] ] } },
{ "type": "Feature", "properties": { "id": "way/1486967760", "@id": "way/1486967760", "access": null, "addr:city": null, "addr:state": null, "bridge": null, "bridge:movable": null, "covered": null, "crossing:barrier": null, "electrified": "no", "embankment": null, "fixme": null, "gauge": "1435", "highspeed": null, "layer": null, "length": null, "maxspeed": "60 mph", "name": "UP Beaumont Subdivision", "name_1": null, "note": null, "note:old_railway_operator": null, "old_railway_operator": "MP", "operator": "Union Pacific Railroad", "operator:wikidata": "Q725793", "owner": null, "railway": "rail", "railway:atc": null, "railway:freight": null, "railway:ptc": "yes", "railway:ref": null, "railway:track_class": "4", "railway:track_ref": null, "ref": null, "reporting_marks": null, "service": "none", "source": "Texas Department of Transportation", "spur": null, "start_date": null, "tiger:cfcc": "B11:B13", "tiger:county": "Hardin, TX:Harris, TX:Jefferson, TX:Liberty, TX", "tiger:name_base": "Missouri Pacific Railroad:Railroad:Union Pacific Railroad", "tiger:name_base_1": null, "tiger:name_base_2": null, "tiger:reviewed": null, "tiger:zip_left": null, "tiger:zip_right": null, "tracks": null, "tunnel": null, "usage": "main", "maxspeed_mph": 60.0 }, "geometry": { "type": "LineString", "coordinates": [ [ -94.5923429, 30.1378295 ], [ -94.5922785, 30.1378237 ], [ -94.5895962, 30.1375685 ], [ -94.5886532, 30.1374785 ] ] } },
{ "type": "Feature", "properties": { "id": "way/1486967761", "@id": "way/1486967761", "access": null, "addr:city": null, "addr:state": null, "bridge": "yes", "bridge:movable": null, "covered": null, "crossing:barrier": null, "electrified": "no", "embankment": null, "fixme": null, "gauge": "1435", "highspeed": null, "layer": "1", "length": null, "maxspeed": "60 mph", "name": "UP Beaumont Subdivision", "name_1": null, "note": null, "note:old_railway_operator": null, "old_railway_operator": "MP", "operator": "Union Pacific Railroad", "operator:wikidata": "Q725793", "owner": null, "railway": "rail", "railway:atc": null, "railway:freight": null, "railway:ptc": "yes", "railway:ref": null, "railway:track_class": "4", "railway:track_ref": null, "ref": null, "reporting_marks": null, "service": "none", "source": "Texas Department of Transportation", "spur": null, "start_date": null, "tiger:cfcc": "B11:B13", "tiger:county": "Hardin, TX:Harris, TX:Jefferson, TX:Liberty, TX", "tiger:name_base": "Missouri Pacific Railroad:Railroad:Union Pacific Railroad", "tiger:name_base_1": null, "tiger:name_base_2": null, "tiger:reviewed": null, "tiger:zip_left": null, "tiger:zip_right": null, "tracks": null, "tunnel": null, "usage": "main", "maxspeed_mph": 60.0 }, "geometry": { "type": "LineString", "coordinates": [ [ -94.5924796, 30.1378417 ], [ -94.5923429, 30.1378295 ] ] } },
{ "type": "Feature", "properties": { "id": "way/1487414975", "@id": "way/1487414975", "access": null, "addr:city": null, "addr:state": null, "bridge": null, "bridge:movable": null, "covered": null, "crossing:barrier": null, "electrified": "no", "embankment": null, "fixme": null, "gauge": "1435", "highspeed": null, "layer": null, "length": null, "maxspeed": "79 mph", "name": "UP Houston Subdivision", "name_1": null, "note": null, "note:old_railway_operator": null, "old_railway_operator": "SP", "operator": "Union Pacific Railroad", "operator:wikidata": "Q725793", "owner": "Union Pacific Railroad", "railway": "rail", "railway:atc": null, "railway:freight": null, "railway:ptc": "yes", "railway:ref": null, "railway:track_class": "5", "railway:track_ref": null, "ref": null, "reporting_marks": "BNSF;UP", "service": "none", "source": "Texas Department of Transportation", "spur": null, "start_date": null, "tiger:cfcc": "B11:B21", "tiger:county": "Jefferson, TX:Liberty, TX", "tiger:name_base": "Railroad:Southern Pacific Railroad", "tiger:name_base_1": null, "tiger:name_base_2": null, "tiger:reviewed": null, "tiger:zip_left": null, "tiger:zip_right": null, "tracks": null, "tunnel": null, "usage": "main", "maxspeed_mph": 79.0 }, "geometry": { "type": "LineString", "coordinates": [ [ -94.6854084, 30.04474 ], [ -94.6870655, 30.0450031 ], [ -94.6904301, 30.0455222 ], [ -94.6950071, 30.046245 ], [ -94.6978748, 30.0467027 ], [ -94.7038239, 30.0476453 ], [ -94.7040435, 30.0476786 ], [ -94.7056317, 30.0479193 ], [ -94.7147191, 30.0493541 ], [ -94.7191662, 30.0500578 ], [ -94.7222093, 30.0505285 ], [ -94.7247237, 30.0509282 ], [ -94.7335652, 30.05233 ], [ -94.7379112, 30.0529945 ], [ -94.7434633, 30.0538584 ], [ -94.7500501, 30.0549032 ], [ -94.751736, 30.0551674 ], [ -94.7530287, 30.0553782 ], [ -94.7539628, 30.0555228 ], [ -94.7643202, 30.0571385 ] ] } },
{ "type": "Feature", "properties": { "id": "way/1487414976", "@id": "way/1487414976", "access": null, "addr:city": null, "addr:state": null, "bridge": "yes", "bridge:movable": null, "covered": null, "crossing:barrier": null, "electrified": "no", "embankment": null, "fixme": null, "gauge": "1435", "highspeed": null, "layer": "1", "length": null, "maxspeed": "79 mph", "name": "UP Houston Subdivision", "name_1": null, "note": null, "note:old_railway_operator": null, "old_railway_operator": "SP", "operator": "Union Pacific Railroad", "operator:wikidata": "Q725793", "owner": "Union Pacific Railroad", "railway": "rail", "railway:atc": null, "railway:freight": null, "railway:ptc": "yes", "railway:ref": null, "railway:track_class": "5", "railway:track_ref": null, "ref": null, "reporting_marks": "BNSF;UP", "service": "none", "source": "Texas Department of Transportation", "spur": null, "start_date": null, "tiger:cfcc": "B11:B21", "tiger:county": "Jefferson, TX:Liberty, TX", "tiger:name_base": "Railroad:Southern Pacific Railroad", "tiger:name_base_1": null, "tiger:name_base_2": null, "tiger:reviewed": null, "tiger:zip_left": null, "tiger:zip_right": null, "tracks": null, "tunnel": null, "usage": "main", "maxspeed_mph": 79.0 }, "geometry": { "type": "LineString", "coordinates": [ [ -94.6853106, 30.0447245 ], [ -94.6854084, 30.04474 ] ] } },
{ "type": "Feature", "properties": { "id": "way/1488419651", "@id": "way/1488419651", "access": null, "addr:city": null, "addr:state": null, "bridge": null, "bridge:movable": null, "covered": null, "crossing:barrier": null, "electrified": "no", "embankment": null, "fixme": null, "gauge": "1435", "highspeed": null, "layer": null, "length": null, "maxspeed": "79 mph", "name": "UP Houston Subdivision", "name_1": null, "note": null, "note:old_railway_operator": null, "old_railway_operator": "SP", "operator": "Union Pacific Railroad", "operator:wikidata": "Q725793", "owner": "Union Pacific Railroad", "railway": "rail", "railway:atc": null, "railway:freight": null, "railway:ptc": "yes", "railway:ref": null, "railway:track_class": "5", "railway:track_ref": null, "ref": null, "reporting_marks": "BNSF;UP", "service": "none", "source": "Texas Department of Transportation", "spur": null, "start_date": null, "tiger:cfcc": "B11:B21", "tiger:county": "Jefferson, TX:Liberty, TX", "tiger:name_base": "Railroad:Southern Pacific Railroad", "tiger:name_base_1": null, "tiger:name_base_2": null, "tiger:reviewed": null, "tiger:zip_left": null, "tiger:zip_right": null, "tracks": null, "tunnel": null, "usage": "main", "maxspeed_mph": 79.0 }, "geometry": { "type": "LineString", "coordinates": [ [ -94.5950283, 30.0304552 ], [ -94.5976889, 30.0308855 ], [ -94.601267, 30.0314521 ], [ -94.6045607, 30.0319769 ], [ -94.6079403, 30.032511 ], [ -94.6202892, 30.0344708 ], [ -94.6253924, 30.0352577 ], [ -94.630782, 30.0361288 ], [ -94.6379943, 30.0372471 ], [ -94.6381796, 30.0372758 ], [ -94.6417523, 30.037847 ], [ -94.6541738, 30.0398264 ], [ -94.6543425, 30.0398532 ], [ -94.668525, 30.0420727 ], [ -94.669862, 30.0422816 ], [ -94.6701354, 30.0423191 ], [ -94.6802259, 30.0439211 ], [ -94.6846086, 30.044613 ], [ -94.6853106, 30.0447245 ] ] } },
{ "type": "Feature", "properties": { "id": "way/1488419652", "@id": "way/1488419652", "access": null, "addr:city": null, "addr:state": null, "bridge": "yes", "bridge:movable": null, "covered": null, "crossing:barrier": null, "electrified": "no", "embankment": null, "fixme": null, "gauge": "1435", "highspeed": null, "layer": "1", "length": null, "maxspeed": "79 mph", "name": "UP Houston Subdivision", "name_1": null, "note": null, "note:old_railway_operator": null, "old_railway_operator": "SP", "operator": "Union Pacific Railroad", "operator:wikidata": "Q725793", "owner": "Union Pacific Railroad", "railway": "rail", "railway:atc": null, "railway:freight": null, "railway:ptc": "yes", "railway:ref": null, "railway:track_class": "5", "railway:track_ref": null, "ref": null, "reporting_marks": "BNSF;UP", "service": "none", "source": "Texas Department of Transportation", "spur": null, "start_date": null, "tiger:cfcc": "B11:B21", "tiger:county": "Jefferson, TX:Liberty, TX", "tiger:name_base": "Railroad:Southern Pacific Railroad", "tiger:name_base_1": null, "tiger:name_base_2": null, "tiger:reviewed": null, "tiger:zip_left": null, "tiger:zip_right": null, "tracks": null, "tunnel": null, "usage": "main", "maxspeed_mph": 79.0 }, "geometry": { "type": "LineString", "coordinates": [ [ -94.59476, 30.0304118 ], [ -94.5950283, 30.0304552 ] ] } }
]
}
